RW: 0, 0, 0, 0
LW: 0, 0, 0, 0
RW: 0, 0, 0, 0
LW: 0, 0, 0, 0
RW: 0, 0, 0, 0
LW: 0, 0, 0, 0
RW: 0, 0, 0, 0
LW: 0, 0, 0, 0
RW: 0, 0, 0, 0
LW: 0, 0, 0, 0
RW: 0, 0, 0, 0
LW: 0, 0, 0, 0
RW: 0, 0, 0, 0
LW: 0, 0, 0, 0
RW: 2, 50, 0, -6769
LW: 2, 50, 0, -6769
RW: 2, 50, 0, -6769
LW: 2, 50, 0, -6769
RW: 2, 50, 0, -6769
LW: 2, 50, 0, -6769
RW: 2, 50, 0, -6769
LW: 2, 50, 0, -6769
RW: 2, 50, 0, -6769
LW: 2, 50, 0, -6769
RW: 2, 50, 0, -6769
LW: 2, 50, 0, -6769
RW: 2, 50, 0, -6769
LW: 2, 50, 1, -6769
RW: 2, 50, 0, -6769
LW: 2, 50, 1, -6769
RW: 2, 50, 0, -6769
LW: 2, 50, 1, -6769
RW: 2, 50, 0, -6769
LW: 2, 50, 1, -6769
RW: 2, 50, 0, -6769
LW: 2, 50, 1, -6769
RW: 2, 50, 0, -6769
LW: 2, 50, 1, -6769
RW: 2, 50, 1, -6769
LW: 2, 50, 1, -6769
RW: 2, 50, 1, -6769
LW: 2, 50, 1, -6769
RW: 2, 50, 1, -6769
LW: 2, 50, 1, -6769
RW: 2, 50, 1, -6769
LW: 2, 50, 1, -6769
RW: 2, 50, 1, -6769
LW: 2, 50, 1, -6769
RW: 2, 50, 1, -6769
LW: 2, 50, 1, -6760
RW: 2, 50, 1, -6760
LW: 2, 50, 1, -6760
RW: 2, 50, 1, -6760
LW: 2, 50, 1, -6760
RW: 2, 50, 1, -6760
LW: 2, 50, 1, -6760
RW: 2, 50, 1, -6760
LW: 2, 50, 1, -6760
RW: 2, 50, 1, -6760
LW: 2, 50, 1, -6760
RW: 2, 50, 1, -6760
LW: 2, 50, 1, -6760
RW: 2, 50, 2, -6760
LW: 2, 50, 1, -6760
RW: 2, 50, 2, -6760
LW: 2, 50, 1, -6760
RW: 2, 50, 2, -6760
LW: 2, 50, 1, -6760
RW: 2, 50, 2, -6760
LW: 2, 50, 1, -6760
RW: 2, 50, 2, -6760
LW: 2, 50, 1, -6760
RW: 2, 50, 2, -6760
LW: 2, 50, 1, -6760
RW: 2, 50, 2, -6760
LW: 2, 50, 2, -6760
RW: 2, 50, 2, -6760
LW: 2, 50, 2, -6760
RW: 2, 50, 2, -6760
LW: 2, 50, 2, -6760
RW: 2, 50, 2, -6760
LW: 2, 50, 2, -6760
RW: 2, 50, 2, -6760
LW: 2, 50, 2, -6760
RW: 2, 50, 2, -6750
LW: 2, 50, 2, -6750
RW: 2, 50, 2, -6750
LW: 2, 50, 2, -6750
RW: 2, 50, 2, -6750
LW: 2, 50, 2, -6750
RW: 2, 50, 2, -6750
LW: 2, 50, 3, -6750
RW: 2, 50, 2, -6750
LW: 2, 50, 3, -6750
RW: 2, 50, 3, -6750
LW: 2, 50, 3, -6750
RW: 2, 50, 3, -6750
LW: 2, 50, 3, -6750
RW: 2, 50, 3, -6750
LW: 2, 50, 3, -6750
RW: 2, 50, 3, -6750
LW: 2, 50, 3, -6750
RW: 2, 50, 3, -6750
LW: 2, 50, 3, -6750
RW: 2, 50, 3, -6750
LW: 2, 50, 3, -6750
RW: 2, 50, 3, -6750
LW: 2, 50, 3, -6750
RW: 2, 50, 4, -6750
LW: 2, 50, 3, -6750
RW: 2, 50, 4, -6750
LW: 2, 50, 3, -6750
RW: 2, 50, 4, -6750
LW: 2, 50, 4, -6750
RW: 2, 50, 4, -6750
LW: 2, 50, 4, -6750
RW: 2, 50, 4, -6750
LW: 2, 50, 4, -6750
RW: 2, 50, 4, -6731
LW: 2, 50, 4, -6731
RW: 2, 50, 4, -6731
LW: 2, 50, 4, -6731
RW: 2, 50, 4, -6731
LW: 2, 50, 4, -6731
RW: 2, 50, 4, -6731
LW: 2, 50, 5, -6731
RW: 2, 50, 4, -6731
LW: 2, 50, 5, -6731
RW: 2, 50, 5, -6731
LW: 2, 50, 5, -6731
RW: 2, 50, 5, -6731
LW: 2, 50, 5, -6731
RW: 2, 50, 5, -6731
LW: 2, 50, 5, -6731
RW: 2, 50, 5, -6731
LW: 2, 50, 5, -6731
RW: 2, 50, 5, -6731
LW: 2, 50, 5, -6731
RW: 2, 50, 6, -6731
LW: 2, 50, 5, -6731
RW: 2, 50, 6, -6731
LW: 2, 50, 5, -6731
RW: 2, 50, 6, -6731
LW: 2, 50, 6, -6731
RW: 2, 50, 6, -6731
LW: 2, 50, 6, -6731
RW: 2, 50, 6, -6731
LW: 2, 50, 6, -6731
RW: 2, 50, 6, -6731
LW: 2, 50, 6, -6731
RW: 2, 50, 6, -6731
LW: 2, 50, 6, -6731
RW: 2, 50, 6, -6731
LW: 2, 50, 7, -6731
RW: 2, 50, 6, -6731
LW: 2, 50, 7, -6731
RW: 2, 50, 7, -6731
LW: 2, 50, 7, -6704
RW: 2, 50, 7, -6704
LW: 2, 50, 7, -6704
RW: 2, 50, 7, -6704
LW: 2, 50, 7, -6704
RW: 2, 50, 7, -6704
LW: 2, 50, 7, -6704
RW: 2, 50, 8, -6704
LW: 2, 50, 7, -6704
RW: 2, 50, 8, -6704
LW: 2, 50, 7, -6704
RW: 2, 50, 8, -6704
LW: 2, 50, 8, -6704
RW: 2, 50, 8, -6704
LW: 2, 50, 8, -6704
RW: 2, 50, 8, -6704
LW: 2, 50, 8, -6704
RW: 2, 50, 8, -6704
LW: 2, 50, 8, -6704
RW: 2, 50, 8, -6704
LW: 2, 50, 8, -6704
RW: 2, 50, 8, -6704
LW: 2, 50, 9, -6704
RW: 2, 50, 8, -6704
LW: 2, 50, 9, -6704
RW: 2, 50, 9, -6704
LW: 2, 50, 9, -6704
RW: 2, 50, 9, -6704
LW: 2, 50, 9, -6704
RW: 2, 50, 9, -6704
LW: 2, 50, 9, -6704
RW: 2, 50, 9, -6704
LW: 2, 50, 9, -6704
RW: 2, 50, 10, -6704
LW: 2, 50, 9, -6704
RW: 2, 50, 10, -6704
LW: 2, 50, 9, -6704
RW: 2, 50, 10, -6676
LW: 2, 50, 10, -6685
RW: 2, 50, 10, -6676
LW: 2, 50, 10, -6685
RW: 2, 50, 10, -6676
LW: 2, 50, 10, -6685
RW: 2, 50, 10, -6676
LW: 2, 50, 10, -6685
RW: 2, 50, 10, -6676
LW: 2, 50, 11, -6685
RW: 2, 50, 11, -6676
LW: 2, 50, 11, -6685
RW: 2, 50, 11, -6676
LW: 2, 50, 11, -6685
RW: 2, 50, 11, -6676
LW: 2, 50, 11, -6685
RW: 2, 50, 11, -6676
LW: 2, 50, 11, -6685
RW: 2, 50, 12, -6676
LW: 2, 50, 11, -6685
RW: 2, 50, 12, -6676
LW: 2, 50, 11, -6685
RW: 2, 50, 12, -6676
LW: 2, 50, 12, -6685
RW: 2, 50, 12, -6676
LW: 2, 50, 12, -6685
RW: 2, 50, 12, -6676
LW: 2, 50, 12, -6685
RW: 2, 50, 12, -6676
LW: 2, 50, 12, -6685
RW: 2, 50, 12, -6676
LW: 2, 50, 13, -6685
RW: 2, 50, 13, -6676
LW: 2, 50, 13, -6685
RW: 2, 50, 13, -6676
LW: 2, 50, 13, -6685
RW: 2, 50, 13, -6647
LW: 2, 50, 13, -6647
RW: 2, 50, 14, -6647
LW: 2, 50, 13, -6647
RW: 2, 50, 14, -6647
LW: 2, 50, 13, -6647
RW: 2, 50, 14, -6647
LW: 2, 50, 14, -6647
RW: 2, 50, 14, -6647
LW: 2, 50, 14, -6647
RW: 2, 50, 14, -6647
LW: 2, 50, 14, -6647
RW: 2, 50, 14, -6647
LW: 2, 50, 14, -6647
RW: 2, 50, 14, -6647
LW: 2, 50, 15, -6647
RW: 2, 50, 15, -6647
LW: 2, 50, 15, -6647
RW: 2, 50, 15, -6647
LW: 2, 50, 15, -6647
RW: 2, 50, 15, -6647
LW: 2, 50, 15, -6647
RW: 2, 50, 16, -6647
LW: 2, 50, 15, -6647
RW: 2, 50, 16, -6647
LW: 2, 50, 15, -6647
RW: 2, 50, 16, -6647
LW: 2, 50, 16, -6647
RW: 2, 50, 16, -6647
LW: 2, 50, 16, -6647
RW: 2, 50, 16, -6647
LW: 2, 50, 16, -6647
RW: 2, 50, 16, -6647
LW: 2, 50, 16, -6647
RW: 2, 50, 16, -6647
LW: 2, 50, 17, -6647
RW: 2, 50, 17, -6647
LW: 2, 50, 17, -6610
RW: 2, 50, 17, -6610
LW: 2, 50, 17, -6610
RW: 2, 50, 17, -6610
LW: 2, 50, 17, -6610
RW: 2, 50, 18, -6610
LW: 2, 50, 17, -6610
RW: 2, 50, 18, -6610
LW: 2, 50, 17, -6610
RW: 2, 50, 18, -6610
LW: 2, 50, 18, -6610
RW: 2, 50, 18, -6610
LW: 2, 50, 18, -6610
RW: 2, 50, 18, -6610
LW: 2, 50, 18, -6610
RW: 2, 50, 18, -6610
LW: 2, 50, 18, -6610
RW: 2, 50, 18, -6610
LW: 2, 50, 19, -6610
RW: 2, 50, 19, -6610
LW: 2, 50, 19, -6610
RW: 2, 50, 19, -6610
LW: 2, 50, 19, -6610
RW: 2, 50, 20, -6610
LW: 2, 50, 19, -6610
RW: 2, 50, 20, -6610
LW: 2, 50, 19, -6610
RW: 2, 50, 20, -6610
LW: 2, 50, 19, -6610
RW: 2, 50, 20, -6610
LW: 2, 50, 20, -6610
RW: 2, 50, 20, -6610
LW: 2, 50, 20, -6610
RW: 2, 50, 20, -6610
LW: 2, 50, 20, -6610
RW: 2, 50, 21, -6610
LW: 2, 50, 21, -6610
RW: 2, 50, 21, -6573
LW: 2, 50, 21, -6573
RW: 2, 50, 21, -6573
LW: 2, 50, 21, -6573
RW: 2, 50, 21, -6573
LW: 2, 50, 21, -6573
RW: 2, 50, 22, -6573
LW: 2, 50, 21, -6573
RW: 2, 50, 22, -6573
LW: 2, 50, 21, -6573
RW: 2, 50, 22, -6573
LW: 2, 50, 22, -6573
RW: 2, 50, 22, -6573
LW: 2, 50, 22, -6573
RW: 2, 50, 22, -6573
LW: 2, 50, 22, -6573
RW: 2, 50, 22, -6573
LW: 2, 50, 23, -6573
RW: 2, 50, 23, -6573
LW: 2, 50, 23, -6573
RW: 2, 50, 23, -6573
LW: 2, 50, 23, -6573
RW: 2, 50, 23, -6573
LW: 2, 50, 23, -6573
RW: 2, 50, 24, -6573
LW: 2, 50, 23, -6573
RW: 2, 50, 24, -6573
LW: 2, 50, 23, -6573
RW: 2, 50, 24, -6573
LW: 2, 50, 24, -6573
RW: 2, 50, 24, -6573
LW: 2, 50, 24, -6573
RW: 2, 50, 24, -6573
LW: 2, 50, 24, -6573
RW: 2, 50, 24, -6573
LW: 2, 50, 25, -6573
RW: 2, 50, 25, -6573
LW: 2, 50, 25, -6535
RW: 2, 50, 25, -6535
LW: 2, 50, 25, -6535
RW: 2, 50, 25, -6535
LW: 2, 50, 25, -6535
RW: 2, 50, 26, -6535
LW: 2, 50, 25, -6535
RW: 2, 50, 26, -6535
LW: 2, 50, 25, -6535
RW: 2, 50, 26, -6535
LW: 2, 50, 26, -6535
RW: 2, 50, 26, -6535
LW: 2, 50, 26, -6535
RW: 2, 50, 26, -6535
LW: 2, 50, 26, -6535
RW: 2, 50, 26, -6535
LW: 2, 50, 27, -6535
RW: 2, 50, 27, -6535
LW: 2, 50, 27, -6535
RW: 2, 50, 27, -6535
LW: 2, 50, 27, -6535
RW: 2, 50, 27, -6535
LW: 2, 50, 27, -6535
RW: 2, 50, 28, -6535
LW: 2, 50, 27, -6535
RW: 2, 50, 28, -6535
LW: 2, 50, 28, -6535
RW: 2, 50, 28, -6535
LW: 2, 50, 28, -6535
RW: 2, 50, 28, -6535
LW: 2, 50, 28, -6535
RW: 2, 50, 28, -6535
LW: 2, 50, 28, -6535
RW: 2, 50, 28, -6535
LW: 2, 50, 29, -6535
RW: 2, 50, 29, -6535
LW: 2, 50, 29, -6535
RW: 2, 50, 29, 271
LW: 2, 50, 29, 271
RW: 2, 50, 29, 271
LW: 2, 50, 29, 271
RW: 2, 50, 30, 271
LW: 2, 50, 29, 271
RW: 2, 50, 30, 271
LW: 2, 50, 30, 271
RW: 2, 50, 30, 271
LW: 2, 50, 30, 271
RW: 2, 50, 30, 271
LW: 2, 50, 30, 271
RW: 2, 50, 30, 271
LW: 2, 50, 31, 271
RW: 2, 50, 31, 271
LW: 2, 50, 31, 271
RW: 2, 50, 31, 271
LW: 2, 50, 31, 271
RW: 2, 50, 31, 271
LW: 2, 50, 31, 271
RW: 2, 50, 32, 271
LW: 2, 50, 31, 271
RW: 2, 50, 32, 271
LW: 2, 50, 32, 271
RW: 2, 50, 32, 271
LW: 2, 50, 32, 271
RW: 2, 50, 32, 271
LW: 2, 50, 32, 271
RW: 2, 50, 32, 271
LW: 2, 50, 33, 271
RW: 2, 50, 33, 271
LW: 2, 50, 33, 271
RW: 2, 50, 33, 271
LW: 2, 50, 33, 271
RW: 2, 50, 33, 271
LW: 2, 50, 33, 271
RW: 2, 50, 34, 308
LW: 2, 50, 33, 299
RW: 2, 50, 34, 308
LW: 2, 50, 34, 299
RW: 2, 50, 34, 308
LW: 2, 50, 34, 299
RW: 2, 50, 34, 308
LW: 2, 50, 34, 299
RW: 2, 50, 35, 308
LW: 2, 50, 34, 299
RW: 2, 50, 35, 308
LW: 2, 50, 35, 299
RW: 2, 50, 35, 308
LW: 2, 50, 35, 299
RW: 2, 50, 36, 308
LW: 2, 50, 35, 299
RW: 2, 50, 36, 308
LW: 2, 50, 35, 299
RW: 2, 50, 36, 308
LW: 2, 50, 35, 299
RW: 2, 50, 36, 308
LW: 2, 50, 36, 299
RW: 2, 50, 36, 308
LW: 2, 50, 36, 299
RW: 2, 50, 37, 308
LW: 2, 50, 36, 299
RW: 2, 50, 37, 308
LW: 2, 50, 37, 299
RW: 2, 50, 37, 308
LW: 2, 50, 37, 299
RW: 2, 50, 38, 308
LW: 2, 50, 37, 299
RW: 2, 50, 38, 308
LW: 2, 50, 37, 299
RW: 2, 50, 38, 308
LW: 2, 50, 37, 299
RW: 2, 50, 38, 308
LW: 2, 50, 38, 327
RW: 2, 50, 38, 336
LW: 2, 50, 38, 327
RW: 2, 50, 39, 336
LW: 2, 50, 38, 327
RW: 2, 50, 39, 336
LW: 2, 50, 39, 327
RW: 2, 50, 39, 336
LW: 2, 50, 39, 327
RW: 2, 50, 40, 336
LW: 2, 50, 39, 327
RW: 2, 50, 40, 336
LW: 2, 50, 39, 327
RW: 2, 50, 40, 336
LW: 2, 50, 39, 327
RW: 2, 50, 40, 336
LW: 2, 50, 40, 327
RW: 2, 50, 40, 336
LW: 2, 50, 40, 327
RW: 2, 50, 41, 336
LW: 2, 50, 40, 327
RW: 2, 50, 41, 336
LW: 2, 50, 41, 327
RW: 2, 50, 41, 336
LW: 2, 50, 41, 327
RW: 2, 50, 42, 336
LW: 2, 50, 41, 327
RW: 2, 50, 42, 336
LW: 2, 50, 41, 327
RW: 2, 50, 42, 336
LW: 2, 50, 41, 327
RW: 2, 50, 42, 336
LW: 2, 50, 42, 327
RW: 2, 50, 42, 336
LW: 2, 50, 42, 327
RW: 2, 50, 43, 336
LW: 2, 50, 42, 327
RW: 2, 50, 43, 336
LW: 2, 50, 43, 354
RW: 2, 50, 44, 364
LW: 2, 50, 43, 354
RW: 2, 50, 44, 364
LW: 2, 50, 43, 354
RW: 2, 50, 44, 364
LW: 2, 50, 43, 354
RW: 2, 50, 44, 364
LW: 2, 50, 43, 354
RW: 2, 50, 44, 364
LW: 2, 50, 44, 354
RW: 2, 50, 45, 364
LW: 2, 50, 44, 354
RW: 2, 50, 45, 364
LW: 2, 50, 44, 354
RW: 2, 50, 45, 364
LW: 2, 50, 44, 354
RW: 2, 50, 46, 364
LW: 2, 50, 45, 354
RW: 2, 50, 46, 364
LW: 2, 50, 45, 354
RW: 2, 50, 46, 364
LW: 2, 50, 45, 354
RW: 2, 50, 46, 364
LW: 2, 50, 45, 354
RW: 2, 50, 47, 364
LW: 2, 50, 46, 354
RW: 2, 50, 47, 364
LW: 2, 50, 46, 354
RW: 2, 50, 47, 364
LW: 2, 50, 46, 354
RW: 2, 50, 48, 364
LW: 2, 50, 47, 354
RW: 2, 50, 48, 364
LW: 2, 50, 47, 354
RW: 2, 50, 48, 364
LW: 2, 50, 47, 375
RW: 2, 50, 48, 384
LW: 2, 50, 47, 375
RW: 2, 50, 49, 384
LW: 2, 50, 47, 375
RW: 2, 50, 49, 384
LW: 2, 50, 48, 375
RW: 2, 50, 49, 384
LW: 2, 50, 48, 375
RW: 2, 50, 50, 384
LW: 2, 50, 48, 375
RW: 2, 50, 50, 384
LW: 2, 50, 49, 375
RW: 2, 50, 50, 384
LW: 2, 50, 49, 375
RW: 2, 50, 50, 384
LW: 2, 50, 49, 375
RW: 2, 50, 51, 384
LW: 2, 50, 49, 375
RW: 2, 50, 51, 384
LW: 2, 50, 49, 375
RW: 2, 50, 51, 384
LW: 2, 50, 50, 375
RW: 2, 50, 52, 384
LW: 2, 50, 50, 375
RW: 2, 50, 52, 384
LW: 2, 50, 50, 375
RW: 2, 50, 52, 384
LW: 2, 50, 51, 375
RW: 2, 50, 52, 384
LW: 2, 50, 51, 375
RW: 2, 50, 53, 384
LW: 2, 50, 51, 375
RW: 2, 50, 53, 384
LW: 2, 50, 51, 375
RW: 2, 50, 53, 384
LW: 2, 50, 52, 375
RW: 2, 50, 54, 411
LW: 2, 50, 52, 402
RW: 2, 50, 54, 411
LW: 2, 50, 52, 402
RW: 2, 50, 54, 411
LW: 2, 50, 53, 402
RW: 2, 50, 54, 411
LW: 2, 50, 53, 402
RW: 2, 50, 55, 411
LW: 2, 50, 53, 402
RW: 2, 50, 55, 411
LW: 2, 50, 53, 402
RW: 2, 50, 55, 411
LW: 2, 50, 53, 402
RW: 2, 50, 56, 411
LW: 2, 50, 54, 402
RW: 2, 50, 56, 411
LW: 2, 50, 54, 402
RW: 2, 50, 56, 411
LW: 2, 50, 54, 402
RW: 2, 50, 56, 411
LW: 2, 50, 55, 402
RW: 2, 50, 57, 411
LW: 2, 50, 55, 402
RW: 2, 50, 57, 411
LW: 2, 50, 55, 402
RW: 2, 50, 57, 411
LW: 2, 50, 55, 402
RW: 2, 50, 58, 411
LW: 2, 50, 56, 402
RW: 2, 50, 58, 411
LW: 2, 50, 56, 402
RW: 2, 50, 58, 411
LW: 2, 50, 56, 402
RW: 2, 50, 58, 411
LW: 2, 50, 57, 402
RW: 2, 50, 59, 411
LW: 2, 50, 57, 402
RW: 2, 50, 59, 429
LW: 2, 50, 57, 411
RW: 2, 50, 60, 429
LW: 2, 50, 57, 411
RW: 2, 50, 60, 429
LW: 2, 50, 57, 411
RW: 2, 50, 60, 429
LW: 2, 50, 58, 411
RW: 2, 50, 60, 429
LW: 2, 50, 58, 411
RW: 2, 50, 60, 429
LW: 2, 50, 58, 411
RW: 2, 50, 61, 429
LW: 2, 50, 59, 411
RW: 2, 50, 61, 429
LW: 2, 50, 59, 411
RW: 2, 50, 62, 429
LW: 2, 50, 59, 411
RW: 2, 50, 62, 429
LW: 2, 50, 59, 411
RW: 2, 50, 62, 429
LW: 2, 50, 60, 411
RW: 2, 50, 62, 429
LW: 2, 50, 60, 411
RW: 2, 50, 63, 429
LW: 2, 50, 60, 411
RW: 2, 50, 63, 429
LW: 2, 50, 61, 411
RW: 2, 50, 63, 429
LW: 2, 50, 61, 411
RW: 2, 50, 64, 429
LW: 2, 50, 61, 411
RW: 2, 50, 64, 429
LW: 2, 50, 61, 411
RW: 2, 50, 64, 429
LW: 2, 50, 61, 411
RW: 2, 50, 64, 429
LW: 2, 50, 62, 422
RW: 2, 50, 65, 440
LW: 2, 50, 62, 422
RW: 2, 50, 65, 440
LW: 2, 50, 62, 422
RW: 2, 50, 66, 440
LW: 2, 50, 63, 422
RW: 2, 50, 66, 440
LW: 2, 50, 63, 422
RW: 2, 50, 66, 440
LW: 2, 50, 63, 422
RW: 2, 50, 66, 440
LW: 2, 50, 63, 422
RW: 2, 50, 67, 440
LW: 2, 50, 63, 422
RW: 2, 50, 67, 440
LW: 2, 50, 64, 422
RW: 2, 50, 68, 440
LW: 2, 50, 64, 422
RW: 2, 50, 68, 440
LW: 2, 50, 64, 422
RW: 2, 50, 68, 440
LW: 2, 50, 65, 422
RW: 2, 50, 68, 440
LW: 2, 50, 65, 422
RW: 2, 50, 68, 440
LW: 2, 50, 65, 422
RW: 2, 50, 69, 440
LW: 2, 50, 65, 422
RW: 2, 50, 69, 440
LW: 2, 50, 66, 422
RW: 2, 50, 70, 440
LW: 2, 50, 66, 422
RW: 2, 50, 70, 440
LW: 2, 50, 66, 422
RW: 2, 50, 70, 440
LW: 2, 50, 67, 422
RW: 2, 50, 70, 440
LW: 2, 50, 67, 422
RW: 2, 50, 71, 456
LW: 2, 50, 67, 429
RW: 2, 50, 71, 456
LW: 2, 50, 67, 429
RW: 2, 50, 72, 456
LW: 2, 50, 68, 429
RW: 2, 50, 72, 456
LW: 2, 50, 68, 429
RW: 2, 50, 72, 456
LW: 2, 50, 68, 429
RW: 2, 50, 72, 456
LW: 2, 50, 69, 429
RW: 2, 50, 72, 456
LW: 2, 50, 69, 429
RW: 2, 50, 73, 456
LW: 2, 50, 69, 429
RW: 2, 50, 73, 456
LW: 2, 50, 69, 429
RW: 2, 50, 74, 456
LW: 2, 50, 69, 429
RW: 2, 50, 74, 456
LW: 2, 50, 70, 429
RW: 2, 50, 74, 456
LW: 2, 50, 70, 429
RW: 2, 50, 74, 456
LW: 2, 50, 70, 429
RW: 2, 50, 75, 456
LW: 2, 50, 71, 429
RW: 2, 50, 75, 456
LW: 2, 50, 71, 429
RW: 2, 50, 76, 456
LW: 2, 50, 71, 429
RW: 2, 50, 76, 456
LW: 2, 50, 71, 429
RW: 2, 50, 76, 456
LW: 2, 50, 72, 429
RW: 2, 50, 76, 456
LW: 2, 50, 72, 438
RW: 2, 50, 77, 475
LW: 2, 50, 72, 438
RW: 2, 50, 77, 475
LW: 2, 50, 73, 438
RW: 2, 50, 78, 475
LW: 2, 50, 73, 438
RW: 2, 50, 78, 475
LW: 2, 50, 73, 438
RW: 2, 50, 78, 475
LW: 2, 50, 73, 438
RW: 2, 50, 78, 475
LW: 2, 50, 74, 438
RW: 2, 50, 78, 475
LW: 2, 50, 74, 438
RW: 2, 50, 79, 475
LW: 2, 50, 74, 438
RW: 2, 50, 79, 475
LW: 2, 50, 75, 438
RW: 2, 50, 80, 475
LW: 2, 50, 75, 438
RW: 2, 50, 80, 475
LW: 2, 50, 75, 438
RW: 2, 50, 80, 475
LW: 2, 50, 75, 438
RW: 2, 50, 80, 475
LW: 2, 50, 75, 438
RW: 2, 50, 81, 475
LW: 2, 50, 76, 438
RW: 2, 50, 81, 475
LW: 2, 50, 76, 438
RW: 2, 50, 82, 475
LW: 2, 50, 77, 438
RW: 2, 50, 82, 475
LW: 2, 50, 77, 438
RW: 2, 50, 82, 475
LW: 2, 50, 77, 438
RW: 2, 50, 82, 475
LW: 2, 50, 77, 438
RW: 2, 50, 83, 492
LW: 2, 50, 77, 446
RW: 2, 50, 83, 492
LW: 2, 50, 78, 446
RW: 2, 50, 84, 492
LW: 2, 50, 78, 446
RW: 2, 50, 84, 492
LW: 2, 50, 79, 446
RW: 2, 50, 84, 492
LW: 2, 50, 79, 446
RW: 2, 50, 84, 492
LW: 2, 50, 79, 446
RW: 2, 50, 84, 492
LW: 2, 50, 79, 446
RW: 2, 50, 85, 492
LW: 2, 50, 79, 446
RW: 2, 50, 85, 492
LW: 2, 50, 80, 446
RW: 2, 50, 86, 492
LW: 2, 50, 80, 446
RW: 2, 50, 86, 492
LW: 2, 50, 80, 446
RW: 2, 50, 86, 492
LW: 2, 50, 81, 446
RW: 2, 50, 86, 492
LW: 2, 50, 81, 446
RW: 2, 50, 87, 492
LW: 2, 50, 81, 446
RW: 2, 50, 87, 492
LW: 2, 50, 81, 446
RW: 2, 50, 88, 492
LW: 2, 50, 82, 446
RW: 2, 50, 88, 492
LW: 2, 50, 82, 446
RW: 2, 50, 88, 492
LW: 2, 50, 82, 446
RW: 2, 50, 88, 492
LW: 2, 50, 83, 446
RW: 2, 50, 89, 510
LW: 2, 50, 83, 464
RW: 2, 50, 89, 510
LW: 2, 50, 83, 464
RW: 2, 50, 90, 510
LW: 2, 50, 83, 464
RW: 2, 50, 90, 510
LW: 2, 50, 84, 464
RW: 2, 50, 90, 510
LW: 2, 50, 84, 464
RW: 2, 50, 90, 510
LW: 2, 50, 84, 464
RW: 2, 50, 91, 510
LW: 2, 50, 85, 464
RW: 2, 50, 91, 510
LW: 2, 50, 85, 464
RW: 2, 50, 92, 510
LW: 2, 50, 85, 464
RW: 2, 50, 92, 510
LW: 2, 50, 85, 464
RW: 2, 50, 92, 510
LW: 2, 50, 86, 464
RW: 2, 50, 92, 510
LW: 2, 50, 86, 464
RW: 2, 50, 93, 510
LW: 2, 50, 86, 464
RW: 2, 50, 93, 510
LW: 2, 50, 87, 464
RW: 2, 50, 94, 510
LW: 2, 50, 87, 464
RW: 2, 50, 94, 510
LW: 2, 50, 87, 464
RW: 2, 50, 94, 510
LW: 2, 50, 87, 464
RW: 2, 50, 94, 510
LW: 2, 50, 87, 464
RW: 2, 50, 95, 510
LW: 2, 50, 88, 473
RW: 2, 50, 95, 529
LW: 2, 50, 88, 473
RW: 2, 50, 96, 529
LW: 2, 50, 88, 473
RW: 2, 50, 96, 529
LW: 2, 50, 89, 473
RW: 2, 50, 96, 529
LW: 2, 50, 89, 473
RW: 2, 50, 97, 529
LW: 2, 50, 89, 473
RW: 2, 50, 97, 529
LW: 2, 50, 90, 473
RW: 2, 50, 98, 529
LW: 2, 50, 90, 473
RW: 2, 50, 98, 529
LW: 2, 50, 90, 473
RW: 2, 50, 98, 529
LW: 2, 50, 91, 473
RW: 2, 50, 98, 529
LW: 2, 50, 91, 473
RW: 2, 50, 99, 529
LW: 2, 50, 91, 473
RW: 2, 50, 99, 529
LW: 2, 50, 91, 473
RW: 2, 50, 99, 529
LW: 2, 50, 92, 473
RW: 2, 50, 100, 529
LW: 2, 50, 92, 473
RW: 2, 50, 100, 529
LW: 2, 50, 92, 473
RW: 2, 50, 100, 529
LW: 2, 50, 93, 473
RW: 2, 50, 100, 529
LW: 2, 50, 93, 473
RW: 2, 50, 101, 529
LW: 2, 50, 93, 474
RW: 2, 50, 101, 539
LW: 2, 50, 93, 474
RW: 2, 50, 102, 539
LW: 2, 50, 94, 474
RW: 2, 50, 102, 539
LW: 2, 50, 94, 474
RW: 2, 50, 102, 539
LW: 2, 50, 94, 474
RW: 2, 50, 102, 539
LW: 2, 50, 95, 474
RW: 2, 50, 103, 539
LW: 2, 50, 95, 474
RW: 2, 50, 103, 539
LW: 2, 50, 95, 474
RW: 2, 50, 104, 539
LW: 2, 50, 95, 474
RW: 2, 50, 104, 539
LW: 2, 50, 95, 474
RW: 2, 50, 104, 539
LW: 2, 50, 96, 474
RW: 2, 50, 104, 539
LW: 2, 50, 96, 474
RW: 2, 50, 105, 539
LW: 2, 50, 96, 474
RW: 2, 50, 105, 539
LW: 2, 50, 97, 474
RW: 2, 50, 106, 539
LW: 2, 50, 97, 474
RW: 2, 50, 106, 539
LW: 2, 50, 97, 474
RW: 2, 50, 106, 539
LW: 2, 50, 97, 474
RW: 2, 50, 107, 539
LW: 2, 50, 98, 474
RW: 2, 50, 107, 539
LW: 2, 50, 98, 474
RW: 2, 50, 107, 539
LW: 2, 50, 99, 472
RW: 2, 50, 108, 546
LW: 2, 50, 99, 472
RW: 2, 50, 108, 546
LW: 2, 50, 99, 472
RW: 2, 50, 108, 546
LW: 2, 50, 99, 472
RW: 2, 50, 108, 546
LW: 2, 50, 99, 472
RW: 2, 50, 109, 546
LW: 2, 50, 100, 472
RW: 2, 50, 109, 546
LW: 2, 50, 100, 472
RW: 2, 50, 110, 546
LW: 2, 50, 100, 472
RW: 2, 50, 110, 546
LW: 2, 50, 101, 472
RW: 2, 50, 110, 546
LW: 2, 50, 101, 472
RW: 2, 50, 110, 546
LW: 2, 50, 101, 472
RW: 2, 50, 111, 546
LW: 2, 50, 101, 472
RW: 2, 50, 111, 546
LW: 2, 50, 102, 472
RW: 2, 50, 112, 546
LW: 2, 50, 102, 472
RW: 2, 50, 112, 546
LW: 2, 50, 102, 472
RW: 2, 50, 112, 546
LW: 2, 50, 103, 472
RW: 2, 50, 113, 546
LW: 2, 50, 103, 472
RW: 2, 50, 113, 546
LW: 2, 50, 103, 472
RW: 2, 50, 113, 546
LW: 2, 50, 103, 472
RW: 2, 50, 114, 546
LW: 2, 50, 104, 473
RW: 2, 50, 114, 556
LW: 2, 50, 104, 473
RW: 2, 50, 114, 556
LW: 2, 50, 104, 473
RW: 2, 50, 115, 556
LW: 2, 50, 105, 473
RW: 2, 50, 115, 556
LW: 2, 50, 105, 473
RW: 2, 50, 116, 556
LW: 2, 50, 105, 473
RW: 2, 50, 116, 556
LW: 2, 50, 105, 473
RW: 2, 50, 116, 556
LW: 2, 50, 106, 473
RW: 2, 50, 116, 556
LW: 2, 50, 106, 473
RW: 2, 50, 117, 556
LW: 2, 50, 106, 473
RW: 2, 50, 117, 556
LW: 2, 50, 107, 473
RW: 2, 50, 118, 556
LW: 2, 50, 107, 473
RW: 2, 50, 118, 556
LW: 2, 50, 107, 473
RW: 2, 50, 118, 556
LW: 2, 50, 107, 473
RW: 2, 50, 118, 556
LW: 2, 50, 108, 473
RW: 2, 50, 119, 556
LW: 2, 50, 108, 473
RW: 2, 50, 119, 556
LW: 2, 50, 108, 473
RW: 2, 50, 120, 556
LW: 2, 50, 109, 473
RW: 2, 50, 120, 556
LW: 2, 50, 109, 473
RW: 2, 50, 120, 556
LW: 2, 50, 109, 481
RW: 2, 50, 120, 564
LW: 2, 50, 109, 481
RW: 2, 50, 121, 564
LW: 2, 50, 110, 481
RW: 2, 50, 121, 564
LW: 2, 50, 110, 481
RW: 2, 50, 122, 564
LW: 2, 50, 110, 481
RW: 2, 50, 122, 564
LW: 2, 50, 111, 481
RW: 2, 50, 122, 564
LW: 2, 50, 111, 481
RW: 2, 50, 122, 564
LW: 2, 50, 111, 481
RW: 2, 50, 123, 564
LW: 2, 50, 111, 481
RW: 2, 50, 123, 564
LW: 2, 50, 111, 481
RW: 2, 50, 124, 564
LW: 2, 50, 112, 481
RW: 2, 50, 124, 564
LW: 2, 50, 112, 481
RW: 2, 50, 124, 564
LW: 2, 50, 113, 481
RW: 2, 50, 124, 564
LW: 2, 50, 113, 481
RW: 2, 50, 125, 564
LW: 2, 50, 113, 481
RW: 2, 50, 125, 564
LW: 2, 50, 113, 481
RW: 2, 50, 126, 564
LW: 2, 50, 114, 481
RW: 2, 50, 126, 564
LW: 2, 50, 114, 481
RW: 2, 50, 126, 564
LW: 2, 50, 114, 481
RW: 2, 50, 127, 573
LW: 2, 50, 115, 481
RW: 2, 50, 127, 573
LW: 2, 50, 115, 481
RW: 2, 50, 128, 573
LW: 2, 50, 115, 481
RW: 2, 50, 128, 573
LW: 2, 50, 115, 481
RW: 2, 50, 128, 573
LW: 2, 50, 116, 481
RW: 2, 50, 128, 573
LW: 2, 50, 116, 481
RW: 2, 50, 129, 573
LW: 2, 50, 116, 481
RW: 2, 50, 129, 573
LW: 2, 50, 117, 481
RW: 2, 50, 130, 573
LW: 2, 50, 117, 481
RW: 2, 50, 130, 573
LW: 2, 50, 117, 481
RW: 2, 50, 130, 573
LW: 2, 50, 117, 481
RW: 2, 50, 130, 573
LW: 2, 50, 118, 481
RW: 2, 50, 131, 573
LW: 2, 50, 118, 481
RW: 2, 50, 131, 573
LW: 2, 50, 118, 481
RW: 2, 50, 132, 573
LW: 2, 50, 119, 481
RW: 2, 50, 132, 573
LW: 2, 50, 119, 481
RW: 2, 50, 132, 573
LW: 2, 50, 119, 481
RW: 2, 50, 132, 573
LW: 2, 50, 119, 481
RW: 2, 50, 133, 573
LW: 2, 50, 119, 481
RW: 2, 50, 133, 573
LW: 2, 50, 120, 490
RW: 2, 50, 134, 582
LW: 2, 50, 120, 490
RW: 2, 50, 134, 582
LW: 2, 50, 121, 490
RW: 2, 50, 134, 582
LW: 2, 50, 121, 490
RW: 2, 50, 134, 582
LW: 2, 50, 121, 490
RW: 2, 50, 135, 582
LW: 2, 50, 121, 490
RW: 2, 50, 136, 582
LW: 2, 50, 121, 490
RW: 2, 50, 136, 582
LW: 2, 50, 122, 490
RW: 2, 50, 136, 582
LW: 2, 50, 122, 490
RW: 2, 50, 136, 582
LW: 2, 50, 123, 490
RW: 2, 50, 137, 582
LW: 2, 50, 123, 490
RW: 2, 50, 137, 582
LW: 2, 50, 123, 490
RW: 2, 50, 138, 582
LW: 2, 50, 123, 490
RW: 2, 50, 138, 582
LW: 2, 50, 124, 490
RW: 2, 50, 138, 582
LW: 2, 50, 124, 490
RW: 2, 50, 138, 582
LW: 2, 50, 124, 490
RW: 2, 50, 139, 582
LW: 2, 50, 125, 490
RW: 2, 50, 139, 582
LW: 2, 50, 125, 490
RW: 2, 50, 140, 582
LW: 2, 50, 125, 490
RW: 2, 50, 140, 592
LW: 2, 50, 125, 490
RW: 2, 50, 140, 592
LW: 2, 50, 125, 490
RW: 2, 50, 140, 592
LW: 2, 50, 126, 490
RW: 2, 50, 141, 592
LW: 2, 50, 126, 490
RW: 2, 50, 141, 592
LW: 2, 50, 127, 490
RW: 2, 50, 142, 592
LW: 2, 50, 127, 490
RW: 2, 50, 142, 592
LW: 2, 50, 127, 490
RW: 2, 50, 142, 592
LW: 2, 50, 127, 490
RW: 2, 50, 142, 592
LW: 2, 50, 127, 490
RW: 2, 50, 143, 592
LW: 2, 50, 128, 490
RW: 2, 50, 143, 592
LW: 2, 50, 128, 490
RW: 2, 50, 144, 592
LW: 2, 50, 128, 490
RW: 2, 50, 144, 592
LW: 2, 50, 129, 490
RW: 2, 50, 144, 592
LW: 2, 50, 129, 490
RW: 2, 50, 145, 592
LW: 2, 50, 129, 490
RW: 2, 50, 145, 592
LW: 2, 50, 129, 490
RW: 2, 50, 144, 592
LW: 2, 50, 130, 490
RW: 2, 50, 144, 592
LW: 2, 50, 130, 490
RW: 2, 50, 144, 592
LW: 2, 50, 131, 492
RW: 2, 50, 144, 576
LW: 2, 50, 131, 492
RW: 2, 50, 145, 576
LW: 2, 50, 131, 492
RW: 2, 50, 145, 576
LW: 2, 50, 131, 492
RW: 2, 50, 146, 576
LW: 2, 50, 131, 492
RW: 2, 50, 146, 576
LW: 2, 50, 132, 492
RW: 2, 50, 146, 576
LW: 2, 50, 132, 492
RW: 2, 50, 146, 576
LW: 2, 50, 133, 492
RW: 2, 50, 147, 576
LW: 2, 50, 133, 492
RW: 2, 50, 148, 576
LW: 2, 50, 133, 492
RW: 2, 50, 148, 576
LW: 2, 50, 133, 492
RW: 2, 50, 148, 576
LW: 2, 50, 133, 492
RW: 2, 50, 148, 576
LW: 2, 50, 134, 492
RW: 2, 50, 149, 576
LW: 2, 50, 134, 492
RW: 2, 50, 149, 576
LW: 2, 50, 135, 492
RW: 2, 50, 150, 576
LW: 2, 50, 135, 492
RW: 2, 50, 150, 576
LW: 2, 50, 135, 492
RW: 2, 50, 150, 576
LW: 2, 50, 135, 492
RW: 2, 50, 150, 576
LW: 2, 50, 135, 492
RW: 2, 50, 151, 576
LW: 2, 50, 136, 492
RW: 2, 50, 151, 574
LW: 2, 50, 136, 491
RW: 2, 50, 152, 574
LW: 2, 50, 136, 491
RW: 2, 50, 152, 574
LW: 2, 50, 137, 491
RW: 2, 50, 152, 574
LW: 2, 50, 137, 491
RW: 2, 50, 152, 574
LW: 2, 50, 137, 491
RW: 2, 50, 153, 574
LW: 2, 50, 137, 491
RW: 2, 50, 153, 574
LW: 2, 50, 138, 491
RW: 2, 50, 154, 574
LW: 2, 50, 138, 491
RW: 2, 50, 154, 574
LW: 2, 50, 139, 491
RW: 2, 50, 154, 574
LW: 2, 50, 139, 491
RW: 2, 50, 155, 574
LW: 2, 50, 139, 491
RW: 2, 50, 155, 574
LW: 2, 50, 139, 491
RW: 2, 50, 156, 574
LW: 2, 50, 140, 491
RW: 2, 50, 156, 574
LW: 2, 50, 140, 491
RW: 2, 50, 156, 574
LW: 2, 50, 140, 491
RW: 2, 50, 156, 574
LW: 2, 50, 141, 491
RW: 2, 50, 157, 574
LW: 2, 50, 141, 491
RW: 2, 50, 157, 574
LW: 2, 50, 141, 491
RW: 2, 50, 158, 585
LW: 2, 50, 141, 492
RW: 2, 50, 158, 585
LW: 2, 50, 142, 492
RW: 2, 50, 158, 585
LW: 2, 50, 142, 492
RW: 2, 50, 159, 585
LW: 2, 50, 142, 492
RW: 2, 50, 159, 585
LW: 2, 50, 143, 492
RW: 2, 50, 160, 585
LW: 2, 50, 143, 492
RW: 2, 50, 160, 585
LW: 2, 50, 143, 492
RW: 2, 50, 160, 585
LW: 2, 50, 143, 492
RW: 2, 50, 160, 585
LW: 2, 50, 144, 492
RW: 2, 50, 161, 585
LW: 2, 50, 144, 492
RW: 2, 50, 161, 585
LW: 2, 50, 144, 492
RW: 2, 50, 162, 585
LW: 2, 50, 145, 492
RW: 2, 50, 162, 585
LW: 2, 50, 145, 492
RW: 2, 50, 162, 585
LW: 2, 50, 145, 492
RW: 2, 50, 163, 585
LW: 2, 50, 145, 492
RW: 2, 50, 163, 585
LW: 2, 50, 146, 492
RW: 2, 50, 164, 585
LW: 2, 50, 146, 492
RW: 2, 50, 164, 585
LW: 2, 50, 146, 492
RW: 2, 50, 164, 585
LW: 2, 50, 147, 501
RW: 2, 50, 164, 585
LW: 2, 50, 147, 501
RW: 2, 50, 165, 585
LW: 2, 50, 147, 501
RW: 2, 50, 165, 585
LW: 2, 50, 147, 501
RW: 2, 50, 166, 585
LW: 2, 50, 148, 501
RW: 2, 50, 166, 585
LW: 2, 50, 148, 501
RW: 2, 50, 166, 585
LW: 2, 50, 149, 501
RW: 2, 50, 167, 585
LW: 2, 50, 149, 501
RW: 2, 50, 167, 585
LW: 2, 50, 149, 501
RW: 2, 50, 168, 585
LW: 2, 50, 149, 501
RW: 2, 50, 168, 585
LW: 2, 50, 150, 501
RW: 2, 50, 168, 585
LW: 2, 50, 150, 501
RW: 2, 50, 169, 585
LW: 2, 50, 150, 501
RW: 2, 50, 169, 585
LW: 2, 50, 151, 501
RW: 2, 50, 170, 585
LW: 2, 50, 151, 501
RW: 2, 50, 170, 585
LW: 2, 50, 151, 501
RW: 2, 50, 170, 585
LW: 2, 50, 151, 501
RW: 2, 50, 170, 585
LW: 2, 50, 152, 501
RW: 2, 50, 171, 585
LW: 2, 50, 152, 502
RW: 2, 50, 171, 596
LW: 2, 50, 152, 502
RW: 2, 50, 172, 596
LW: 2, 50, 153, 502
RW: 2, 50, 172, 596
LW: 2, 50, 153, 502
RW: 2, 50, 172, 596
LW: 2, 50, 153, 502
RW: 2, 50, 172, 596
LW: 2, 50, 153, 502
RW: 2, 50, 173, 596
LW: 2, 50, 154, 502
RW: 2, 50, 174, 596
LW: 2, 50, 154, 502
RW: 2, 50, 174, 596
LW: 2, 50, 154, 502
RW: 2, 50, 174, 596
LW: 2, 50, 155, 502
RW: 2, 50, 174, 596
LW: 2, 50, 155, 502
RW: 2, 50, 175, 596
LW: 2, 50, 155, 502
RW: 2, 50, 175, 596
LW: 2, 50, 155, 502
RW: 2, 50, 176, 596
LW: 2, 50, 156, 502
RW: 2, 50, 176, 596
LW: 2, 50, 156, 502
RW: 2, 50, 176, 596
LW: 2, 50, 157, 502
RW: 2, 50, 176, 596
LW: 2, 50, 157, 502
RW: 2, 50, 177, 596
LW: 2, 50, 157, 502
RW: 2, 50, 178, 596
LW: 2, 50, 157, 502
RW: 2, 50, 178, 597
LW: 2, 50, 157, 503
RW: 2, 50, 178, 597
LW: 2, 50, 158, 503
RW: 2, 50, 178, 597
LW: 2, 50, 158, 503
RW: 2, 50, 179, 597
LW: 2, 50, 158, 503
RW: 2, 50, 179, 597
LW: 2, 50, 159, 503
RW: 2, 50, 180, 597
LW: 2, 50, 159, 503
RW: 2, 50, 180, 597
LW: 2, 50, 159, 503
RW: 2, 50, 180, 597
LW: 2, 50, 159, 503
RW: 2, 50, 180, 597
LW: 2, 50, 160, 503
RW: 2, 50, 181, 597
LW: 2, 50, 160, 503
RW: 2, 50, 181, 597
LW: 2, 50, 161, 503
RW: 2, 50, 182, 597
LW: 2, 50, 161, 503
RW: 2, 50, 182, 597
LW: 2, 50, 161, 503
RW: 2, 50, 182, 597
LW: 2, 50, 161, 503
RW: 2, 50, 183, 597
LW: 2, 50, 162, 503
RW: 2, 50, 183, 597
LW: 2, 50, 162, 503
RW: 2, 50, 184, 597
LW: 2, 50, 162, 503
RW: 2, 50, 184, 597
LW: 2, 50, 163, 503
RW: 2, 50, 184, 597
LW: 2, 50, 163, 503
RW: 2, 50, 184, 597
LW: 2, 50, 163, 502
RW: 2, 50, 185, 595
LW: 2, 50, 163, 502
RW: 2, 50, 185, 595
LW: 2, 50, 164, 502
RW: 2, 50, 186, 595
LW: 2, 50, 164, 502
RW: 2, 50, 186, 595
LW: 2, 50, 164, 502
RW: 2, 50, 186, 595
LW: 2, 50, 165, 502
RW: 2, 50, 187, 595
LW: 2, 50, 165, 502
RW: 2, 50, 187, 595
LW: 2, 50, 165, 502
RW: 2, 50, 188, 595
LW: 2, 50, 165, 502
RW: 2, 50, 188, 595
LW: 2, 50, 166, 502
RW: 2, 50, 188, 595
LW: 2, 50, 166, 502
RW: 2, 50, 188, 595
LW: 2, 50, 166, 502
RW: 2, 50, 189, 595
LW: 2, 50, 167, 502
RW: 2, 50, 189, 595
LW: 2, 50, 167, 502
RW: 2, 50, 190, 595
LW: 2, 50, 167, 502
RW: 2, 50, 190, 595
LW: 2, 50, 167, 502
RW: 2, 50, 190, 595
LW: 2, 50, 168, 502
RW: 2, 50, 191, 595
LW: 2, 50, 168, 502
RW: 2, 50, 191, 595
LW: 2, 50, 168, 502
RW: 2, 50, 192, 605
LW: 2, 50, 169, 502
RW: 2, 50, 192, 605
LW: 2, 50, 169, 502
RW: 2, 50, 192, 605
LW: 2, 50, 169, 502
RW: 2, 50, 192, 605
LW: 2, 50, 169, 502
RW: 2, 50, 193, 605
LW: 2, 50, 170, 502
RW: 2, 50, 193, 605
LW: 2, 50, 170, 502
RW: 2, 50, 194, 605
LW: 2, 50, 170, 502
RW: 2, 50, 194, 605
LW: 2, 50, 171, 502
RW: 2, 50, 194, 605
LW: 2, 50, 171, 502
RW: 2, 50, 195, 605
LW: 2, 50, 171, 502
RW: 2, 50, 195, 605
LW: 2, 50, 171, 502
RW: 2, 50, 196, 605
LW: 2, 50, 172, 502
RW: 2, 50, 196, 605
LW: 2, 50, 172, 502
RW: 2, 50, 196, 605
LW: 2, 50, 172, 502
RW: 2, 50, 196, 605
LW: 2, 50, 173, 502
RW: 2, 50, 197, 605
LW: 2, 50, 173, 502
RW: 2, 50, 197, 605
LW: 2, 50, 173, 502
RW: 2, 50, 198, 605
LW: 2, 50, 173, 502
RW: 2, 50, 198, 605
LW: 2, 50, 174, 502
RW: 2, 50, 198, 607
LW: 2, 50, 174, 503
RW: 2, 50, 199, 607
LW: 2, 50, 175, 503
RW: 2, 50, 199, 607
LW: 2, 50, 175, 503
RW: 2, 50, 200, 607
LW: 2, 50, 175, 503
RW: 2, 50, 200, 607
LW: 2, 50, 175, 503
RW: 2, 50, 200, 607
LW: 2, 50, 175, 503
RW: 2, 50, 200, 607
LW: 2, 50, 176, 503
RW: 2, 50, 201, 607
LW: 2, 50, 176, 503
RW: 2, 50, 201, 607
LW: 2, 50, 177, 503
RW: 2, 50, 202, 607
LW: 2, 50, 177, 503
RW: 2, 50, 202, 607
LW: 2, 50, 177, 503
RW: 2, 50, 202, 607
LW: 2, 50, 177, 503
RW: 2, 50, 203, 607
LW: 2, 50, 177, 503
RW: 2, 50, 203, 607
LW: 2, 50, 178, 503
RW: 2, 50, 204, 607
LW: 2, 50, 178, 503
RW: 2, 50, 204, 607
LW: 2, 50, 179, 503
RW: 2, 50, 204, 607
LW: 2, 50, 179, 503
RW: 2, 50, 204, 607
LW: 2, 50, 179, 503
RW: 2, 50, 205, 607
LW: 2, 50, 179, 503
RW: 2, 50, 205, 605
LW: 2, 50, 179, 502
RW: 2, 50, 206, 605
LW: 2, 50, 180, 502
RW: 2, 50, 206, 605
LW: 2, 50, 180, 502
RW: 2, 50, 206, 605
LW: 2, 50, 180, 502
RW: 2, 50, 207, 605
LW: 2, 50, 181, 502
RW: 2, 50, 207, 605
LW: 2, 50, 181, 502
RW: 2, 50, 208, 605
LW: 2, 50, 181, 502
RW: 2, 50, 208, 605
LW: 2, 50, 182, 502
RW: 2, 50, 208, 605
LW: 2, 50, 182, 502
RW: 2, 50, 208, 605
LW: 2, 50, 182, 502
RW: 2, 50, 209, 605
LW: 2, 50, 183, 502
RW: 2, 50, 209, 605
LW: 2, 50, 183, 502
RW: 2, 50, 210, 605
LW: 2, 50, 183, 502
RW: 2, 50, 210, 605
LW: 2, 50, 183, 502
RW: 2, 50, 210, 605
LW: 2, 50, 184, 502
RW: 2, 50, 210, 605
LW: 2, 50, 184, 502
RW: 2, 50, 211, 605
LW: 2, 50, 184, 502
RW: 2, 50, 211, 605
LW: 2, 50, 185, 502
RW: 2, 50, 212, 605
LW: 2, 50, 185, 512
RW: 2, 50, 212, 634
LW: 2, 50, 185, 512
RW: 2, 50, 212, 634
LW: 2, 50, 185, 512
RW: 2, 50, 213, 634
LW: 2, 50, 186, 512
RW: 2, 50, 213, 634
LW: 2, 50, 186, 512
RW: 2, 50, 214, 634
LW: 2, 50, 186, 512
RW: 2, 50, 214, 634
LW: 2, 50, 187, 512
RW: 2, 50, 214, 634
LW: 2, 50, 187, 512
RW: 2, 50, 215, 634
LW: 2, 50, 187, 512
RW: 2, 50, 215, 634
LW: 2, 50, 187, 512
RW: 2, 50, 216, 634
LW: 2, 50, 188, 512
RW: 2, 50, 216, 634
LW: 2, 50, 188, 512
RW: 2, 50, 216, 634
LW: 2, 50, 188, 512
RW: 2, 50, 216, 634
LW: 2, 50, 189, 512
RW: 2, 50, 217, 634
LW: 2, 50, 189, 512
RW: 2, 50, 217, 634
LW: 2, 50, 189, 512
RW: 2, 50, 218, 634
LW: 2, 50, 189, 512
RW: 2, 50, 218, 634
LW: 2, 50, 190, 512
RW: 2, 50, 218, 634
LW: 2, 50, 190, 512
RW: 2, 50, 219, 634
LW: 2, 50, 190, 504
RW: 2, 50, 219, 635
LW: 2, 50, 191, 504
RW: 2, 50, 220, 635
LW: 2, 50, 191, 504
RW: 2, 50, 220, 635
LW: 2, 50, 191, 504
RW: 2, 50, 220, 635
LW: 2, 50, 191, 504
RW: 2, 50, 220, 635
LW: 2, 50, 192, 504
RW: 2, 50, 221, 635
LW: 2, 50, 192, 504
RW: 2, 50, 221, 635
LW: 2, 50, 192, 504
RW: 2, 50, 222, 635
LW: 2, 50, 193, 504
RW: 2, 50, 222, 635
LW: 2, 50, 193, 504
RW: 2, 50, 222, 635
LW: 2, 50, 193, 504
RW: 2, 50, 223, 635
LW: 2, 50, 193, 504
RW: 2, 50, 223, 635
LW: 2, 50, 194, 504
RW: 2, 50, 224, 635
LW: 2, 50, 194, 504
RW: 2, 50, 224, 635
LW: 2, 50, 194, 504
RW: 2, 50, 224, 635
LW: 2, 50, 195, 504
RW: 2, 50, 224, 635
LW: 2, 50, 195, 504
RW: 2, 50, 225, 635
LW: 2, 50, 195, 504
RW: 2, 50, 225, 635
LW: 2, 50, 195, 504
RW: 2, 50, 226, 634
LW: 2, 50, 196, 503
RW: 2, 50, 226, 634
LW: 2, 50, 196, 503
RW: 2, 50, 226, 634
LW: 2, 50, 196, 503
RW: 2, 50, 227, 634
LW: 2, 50, 197, 503
RW: 2, 50, 227, 634
LW: 2, 50, 197, 503
RW: 2, 50, 228, 634
LW: 2, 50, 197, 503
RW: 2, 50, 228, 634
LW: 2, 50, 197, 503
RW: 2, 50, 228, 634
LW: 2, 50, 198, 503
RW: 2, 50, 228, 634
LW: 2, 50, 198, 503
RW: 2, 50, 229, 634
LW: 2, 50, 199, 503
RW: 2, 50, 230, 634
LW: 2, 50, 199, 503
RW: 2, 50, 230, 634
LW: 2, 50, 199, 503
RW: 2, 50, 230, 634
LW: 2, 50, 199, 503
RW: 2, 50, 230, 634
LW: 2, 50, 200, 503
RW: 2, 50, 231, 634
LW: 2, 50, 200, 503
RW: 2, 50, 231, 634
LW: 2, 50, 200, 503
RW: 2, 50, 232, 634
LW: 2, 50, 201, 503
RW: 2, 50, 232, 634
LW: 2, 50, 201, 503
RW: 2, 50, 232, 635
LW: 2, 50, 201, 504
RW: 2, 50, 233, 635
LW: 2, 50, 201, 504
RW: 2, 50, 233, 635
LW: 2, 50, 202, 504
RW: 2, 50, 234, 635
LW: 2, 50, 202, 504
RW: 2, 50, 234, 635
LW: 2, 50, 202, 504
RW: 2, 50, 234, 635
LW: 2, 50, 203, 504
RW: 2, 50, 235, 635
LW: 2, 50, 203, 504
RW: 2, 50, 235, 635
LW: 2, 50, 203, 504
RW: 2, 50, 236, 635
LW: 2, 50, 203, 504
RW: 2, 50, 236, 635
LW: 2, 50, 204, 504
RW: 2, 50, 236, 635
LW: 2, 50, 204, 504
RW: 2, 50, 236, 635
LW: 2, 50, 204, 504
RW: 2, 50, 237, 635
LW: 2, 50, 205, 504
RW: 2, 50, 237, 635
LW: 2, 50, 205, 504
RW: 2, 50, 238, 635
LW: 2, 50, 205, 504
RW: 2, 50, 238, 635
LW: 2, 50, 206, 504
RW: 2, 50, 238, 635
LW: 2, 50, 206, 504
RW: 2, 50, 238, 635
LW: 2, 50, 206, 504
RW: 2, 50, 239, 635
LW: 2, 50, 207, 504
RW: 2, 50, 240, 633
LW: 2, 50, 207, 512
RW: 2, 50, 240, 633
LW: 2, 50, 207, 512
RW: 2, 50, 240, 633
LW: 2, 50, 207, 512
RW: 2, 50, 241, 633
LW: 2, 50, 208, 512
RW: 2, 50, 241, 633
LW: 2, 50, 208, 512
RW: 2, 50, 242, 633
LW: 2, 50, 208, 512
RW: 2, 50, 242, 633
LW: 2, 50, 209, 512
RW: 2, 50, 242, 633
LW: 2, 50, 209, 512
RW: 2, 50, 242, 633
LW: 2, 50, 209, 512
RW: 2, 50, 243, 633
LW: 2, 50, 209, 512
RW: 2, 50, 243, 633
LW: 2, 50, 210, 512
RW: 2, 50, 244, 633
LW: 2, 50, 210, 512
RW: 2, 50, 244, 633
LW: 2, 50, 210, 512
RW: 2, 50, 244, 633
LW: 2, 50, 211, 512
RW: 2, 50, 245, 633
LW: 2, 50, 211, 512
RW: 2, 50, 245, 633
LW: 2, 50, 211, 512
RW: 2, 50, 246, 633
LW: 2, 50, 211, 512
RW: 2, 50, 246, 633
LW: 2, 50, 212, 513
RW: 2, 50, 246, 635
LW: 2, 50, 212, 513
RW: 2, 50, 246, 635
LW: 2, 50, 213, 513
RW: 2, 50, 247, 635
LW: 2, 50, 213, 513
RW: 2, 50, 247, 635
LW: 2, 50, 213, 513
RW: 2, 50, 248, 635
LW: 2, 50, 213, 513
RW: 2, 50, 248, 635
LW: 2, 50, 214, 513
RW: 2, 50, 248, 635
LW: 2, 50, 214, 513
RW: 2, 50, 249, 635
LW: 2, 50, 214, 513
RW: 2, 50, 249, 635
LW: 2, 50, 215, 513
RW: 2, 50, 250, 635
LW: 2, 50, 215, 513
RW: 2, 50, 250, 635
LW: 2, 50, 215, 513
RW: 2, 50, 250, 635
LW: 2, 50, 215, 513
RW: 2, 50, 251, 635
LW: 2, 50, 216, 513
RW: 2, 50, 251, 635
LW: 2, 50, 216, 513
RW: 2, 50, 252, 635
LW: 2, 50, 216, 513
RW: 2, 50, 252, 635
LW: 2, 50, 217, 513
RW: 2, 50, 252, 635
LW: 2, 50, 217, 513
RW: 2, 50, 252, 635
LW: 2, 50, 217, 513
RW: 2, 50, 253, 648
LW: 2, 50, 217, 507
RW: 2, 50, 253, 648
LW: 2, 50, 218, 507
RW: 2, 50, 254, 648
LW: 2, 50, 218, 507
RW: 2, 50, 254, 648
LW: 2, 50, 218, 507
RW: 2, 50, 254, 648
LW: 2, 50, 219, 507
RW: 2, 50, 255, 648
LW: 2, 50, 219, 507
RW: 2, 50, 255, 648
LW: 2, 50, 219, 507
RW: 2, 50, 256, 648
LW: 2, 50, 219, 507
RW: 2, 50, 256, 648
LW: 2, 50, 220, 507
RW: 2, 50, 256, 648
LW: 2, 50, 220, 507
RW: 2, 50, 256, 648
LW: 2, 50, 221, 507
RW: 2, 50, 257, 648
LW: 2, 50, 221, 507
RW: 2, 50, 258, 648
LW: 2, 50, 221, 507
RW: 2, 50, 258, 648
LW: 2, 50, 221, 507
RW: 2, 50, 258, 648
LW: 2, 50, 222, 507
RW: 2, 50, 258, 648
LW: 2, 50, 222, 507
RW: 2, 50, 259, 648
LW: 2, 50, 223, 507
RW: 2, 50, 259, 648
LW: 2, 50, 223, 507
RW: 2, 50, 260, 648
LW: 2, 50, 223, 515
RW: 2, 50, 260, 646
LW: 2, 50, 223, 515
RW: 2, 50, 260, 646
LW: 2, 50, 223, 515
RW: 2, 50, 261, 646
LW: 2, 50, 224, 515
RW: 2, 50, 261, 646
LW: 2, 50, 224, 515
RW: 2, 50, 262, 646
LW: 2, 50, 225, 515
RW: 2, 50, 262, 646
LW: 2, 50, 225, 515
RW: 2, 50, 262, 646
LW: 2, 50, 225, 515
RW: 2, 50, 262, 646
LW: 2, 50, 225, 515
RW: 2, 50, 263, 646
LW: 2, 50, 226, 515
RW: 2, 50, 263, 646
LW: 2, 50, 226, 515
RW: 2, 50, 264, 646
LW: 2, 50, 226, 515
RW: 2, 50, 264, 646
LW: 2, 50, 227, 515
RW: 2, 50, 264, 646
LW: 2, 50, 227, 515
RW: 2, 50, 265, 646
LW: 2, 50, 227, 515
RW: 2, 50, 265, 646
LW: 2, 50, 227, 515
RW: 2, 50, 266, 646
LW: 2, 50, 228, 515
RW: 2, 50, 266, 646
LW: 2, 50, 228, 515
RW: 2, 50, 266, 646
LW: 2, 50, 228, 515
RW: 2, 50, 266, 638
LW: 2, 50, 229, 507
RW: 2, 50, 267, 638
LW: 2, 50, 229, 507
RW: 2, 50, 267, 638
LW: 2, 50, 229, 507
RW: 2, 50, 268, 638
LW: 2, 50, 229, 507
RW: 2, 50, 268, 638
LW: 2, 50, 230, 507
RW: 2, 50, 268, 638
LW: 2, 50, 230, 507
RW: 2, 50, 269, 638
LW: 2, 50, 230, 507
RW: 2, 50, 269, 638
LW: 2, 50, 231, 507
RW: 2, 50, 270, 638
LW: 2, 50, 231, 507
RW: 2, 50, 270, 638
LW: 2, 50, 231, 507
RW: 2, 50, 270, 638
LW: 2, 50, 231, 507
RW: 2, 50, 271, 638
LW: 2, 50, 232, 507
RW: 2, 50, 271, 638
LW: 2, 50, 232, 507
RW: 2, 50, 272, 638
LW: 2, 50, 233, 507
RW: 2, 50, 272, 638
LW: 2, 50, 233, 507
RW: 2, 50, 272, 638
LW: 2, 50, 233, 507
RW: 2, 50, 272, 638
LW: 2, 50, 233, 507
RW: 2, 50, 273, 638
LW: 2, 50, 234, 507
RW: 2, 50, 273, 638
LW: 2, 50, 234, 517
RW: 2, 50, 274, 640
LW: 2, 50, 234, 517
RW: 2, 50, 274, 640
LW: 2, 50, 235, 517
RW: 2, 50, 274, 640
LW: 2, 50, 235, 517
RW: 2, 50, 275, 640
LW: 2, 50, 235, 517
RW: 2, 50, 275, 640
LW: 2, 50, 235, 517
RW: 2, 50, 276, 640
LW: 2, 50, 236, 517
RW: 2, 50, 276, 640
LW: 2, 50, 236, 517
RW: 2, 50, 276, 640
LW: 2, 50, 236, 517
RW: 2, 50, 276, 640
LW: 2, 50, 237, 517
RW: 2, 50, 277, 640
LW: 2, 50, 237, 517
RW: 2, 50, 277, 640
LW: 2, 50, 237, 517
RW: 2, 50, 278, 640
LW: 2, 50, 237, 517
RW: 2, 50, 278, 640
LW: 2, 50, 238, 517
RW: 2, 50, 278, 640
LW: 2, 50, 238, 517
RW: 2, 50, 279, 640
LW: 2, 50, 238, 517
RW: 2, 50, 279, 640
LW: 2, 50, 239, 517
RW: 2, 50, 280, 640
LW: 2, 50, 239, 517
RW: 2, 50, 280, 640
LW: 2, 50, 239, 517
RW: 2, 50, 280, 640
LW: 2, 50, 239, 517
RW: 2, 50, 280, 636
LW: 2, 50, 240, 505
RW: 2, 50, 281, 636
LW: 2, 50, 240, 505
RW: 2, 50, 281, 636
LW: 2, 50, 240, 505
RW: 2, 50, 282, 636
LW: 2, 50, 241, 505
RW: 2, 50, 282, 636
LW: 2, 50, 241, 505
RW: 2, 50, 282, 636
LW: 2, 50, 241, 505
RW: 2, 50, 283, 636
LW: 2, 50, 241, 505
RW: 2, 50, 283, 636
LW: 2, 50, 242, 505
RW: 2, 50, 284, 636
LW: 2, 50, 242, 505
RW: 2, 50, 284, 636
LW: 2, 50, 243, 505
RW: 2, 50, 284, 636
LW: 2, 50, 243, 505
RW: 2, 50, 284, 636
LW: 2, 50, 243, 505
RW: 2, 50, 285, 636
LW: 2, 50, 243, 505
RW: 2, 50, 286, 636
LW: 2, 50, 244, 505
RW: 2, 50, 286, 636
LW: 2, 50, 244, 505
RW: 2, 50, 286, 636
LW: 2, 50, 244, 505
RW: 2, 50, 286, 636
LW: 2, 50, 245, 505
RW: 2, 50, 287, 636
LW: 2, 50, 245, 505
RW: 2, 50, 287, 636
LW: 2, 50, 245, 516
RW: 2, 50, 288, 638
LW: 2, 50, 245, 516
RW: 2, 50, 288, 638
LW: 2, 50, 246, 516
RW: 2, 50, 288, 638
LW: 2, 50, 246, 516
RW: 2, 50, 288, 638
LW: 2, 50, 246, 516
RW: 2, 50, 289, 638
LW: 2, 50, 247, 516
RW: 2, 50, 290, 638
LW: 2, 50, 247, 516
RW: 2, 50, 290, 638
LW: 2, 50, 247, 516
RW: 2, 50, 290, 638
LW: 2, 50, 247, 516
RW: 2, 50, 290, 638
LW: 2, 50, 248, 516
RW: 2, 50, 291, 638
LW: 2, 50, 248, 516
RW: 2, 50, 291, 638
LW: 2, 50, 248, 516
RW: 2, 50, 292, 638
LW: 2, 50, 249, 516
RW: 2, 50, 292, 638
LW: 2, 50, 249, 516
RW: 2, 50, 292, 638
LW: 2, 50, 249, 516
RW: 2, 50, 293, 638
LW: 2, 50, 249, 516
RW: 2, 50, 293, 638
LW: 2, 50, 250, 516
RW: 2, 50, 294, 638
LW: 2, 50, 250, 516
RW: 2, 50, 294, 638
LW: 2, 50, 250, 516
RW: 2, 50, 294, 637
LW: 2, 50, 251, 515
RW: 2, 50, 294, 637
LW: 2, 50, 251, 515
RW: 2, 50, 295, 637
LW: 2, 50, 251, 515
RW: 2, 50, 295, 637
LW: 2, 50, 251, 515
RW: 2, 50, 296, 637
LW: 2, 50, 252, 515
RW: 2, 50, 296, 637
LW: 2, 50, 252, 515
RW: 2, 50, 296, 637
LW: 2, 50, 253, 515
RW: 2, 50, 297, 637
LW: 2, 50, 253, 515
RW: 2, 50, 297, 637
LW: 2, 50, 253, 515
RW: 2, 50, 298, 637
LW: 2, 50, 253, 515
RW: 2, 50, 298, 637
LW: 2, 50, 254, 515
RW: 2, 50, 298, 637
LW: 2, 50, 254, 515
RW: 2, 50, 298, 637
LW: 2, 50, 254, 515
RW: 2, 50, 299, 637
LW: 2, 50, 255, 515
RW: 2, 50, 299, 637
LW: 2, 50, 255, 515
RW: 2, 50, 300, 637
LW: 2, 50, 255, 515
RW: 2, 50, 300, 637
LW: 2, 50, 255, 515
RW: 2, 50, 300, 637
LW: 2, 50, 256, 515
RW: 2, 50, 301, 637
LW: 2, 50, 256, 515
RW: 2, 50, 301, 647
LW: 2, 50, 256, 515
RW: 2, 50, 302, 647
LW: 2, 50, 257, 515
RW: 2, 50, 302, 647
LW: 2, 50, 257, 515
RW: 2, 50, 302, 647
LW: 2, 50, 257, 515
RW: 2, 50, 302, 647
LW: 2, 50, 257, 515
RW: 2, 50, 303, 647
LW: 2, 50, 258, 515
RW: 2, 50, 303, 647
LW: 2, 50, 258, 515
RW: 2, 50, 304, 647
LW: 2, 50, 259, 515
RW: 2, 50, 304, 647
LW: 2, 50, 259, 515
RW: 2, 50, 304, 647
LW: 2, 50, 259, 515
RW: 2, 50, 305, 647
LW: 2, 50, 259, 515
RW: 2, 50, 305, 647
LW: 2, 50, 259, 515
RW: 2, 50, 306, 647
LW: 2, 50, 260, 515
RW: 2, 50, 306, 647
LW: 2, 50, 260, 515
RW: 2, 50, 306, 647
LW: 2, 50, 261, 515
RW: 2, 50, 306, 647
LW: 2, 50, 261, 515
RW: 2, 50, 307, 647
LW: 2, 50, 261, 515
RW: 2, 50, 307, 647
LW: 2, 50, 261, 515
RW: 2, 50, 308, 647
LW: 2, 50, 262, 506
RW: 2, 50, 308, 647
LW: 2, 50, 262, 506
RW: 2, 50, 308, 647
LW: 2, 50, 262, 506
RW: 2, 50, 309, 647
LW: 2, 50, 263, 506
RW: 2, 50, 309, 647
LW: 2, 50, 263, 506
RW: 2, 50, 310, 647
LW: 2, 50, 263, 506
RW: 2, 50, 310, 647
LW: 2, 50, 263, 506
RW: 2, 50, 310, 647
LW: 2, 50, 264, 506
RW: 2, 50, 310, 647
LW: 2, 50, 264, 506
RW: 2, 50, 311, 647
LW: 2, 50, 264, 506
RW: 2, 50, 311, 647
LW: 2, 50, 265, 506
RW: 2, 50, 312, 647
LW: 2, 50, 265, 506
RW: 2, 50, 312, 647
LW: 2, 50, 265, 506
RW: 2, 50, 312, 647
LW: 2, 50, 265, 506
RW: 2, 50, 313, 647
LW: 2, 50, 266, 506
RW: 2, 50, 313, 647
LW: 2, 50, 266, 506
RW: 2, 50, 314, 647
LW: 2, 50, 267, 506
RW: 2, 50, 314, 647
LW: 2, 50, 267, 506
RW: 2, 50, 314, 647
LW: 2, 50, 267, 506
RW: 2, 50, 314, 647
LW: 2, 50, 267, 514
RW: 2, 50, 315, 635
LW: 2, 50, 267, 514
RW: 2, 50, 316, 635
LW: 2, 50, 268, 514
RW: 2, 50, 316, 635
LW: 2, 50, 268, 514
RW: 2, 50, 316, 635
LW: 2, 50, 269, 514
RW: 2, 50, 316, 635
LW: 2, 50, 269, 514
RW: 2, 50, 317, 635
LW: 2, 50, 269, 514
RW: 2, 50, 317, 635
LW: 2, 50, 269, 514
RW: 2, 50, 318, 635
LW: 2, 50, 270, 514
RW: 2, 50, 318, 635
LW: 2, 50, 270, 514
RW: 2, 50, 318, 635
LW: 2, 50, 271, 514
RW: 2, 50, 319, 635
LW: 2, 50, 271, 514
RW: 2, 50, 319, 635
LW: 2, 50, 271, 514
RW: 2, 50, 320, 635
LW: 2, 50, 271, 514
RW: 2, 50, 320, 635
LW: 2, 50, 272, 514
RW: 2, 50, 320, 635
LW: 2, 50, 272, 514
RW: 2, 50, 320, 635
LW: 2, 50, 272, 514
RW: 2, 50, 321, 635
LW: 2, 50, 273, 514
RW: 2, 50, 322, 635
LW: 2, 50, 273, 523
RW: 2, 50, 322, 635
LW: 2, 50, 273, 523
RW: 2, 50, 322, 635
LW: 2, 50, 273, 523
RW: 2, 50, 322, 635
LW: 2, 50, 274, 523
RW: 2, 50, 323, 635
LW: 2, 50, 274, 523
RW: 2, 50, 323, 635
LW: 2, 50, 274, 523
RW: 2, 50, 324, 635
LW: 2, 50, 275, 523
RW: 2, 50, 324, 635
LW: 2, 50, 275, 523
RW: 2, 50, 324, 635
LW: 2, 50, 275, 523
RW: 2, 50, 325, 635
LW: 2, 50, 275, 523
RW: 2, 50, 325, 635
LW: 2, 50, 276, 523
RW: 2, 50, 326, 635
LW: 2, 50, 276, 523
RW: 2, 50, 326, 635
LW: 2, 50, 276, 523
RW: 2, 50, 326, 635
LW: 2, 50, 277, 523
RW: 2, 50, 326, 635
LW: 2, 50, 277, 523
RW: 2, 50, 327, 635
LW: 2, 50, 277, 523
RW: 2, 50, 327, 635
LW: 2, 50, 277, 523
RW: 2, 50, 328, 635
LW: 2, 50, 278, 523
RW: 2, 50, 328, 635
LW: 2, 50, 278, 523
RW: 2, 50, 328, 636
LW: 2, 50, 279, 515
RW: 2, 50, 329, 636
LW: 2, 50, 279, 515
RW: 2, 50, 329, 636
LW: 2, 50, 279, 515
RW: 2, 50, 330, 636
LW: 2, 50, 279, 515
RW: 2, 50, 330, 636
LW: 2, 50, 280, 515
RW: 2, 50, 330, 636
LW: 2, 50, 280, 515
RW: 2, 50, 330, 636
LW: 2, 50, 280, 515
RW: 2, 50, 331, 636
LW: 2, 50, 281, 515
RW: 2, 50, 332, 636
LW: 2, 50, 281, 515
RW: 2, 50, 332, 636
LW: 2, 50, 281, 515
RW: 2, 50, 332, 636
LW: 2, 50, 281, 515
RW: 2, 50, 332, 636
LW: 2, 50, 282, 515
RW: 2, 50, 333, 636
LW: 2, 50, 282, 515
RW: 2, 50, 333, 636
LW: 2, 50, 282, 515
RW: 2, 50, 334, 636
LW: 2, 50, 283, 515
RW: 2, 50, 334, 636
LW: 2, 50, 283, 515
RW: 2, 50, 334, 636
LW: 2, 50, 283, 515
RW: 2, 50, 335, 636
LW: 2, 50, 283, 515
RW: 2, 50, 335, 636
LW: 2, 50, 284, 515
RW: 2, 50, 336, 644
LW: 2, 50, 284, 523
RW: 2, 50, 336, 644
LW: 2, 50, 285, 523
RW: 2, 50, 336, 644
LW: 2, 50, 285, 523
RW: 2, 50, 336, 644
LW: 2, 50, 285, 523
RW: 2, 50, 337, 644
LW: 2, 50, 285, 523
RW: 2, 50, 337, 644
LW: 2, 50, 285, 523
RW: 2, 50, 338, 644
LW: 2, 50, 286, 523
RW: 2, 50, 338, 644
LW: 2, 50, 286, 523
RW: 2, 50, 338, 644
LW: 2, 50, 287, 523
RW: 2, 50, 338, 644
LW: 2, 50, 287, 523
RW: 2, 50, 339, 644
LW: 2, 50, 287, 523
RW: 2, 50, 340, 644
LW: 2, 50, 287, 523
RW: 2, 50, 340, 644
LW: 2, 50, 288, 523
RW: 2, 50, 340, 644
LW: 2, 50, 288, 523
RW: 2, 50, 340, 644
LW: 2, 50, 288, 523
RW: 2, 50, 341, 644
LW: 2, 50, 289, 523
RW: 2, 50, 341, 644
LW: 2, 50, 289, 523
RW: 2, 50, 342, 644
LW: 2, 50, 289, 523
RW: 2, 50, 342, 644
LW: 2, 50, 289, 514
RW: 2, 50, 342, 645
LW: 2, 50, 290, 514
RW: 2, 50, 343, 645
LW: 2, 50, 290, 514
RW: 2, 50, 343, 645
LW: 2, 50, 290, 514
RW: 2, 50, 344, 645
LW: 2, 50, 291, 514
RW: 2, 50, 344, 645
LW: 2, 50, 291, 514
RW: 2, 50, 344, 645
LW: 2, 50, 291, 514
RW: 2, 50, 344, 645
LW: 2, 50, 291, 514
RW: 2, 50, 345, 645
LW: 2, 50, 292, 514
RW: 2, 50, 345, 645
LW: 2, 50, 292, 514
RW: 2, 50, 346, 645
LW: 2, 50, 292, 514
RW: 2, 50, 346, 645
LW: 2, 50, 293, 514
RW: 2, 50, 346, 645
LW: 2, 50, 293, 514
RW: 2, 50, 347, 645
LW: 2, 50, 293, 514
RW: 2, 50, 347, 645
LW: 2, 50, 293, 514
RW: 2, 50, 348, 645
LW: 2, 50, 294, 514
RW: 2, 50, 348, 645
LW: 2, 50, 294, 514
RW: 2, 50, 348, 645
LW: 2, 50, 294, 514
RW: 2, 50, 348, 645
LW: 2, 50, 295, 514
RW: 2, 50, 349, 645
LW: 2, 50, 295, 514
RW: 2, 50, 349, 645
LW: 2, 50, 295, 523
RW: 2, 50, 350, 645
LW: 2, 50, 295, 523
RW: 2, 50, 350, 645
LW: 2, 50, 296, 523
RW: 2, 50, 350, 645
LW: 2, 50, 296, 523
RW: 2, 50, 351, 645
LW: 2, 50, 297, 523
RW: 2, 50, 351, 645
LW: 2, 50, 297, 523
RW: 2, 50, 352, 645
LW: 2, 50, 297, 523
RW: 2, 50, 352, 645
LW: 2, 50, 297, 523
RW: 2, 50, 352, 645
LW: 2, 50, 298, 523
RW: 2, 50, 352, 645
LW: 2, 50, 298, 523
RW: 2, 50, 353, 645
LW: 2, 50, 298, 523
RW: 2, 50, 353, 645
LW: 2, 50, 299, 523
RW: 2, 50, 354, 645
LW: 2, 50, 299, 523
RW: 2, 50, 354, 645
LW: 2, 50, 299, 523
RW: 2, 50, 354, 645
LW: 2, 50, 299, 523
RW: 2, 50, 355, 645
LW: 2, 50, 300, 523
RW: 2, 50, 355, 645
LW: 2, 50, 300, 523
RW: 2, 50, 356, 645
LW: 2, 50, 300, 523
RW: 2, 50, 356, 645
LW: 2, 50, 301, 523
RW: 2, 50, 356, 644
LW: 2, 50, 301, 522
RW: 2, 50, 356, 644
LW: 2, 50, 301, 522
RW: 2, 50, 357, 644
LW: 2, 50, 301, 522
RW: 2, 50, 357, 644
LW: 2, 50, 302, 522
RW: 2, 50, 358, 644
LW: 2, 50, 302, 522
RW: 2, 50, 358, 644
LW: 2, 50, 303, 522
RW: 2, 50, 358, 644
LW: 2, 50, 303, 522
RW: 2, 50, 359, 644
LW: 2, 50, 303, 522
RW: 2, 50, 359, 644
LW: 2, 50, 303, 522
RW: 2, 50, 360, 644
LW: 2, 50, 303, 522
RW: 2, 50, 360, 644
LW: 2, 50, 304, 522
RW: 2, 50, 360, 644
LW: 2, 50, 304, 522
RW: 2, 50, 360, 644
LW: 2, 50, 305, 522
RW: 2, 50, 361, 644
LW: 2, 50, 305, 522
RW: 2, 50, 362, 644
LW: 2, 50, 305, 522
RW: 2, 50, 362, 644
LW: 2, 50, 305, 522
RW: 2, 50, 362, 644
LW: 2, 50, 305, 522
RW: 2, 50, 362, 644
LW: 2, 50, 306, 522
RW: 2, 50, 363, 644
LW: 2, 50, 306, 522
RW: 2, 50, 363, 642
LW: 2, 50, 307, 521
RW: 2, 50, 364, 642
LW: 2, 50, 307, 521
RW: 2, 50, 364, 642
LW: 2, 50, 307, 521
RW: 2, 50, 364, 642
LW: 2, 50, 307, 521
RW: 2, 50, 365, 642
LW: 2, 50, 308, 521
RW: 2, 50, 365, 642
LW: 2, 50, 308, 521
RW: 2, 50, 366, 642
LW: 2, 50, 308, 521
RW: 2, 50, 366, 642
LW: 2, 50, 309, 521
RW: 2, 50, 366, 642
LW: 2, 50, 309, 521
RW: 2, 50, 366, 642
LW: 2, 50, 309, 521
RW: 2, 50, 367, 642
LW: 2, 50, 309, 521
RW: 2, 50, 367, 642
LW: 2, 50, 310, 521
RW: 2, 50, 368, 642
LW: 2, 50, 310, 521
RW: 2, 50, 368, 642
LW: 2, 50, 310, 521
RW: 2, 50, 368, 642
LW: 2, 50, 311, 521
RW: 2, 50, 369, 642
LW: 2, 50, 311, 521
RW: 2, 50, 369, 642
LW: 2, 50, 311, 521
RW: 2, 50, 370, 642
LW: 2, 50, 312, 521
RW: 2, 50, 370, 642
LW: 2, 50, 312, 521
RW: 2, 50, 370, 642
LW: 2, 50, 312, 518
RW: 2, 50, 370, 639
LW: 2, 50, 312, 518
RW: 2, 50, 371, 639
LW: 2, 50, 313, 518
RW: 2, 50, 371, 639
LW: 2, 50, 313, 518
RW: 2, 50, 372, 639
LW: 2, 50, 313, 518
RW: 2, 50, 372, 639
LW: 2, 50, 313, 518
RW: 2, 50, 372, 639
LW: 2, 50, 314, 518
RW: 2, 50, 373, 639
LW: 2, 50, 314, 518
RW: 2, 50, 373, 639
LW: 2, 50, 315, 518
RW: 2, 50, 374, 639
LW: 2, 50, 315, 518
RW: 2, 50, 374, 639
LW: 2, 50, 315, 518
RW: 2, 50, 374, 639
LW: 2, 50, 315, 518
RW: 2, 50, 374, 639
LW: 2, 50, 316, 518
RW: 2, 50, 375, 639
LW: 2, 50, 316, 518
RW: 2, 50, 375, 639
LW: 2, 50, 316, 518
RW: 2, 50, 376, 639
LW: 2, 50, 317, 518
RW: 2, 50, 376, 639
LW: 2, 50, 317, 518
RW: 2, 50, 376, 639
LW: 2, 50, 317, 518
RW: 2, 50, 376, 639
LW: 2, 50, 317, 518
RW: 2, 50, 377, 641
LW: 2, 50, 318, 520
RW: 2, 50, 378, 641
LW: 2, 50, 318, 520
RW: 2, 50, 378, 641
LW: 2, 50, 318, 520
RW: 2, 50, 378, 641
LW: 2, 50, 319, 520
RW: 2, 50, 378, 641
LW: 2, 50, 319, 520
RW: 2, 50, 379, 641
LW: 2, 50, 319, 520
RW: 2, 50, 379, 641
LW: 2, 50, 319, 520
RW: 2, 50, 380, 641
LW: 2, 50, 320, 520
RW: 2, 50, 380, 641
LW: 2, 50, 320, 520
RW: 2, 50, 380, 641
LW: 2, 50, 321, 520
RW: 2, 50, 381, 641
LW: 2, 50, 321, 520
RW: 2, 50, 381, 641
LW: 2, 50, 321, 520
RW: 2, 50, 382, 641
LW: 2, 50, 321, 520
RW: 2, 50, 382, 641
LW: 2, 50, 321, 520
RW: 2, 50, 382, 641
LW: 2, 50, 322, 520
RW: 2, 50, 383, 641
LW: 2, 50, 322, 520
RW: 2, 50, 383, 641
LW: 2, 50, 323, 520
RW: 2, 50, 384, 641
LW: 2, 50, 323, 520
RW: 2, 50, 384, 641
LW: 2, 50, 323, 520
RW: 2, 50, 384, 650
LW: 2, 50, 323, 519
RW: 2, 50, 384, 650
LW: 2, 50, 324, 519
RW: 2, 50, 385, 650
LW: 2, 50, 324, 519
RW: 2, 50, 385, 650
LW: 2, 50, 324, 519
RW: 2, 50, 386, 650
LW: 2, 50, 325, 519
RW: 2, 50, 386, 650
LW: 2, 50, 325, 519
RW: 2, 50, 386, 650
LW: 2, 50, 325, 519
RW: 2, 50, 387, 650
LW: 2, 50, 325, 519
RW: 2, 50, 387, 650
LW: 2, 50, 326, 519
RW: 2, 50, 388, 650
LW: 2, 50, 326, 519
RW: 2, 50, 388, 650
LW: 2, 50, 326, 519
RW: 2, 50, 388, 650
LW: 2, 50, 327, 519
RW: 2, 50, 388, 650
LW: 2, 50, 327, 519
RW: 2, 50, 389, 650
LW: 2, 50, 327, 519
RW: 2, 50, 389, 650
LW: 2, 50, 327, 519
RW: 2, 50, 390, 650
LW: 2, 50, 328, 519
RW: 2, 50, 390, 650
LW: 2, 50, 328, 519
RW: 2, 50, 390, 650
LW: 2, 50, 328, 519
RW: 2, 50, 391, 641
LW: 2, 50, 329, 519
RW: 2, 50, 391, 641
LW: 2, 50, 329, 519
RW: 2, 50, 392, 641
LW: 2, 50, 329, 519
RW: 2, 50, 392, 641
LW: 2, 50, 330, 519
RW: 2, 50, 392, 641
LW: 2, 50, 330, 519
RW: 2, 50, 393, 641
LW: 2, 50, 330, 519
RW: 2, 50, 393, 641
LW: 2, 50, 331, 519
RW: 2, 50, 394, 641
LW: 2, 50, 331, 519
RW: 2, 50, 394, 641
LW: 2, 50, 331, 519
RW: 2, 50, 394, 641
LW: 2, 50, 331, 519
RW: 2, 50, 394, 641
LW: 2, 50, 332, 519
RW: 2, 50, 395, 641
LW: 2, 50, 332, 519
RW: 2, 50, 395, 641
LW: 2, 50, 332, 519
RW: 2, 50, 396, 641
LW: 2, 50, 333, 519
RW: 2, 50, 396, 641
LW: 2, 50, 333, 519
RW: 2, 50, 396, 641
LW: 2, 50, 333, 519
RW: 2, 50, 397, 641
LW: 2, 50, 333, 519
RW: 2, 50, 397, 641
LW: 2, 50, 334, 519
RW: 2, 50, 398, 641
LW: 2, 50, 334, 519
RW: 2, 50, 398, 650
LW: 2, 50, 335, 519
RW: 2, 50, 398, 650
LW: 2, 50, 335, 519
RW: 2, 50, 398, 650
LW: 2, 50, 335, 519
RW: 2, 50, 399, 650
LW: 2, 50, 335, 519
RW: 2, 50, 399, 650
LW: 2, 50, 336, 519
RW: 2, 50, 400, 650
LW: 2, 50, 336, 519
RW: 2, 50, 400, 650
LW: 2, 50, 336, 519
RW: 2, 50, 400, 650
LW: 2, 50, 337, 519
RW: 2, 50, 401, 650
LW: 2, 50, 337, 519
RW: 2, 50, 401, 650
LW: 2, 50, 337, 519
RW: 2, 50, 402, 650
LW: 2, 50, 337, 519
RW: 2, 50, 402, 650
LW: 2, 50, 337, 519
RW: 2, 50, 402, 650
LW: 2, 50, 338, 519
RW: 2, 50, 402, 650
LW: 2, 50, 338, 519
RW: 2, 50, 403, 650
LW: 2, 50, 339, 519
RW: 2, 50, 403, 650
LW: 2, 50, 339, 519
RW: 2, 50, 404, 650
LW: 2, 50, 339, 519
RW: 2, 50, 404, 650
LW: 2, 50, 339, 519
RW: 2, 50, 404, 650
LW: 2, 50, 340, 510
RW: 2, 50, 405, 641
LW: 2, 50, 340, 510
RW: 2, 50, 405, 641
LW: 2, 50, 340, 510
RW: 2, 50, 406, 641
LW: 2, 50, 341, 510
RW: 2, 50, 406, 641
LW: 2, 50, 341, 510
RW: 2, 50, 406, 641
LW: 2, 50, 341, 510
RW: 2, 50, 406, 641
LW: 2, 50, 341, 510
RW: 2, 50, 407, 641
LW: 2, 50, 342, 510
RW: 2, 50, 407, 641
LW: 2, 50, 342, 510
RW: 2, 50, 408, 641
LW: 2, 50, 342, 510
RW: 2, 50, 408, 641
LW: 2, 50, 343, 510
RW: 2, 50, 408, 641
LW: 2, 50, 343, 510
RW: 2, 50, 409, 641
LW: 2, 50, 343, 510
RW: 2, 50, 409, 641
LW: 2, 50, 343, 510
RW: 2, 50, 410, 641
LW: 2, 50, 344, 510
RW: 2, 50, 410, 641
LW: 2, 50, 344, 510
RW: 2, 50, 410, 641
LW: 2, 50, 344, 510
RW: 2, 50, 410, 641
LW: 2, 50, 345, 510
RW: 2, 50, 411, 641
LW: 2, 50, 345, 510
RW: 2, 50, 412, 641
LW: 2, 50, 345, 518
RW: 2, 50, 412, 639
LW: 2, 50, 345, 518
RW: 2, 50, 412, 639
LW: 2, 50, 346, 518
RW: 2, 50, 412, 639
LW: 2, 50, 346, 518
RW: 2, 50, 413, 639
LW: 2, 50, 346, 518
RW: 2, 50, 413, 639
LW: 2, 50, 347, 518
RW: 2, 50, 414, 639
LW: 2, 50, 347, 518
RW: 2, 50, 414, 639
LW: 2, 50, 347, 518
RW: 2, 50, 414, 639
LW: 2, 50, 347, 518
RW: 2, 50, 415, 639
LW: 2, 50, 348, 518
RW: 2, 50, 415, 639
LW: 2, 50, 348, 518
RW: 2, 50, 416, 639
LW: 2, 50, 349, 518
RW: 2, 50, 416, 639
LW: 2, 50, 349, 518
RW: 2, 50, 416, 639
LW: 2, 50, 349, 518
RW: 2, 50, 416, 639
LW: 2, 50, 349, 518
RW: 2, 50, 417, 639
LW: 2, 50, 350, 518
RW: 2, 50, 418, 639
LW: 2, 50, 350, 518
RW: 2, 50, 418, 639
LW: 2, 50, 350, 518
RW: 2, 50, 418, 639
LW: 2, 50, 351, 518
RW: 2, 50, 418, 639
LW: 2, 50, 351, 519
RW: 2, 50, 419, 640
LW: 2, 50, 351, 519
RW: 2, 50, 419, 640
LW: 2, 50, 351, 519
RW: 2, 50, 420, 640
LW: 2, 50, 352, 519
RW: 2, 50, 420, 640
LW: 2, 50, 352, 519
RW: 2, 50, 420, 640
LW: 2, 50, 352, 519
RW: 2, 50, 420, 640
LW: 2, 50, 353, 519
RW: 2, 50, 421, 640
LW: 2, 50, 353, 519
RW: 2, 50, 421, 640
LW: 2, 50, 353, 519
RW: 2, 50, 422, 640
LW: 2, 50, 354, 519
RW: 2, 50, 422, 640
LW: 2, 50, 354, 519
RW: 2, 50, 423, 640
LW: 2, 50, 355, 519
RW: 2, 50, 424, 640
LW: 2, 50, 355, 519
RW: 2, 50, 424, 640
LW: 2, 50, 356, 519
RW: 2, 50, 425, 640
LW: 2, 50, 356, 519
RW: 2, 50, 426, 648
LW: 2, 50, 357, 518
RW: 2, 50, 426, 648
LW: 2, 50, 357, 518
RW: 2, 50, 427, 648
LW: 2, 50, 358, 518
RW: 2, 50, 428, 648
LW: 2, 50, 358, 518
RW: 2, 50, 428, 648
LW: 2, 50, 359, 518
RW: 2, 50, 429, 648
LW: 2, 50, 359, 518
RW: 2, 50, 429, 648
LW: 2, 50, 359, 518
RW: 2, 50, 430, 648
LW: 2, 50, 360, 518
RW: 2, 50, 430, 648
LW: 2, 50, 361, 518
RW: 2, 50, 431, 648
LW: 2, 50, 361, 518
RW: 2, 50, 432, 648
LW: 2, 50, 362, 518
RW: 2, 50, 432, 639
LW: 2, 50, 362, 518
RW: 2, 50, 433, 639
LW: 2, 50, 363, 518
RW: 2, 50, 434, 639
LW: 2, 50, 363, 518
RW: 2, 50, 434, 639
LW: 2, 50, 363, 518
RW: 2, 50, 435, 639
LW: 2, 50, 364, 518
RW: 2, 50, 436, 639
LW: 2, 50, 365, 518
RW: 2, 50, 436, 639
LW: 2, 50, 365, 518
RW: 2, 50, 437, 639
LW: 2, 50, 365, 518
RW: 2, 50, 437, 639
LW: 2, 50, 366, 518
RW: 2, 50, 438, 639
LW: 2, 50, 367, 518
RW: 2, 50, 439, 639
LW: 2, 50, 367, 518
RW: 2, 50, 439, 639
LW: 2, 50, 367, 518
RW: 2, 50, 440, 648
LW: 2, 50, 368, 509
RW: 2, 50, 440, 648
LW: 2, 50, 369, 509
RW: 2, 50, 441, 648
LW: 2, 50, 369, 509
RW: 2, 50, 442, 648
LW: 2, 50, 369, 509
RW: 2, 50, 442, 648
LW: 2, 50, 370, 509
RW: 2, 50, 443, 648
LW: 2, 50, 371, 509
RW: 2, 50, 444, 648
LW: 2, 50, 371, 509
RW: 2, 50, 444, 648
LW: 2, 50, 371, 509
RW: 2, 50, 445, 648
LW: 2, 50, 372, 509
RW: 2, 50, 446, 648
LW: 2, 50, 373, 509
RW: 2, 50, 446, 648
LW: 2, 50, 373, 509
RW: 2, 50, 447, 638
LW: 2, 50, 373, 518
RW: 2, 50, 448, 638
LW: 2, 50, 374, 518
RW: 2, 50, 448, 638
LW: 2, 50, 375, 518
RW: 2, 50, 448, 638
LW: 2, 50, 375, 518
RW: 2, 50, 449, 638
LW: 2, 50, 375, 518
RW: 2, 50, 450, 638
LW: 2, 50, 376, 518
RW: 2, 50, 450, 638
LW: 2, 50, 377, 518
RW: 2, 50, 451, 638
LW: 2, 50, 377, 518
RW: 2, 50, 452, 638
LW: 2, 50, 378, 518
RW: 2, 50, 452, 638
LW: 2, 50, 378, 518
RW: 2, 50, 453, 638
LW: 2, 50, 379, 518
RW: 2, 50, 454, 639
LW: 2, 50, 379, 519
RW: 2, 50, 454, 639
LW: 2, 50, 380, 519
RW: 2, 50, 455, 639
LW: 2, 50, 380, 519
RW: 2, 50, 456, 639
LW: 2, 50, 381, 519
RW: 2, 50, 456, 639
LW: 2, 50, 381, 519
RW: 2, 50, 457, 639
LW: 2, 50, 382, 519
RW: 2, 50, 458, 639
LW: 2, 50, 382, 519
RW: 2, 50, 458, 639
LW: 2, 50, 383, 519
RW: 2, 50, 459, 639
LW: 2, 50, 383, 519
RW: 2, 50, 460, 639
LW: 2, 50, 384, 519
RW: 2, 50, 460, 639
LW: 2, 50, 384, 509
RW: 2, 50, 461, 648
LW: 2, 50, 385, 509
RW: 2, 50, 461, 648
LW: 2, 50, 385, 509
RW: 2, 50, 462, 648
LW: 2, 50, 386, 509
RW: 2, 50, 462, 648
LW: 2, 50, 386, 509
RW: 2, 50, 463, 648
LW: 2, 50, 387, 509
RW: 2, 50, 464, 648
LW: 2, 50, 387, 509
RW: 2, 50, 464, 648
LW: 2, 50, 388, 509
RW: 2, 50, 465, 648
LW: 2, 50, 388, 509
RW: 2, 50, 466, 648
LW: 2, 50, 389, 509
RW: 2, 50, 466, 648
LW: 2, 50, 389, 509
RW: 2, 50, 467, 648
LW: 2, 50, 390, 508
RW: 2, 50, 468, 637
LW: 2, 50, 390, 508
RW: 2, 50, 468, 637
LW: 2, 50, 391, 508
RW: 2, 50, 469, 637
LW: 2, 50, 391, 508
RW: 2, 50, 469, 637
LW: 2, 50, 392, 508
RW: 2, 50, 470, 637
LW: 2, 50, 392, 508
RW: 2, 50, 470, 637
LW: 2, 50, 393, 508
RW: 2, 50, 471, 637
LW: 2, 50, 393, 508
RW: 2, 50, 472, 637
LW: 2, 50, 394, 508
RW: 2, 50, 472, 637
LW: 2, 50, 394, 508
RW: 2, 50, 473, 637
LW: 2, 50, 395, 508
RW: 2, 50, 474, 648
LW: 2, 50, 395, 519
RW: 2, 50, 474, 648
LW: 2, 50, 396, 519
RW: 2, 50, 475, 648
LW: 2, 50, 396, 519
RW: 2, 50, 476, 648
LW: 2, 50, 397, 519
RW: 2, 50, 476, 648
LW: 2, 50, 397, 519
RW: 2, 50, 477, 648
LW: 2, 50, 398, 519
RW: 2, 50, 478, 648
LW: 2, 50, 398, 519
RW: 2, 50, 478, 648
LW: 2, 50, 399, 519
RW: 2, 50, 478, 648
LW: 2, 50, 399, 519
RW: 2, 50, 479, 648
LW: 2, 50, 400, 519
RW: 2, 50, 480, 648
LW: 2, 50, 400, 519
RW: 2, 50, 480, 648
LW: 2, 50, 401, 519
RW: 2, 50, 481, 639
LW: 2, 50, 401, 519
RW: 2, 50, 482, 639
LW: 2, 50, 402, 519
RW: 2, 50, 482, 639
LW: 2, 50, 402, 519
RW: 2, 50, 483, 639
LW: 2, 50, 403, 519
RW: 2, 50, 484, 639
LW: 2, 50, 403, 519
RW: 2, 50, 484, 639
LW: 2, 50, 404, 519
RW: 2, 50, 485, 639
LW: 2, 50, 404, 519
RW: 2, 50, 485, 639
LW: 2, 50, 405, 519
RW: 2, 50, 486, 639
LW: 2, 50, 405, 519
RW: 2, 50, 486, 639
LW: 2, 50, 406, 519
RW: 2, 50, 487, 639
LW: 2, 50, 406, 511
RW: 2, 50, 488, 640
LW: 2, 50, 407, 511
RW: 2, 50, 488, 640
LW: 2, 50, 407, 511
RW: 2, 50, 489, 640
LW: 2, 50, 408, 511
RW: 2, 50, 490, 640
LW: 2, 50, 408, 511
RW: 2, 50, 490, 640
LW: 2, 50, 409, 511
RW: 2, 50, 491, 640
LW: 2, 50, 409, 511
RW: 2, 50, 492, 640
LW: 2, 50, 410, 511
RW: 2, 50, 492, 640
LW: 2, 50, 410, 511
RW: 2, 50, 493, 640
LW: 2, 50, 411, 511
RW: 2, 50, 494, 640
LW: 2, 50, 411, 511
RW: 2, 50, 494, 640
LW: 2, 50, 412, 503
RW: 2, 50, 494, 633
LW: 2, 50, 412, 503
RW: 2, 50, 495, 633
LW: 2, 50, 413, 503
RW: 2, 50, 496, 633
LW: 2, 50, 413, 503
RW: 2, 50, 497, 633
LW: 2, 50, 414, 503
RW: 2, 50, 498, 633
LW: 2, 50, 415, 503
RW: 2, 50, 498, 633
LW: 2, 50, 415, 503
RW: 2, 50, 499, 633
LW: 2, 50, 416, 503
RW: 2, 50, 500, 633
LW: 2, 50, 416, 503
RW: 2, 50, 500, 633
LW: 2, 50, 417, 503
RW: 2, 50, 500, 633
LW: 2, 50, 417, 503
RW: 2, 50, 501, 642
LW: 2, 50, 418, 512
RW: 2, 50, 502, 642
LW: 2, 50, 418, 512
RW: 2, 50, 502, 642
LW: 2, 50, 419, 512
RW: 2, 50, 503, 642
LW: 2, 50, 419, 512
RW: 2, 50, 504, 642
LW: 2, 50, 420, 512
RW: 2, 50, 504, 642
LW: 2, 50, 420, 512
RW: 2, 50, 505, 642
LW: 2, 50, 421, 512
RW: 2, 50, 506, 642
LW: 2, 50, 421, 512
RW: 2, 50, 506, 642
LW: 2, 50, 422, 512
RW: 2, 50, 507, 642
LW: 2, 50, 422, 512
RW: 2, 50, 508, 642
LW: 2, 50, 423, 512
RW: 2, 50, 508, 635
LW: 2, 50, 423, 523
RW: 2, 50, 508, 635
LW: 2, 50, 424, 523
RW: 2, 50, 509, 635
LW: 2, 50, 424, 523
RW: 2, 50, 510, 635
LW: 2, 50, 425, 523
RW: 2, 50, 510, 635
LW: 2, 50, 425, 523
RW: 2, 50, 511, 635
LW: 2, 50, 426, 523
RW: 2, 50, 512, 635
LW: 2, 50, 426, 523
RW: 2, 50, 512, 635
LW: 2, 50, 427, 523
RW: 2, 50, 513, 635
LW: 2, 50, 427, 523
RW: 2, 50, 514, 635
LW: 2, 50, 428, 523
RW: 2, 50, 514, 635
LW: 2, 50, 428, 523
RW: 2, 50, 515, 636
LW: 2, 50, 429, 514
RW: 2, 50, 516, 636
LW: 2, 50, 429, 514
RW: 2, 50, 516, 636
LW: 2, 50, 430, 514
RW: 2, 50, 516, 636
LW: 2, 50, 430, 514
RW: 2, 50, 517, 636
LW: 2, 50, 431, 514
RW: 2, 50, 518, 636
LW: 2, 50, 431, 514
RW: 2, 50, 518, 636
LW: 2, 50, 432, 514
RW: 2, 50, 519, 636
LW: 2, 50, 432, 514
RW: 2, 50, 520, 636
LW: 2, 50, 433, 514
RW: 2, 50, 520, 636
LW: 2, 50, 433, 514
RW: 2, 50, 521, 636
LW: 2, 50, 434, 514
RW: 2, 50, 522, 637
LW: 2, 50, 434, 515
RW: 2, 50, 522, 637
LW: 2, 50, 435, 515
RW: 2, 50, 523, 637
LW: 2, 50, 435, 515
RW: 2, 50, 523, 637
LW: 2, 50, 436, 515
RW: 2, 50, 524, 637
LW: 2, 50, 436, 515
RW: 2, 50, 524, 637
LW: 2, 50, 437, 515
RW: 2, 50, 525, 637
LW: 2, 50, 437, 515
RW: 2, 50, 526, 637
LW: 2, 50, 438, 515
RW: 2, 50, 526, 637
LW: 2, 50, 438, 515
RW: 2, 50, 527, 637
LW: 2, 50, 439, 515
RW: 2, 50, 528, 637
LW: 2, 50, 439, 515
RW: 2, 50, 528, 637
LW: 2, 50, 440, 515
RW: 2, 50, 529, 637
LW: 2, 50, 440, 515
RW: 2, 50, 530, 637
LW: 2, 50, 441, 515
RW: 2, 50, 530, 637
LW: 2, 50, 441, 515
RW: 2, 50, 531, 637
LW: 2, 50, 442, 515
RW: 2, 50, 532, 637
LW: 2, 50, 442, 515
RW: 2, 50, 532, 637
LW: 2, 50, 443, 515
RW: 2, 50, 533, 637
LW: 2, 50, 443, 515
RW: 2, 50, 533, 637
LW: 2, 50, 444, 515
RW: 2, 50, 534, 637
LW: 2, 50, 444, 515
RW: 2, 50, 534, 637
LW: 2, 50, 445, 515
RW: 2, 50, 535, 636
LW: 2, 50, 445, 524
RW: 2, 50, 536, 636
LW: 2, 50, 446, 524
RW: 2, 50, 536, 636
LW: 2, 50, 446, 524
RW: 2, 50, 537, 636
LW: 2, 50, 447, 524
RW: 2, 50, 538, 636
LW: 2, 50, 447, 524
RW: 2, 50, 538, 636
LW: 2, 50, 448, 524
RW: 2, 50, 539, 636
LW: 2, 50, 448, 524
RW: 2, 50, 540, 636
LW: 2, 50, 449, 524
RW: 2, 50, 540, 636
LW: 2, 50, 449, 524
RW: 2, 50, 541, 636
LW: 2, 50, 450, 524
RW: 2, 50, 542, 636
LW: 2, 50, 450, 524
RW: 2, 50, 542, 634
LW: 2, 50, 451, 522
RW: 2, 50, 542, 634
LW: 2, 50, 451, 522
RW: 2, 50, 543, 634
LW: 2, 50, 452, 522
RW: 2, 50, 544, 634
LW: 2, 50, 452, 522
RW: 2, 50, 544, 634
LW: 2, 50, 453, 522
RW: 2, 50, 545, 634
LW: 2, 50, 453, 522
RW: 2, 50, 546, 634
LW: 2, 50, 454, 522
RW: 2, 50, 546, 634
LW: 2, 50, 454, 522
RW: 2, 50, 547, 634
LW: 2, 50, 455, 522
RW: 2, 50, 548, 634
LW: 2, 50, 455, 522
RW: 2, 50, 548, 634
LW: 2, 50, 456, 522
RW: 2, 50, 549, 636
LW: 2, 50, 456, 514
RW: 2, 50, 550, 636
LW: 2, 50, 457, 514
RW: 2, 50, 550, 636
LW: 2, 50, 457, 514
RW: 2, 50, 551, 636
LW: 2, 50, 458, 514
RW: 2, 50, 551, 636
LW: 2, 50, 458, 514
RW: 2, 50, 552, 636
LW: 2, 50, 459, 514
RW: 2, 50, 552, 636
LW: 2, 50, 459, 514
RW: 2, 50, 553, 636
LW: 2, 50, 460, 514
RW: 2, 50, 554, 636
LW: 2, 50, 460, 514
RW: 2, 50, 554, 636
LW: 2, 50, 461, 514
RW: 2, 50, 555, 636
LW: 2, 50, 461, 514
RW: 2, 50, 556, 643
LW: 2, 50, 462, 513
RW: 2, 50, 556, 643
LW: 2, 50, 462, 513
RW: 2, 50, 557, 643
LW: 2, 50, 463, 513
RW: 2, 50, 558, 643
LW: 2, 50, 463, 513
RW: 2, 50, 558, 643
LW: 2, 50, 464, 513
RW: 2, 50, 559, 643
LW: 2, 50, 464, 513
RW: 2, 50, 560, 643
LW: 2, 50, 465, 513
RW: 2, 50, 560, 643
LW: 2, 50, 465, 513
RW: 2, 50, 560, 643
LW: 2, 50, 466, 513
RW: 2, 50, 561, 643
LW: 2, 50, 466, 513
RW: 2, 50, 562, 643
LW: 2, 50, 467, 513
RW: 2, 50, 562, 635
LW: 2, 50, 467, 524
RW: 2, 50, 563, 635
LW: 2, 50, 468, 524
RW: 2, 50, 564, 635
LW: 2, 50, 469, 524
RW: 2, 50, 564, 635
LW: 2, 50, 469, 524
RW: 2, 50, 565, 635
LW: 2, 50, 469, 524
RW: 2, 50, 566, 635
LW: 2, 50, 470, 524
RW: 2, 50, 566, 635
LW: 2, 50, 471, 524
RW: 2, 50, 567, 635
LW: 2, 50, 471, 524
RW: 2, 50, 568, 635
LW: 2, 50, 471, 524
RW: 2, 50, 568, 635
LW: 2, 50, 472, 524
RW: 2, 50, 569, 635
LW: 2, 50, 472, 524
RW: 2, 50, 569, 633
LW: 2, 50, 473, 522
RW: 2, 50, 570, 633
LW: 2, 50, 473, 522
RW: 2, 50, 570, 633
LW: 2, 50, 474, 522
RW: 2, 50, 571, 633
LW: 2, 50, 474, 522
RW: 2, 50, 572, 633
LW: 2, 50, 475, 522
RW: 2, 50, 572, 633
LW: 2, 50, 475, 522
RW: 2, 50, 573, 633
LW: 2, 50, 476, 522
RW: 2, 50, 574, 633
LW: 2, 50, 477, 522
RW: 2, 50, 574, 633
LW: 2, 50, 477, 522
RW: 2, 50, 575, 633
LW: 2, 50, 477, 522
RW: 2, 50, 576, 633
LW: 2, 50, 478, 522
RW: 2, 50, 576, 633
LW: 2, 50, 479, 513
RW: 2, 50, 577, 633
LW: 2, 50, 479, 513
RW: 2, 50, 577, 633
LW: 2, 50, 479, 513
RW: 2, 50, 578, 633
LW: 2, 50, 480, 513
RW: 2, 50, 578, 633
LW: 2, 50, 481, 513
RW: 2, 50, 579, 633
LW: 2, 50, 481, 513
RW: 2, 50, 580, 633
LW: 2, 50, 481, 513
RW: 2, 50, 580, 633
LW: 2, 50, 482, 513
RW: 2, 50, 581, 633
LW: 2, 50, 483, 513
RW: 2, 50, 582, 633
LW: 2, 50, 483, 513
RW: 2, 50, 582, 633
LW: 2, 50, 484, 513
RW: 2, 50, 583, 633
LW: 2, 50, 484, 521
RW: 2, 50, 584, 642
LW: 2, 50, 485, 521
RW: 2, 50, 584, 642
LW: 2, 50, 485, 521
RW: 2, 50, 585, 642
LW: 2, 50, 485, 521
RW: 2, 50, 586, 642
LW: 2, 50, 486, 521
RW: 2, 50, 586, 642
LW: 2, 50, 487, 521
RW: 2, 50, 587, 642
LW: 2, 50, 487, 521
RW: 2, 50, 587, 642
LW: 2, 50, 487, 521
RW: 2, 50, 588, 642
LW: 2, 50, 488, 521
RW: 2, 50, 588, 642
LW: 2, 50, 489, 521
RW: 2, 50, 589, 642
LW: 2, 50, 489, 521
RW: 2, 50, 590, 642
LW: 2, 50, 489, 512
RW: 2, 50, 590, 642
LW: 2, 50, 490, 512
RW: 2, 50, 591, 642
LW: 2, 50, 491, 512
RW: 2, 50, 592, 642
LW: 2, 50, 491, 512
RW: 2, 50, 592, 642
LW: 2, 50, 492, 512
RW: 2, 50, 593, 642
LW: 2, 50, 492, 512
RW: 2, 50, 594, 642
LW: 2, 50, 493, 512
RW: 2, 50, 594, 642
LW: 2, 50, 493, 512
RW: 2, 50, 595, 642
LW: 2, 50, 494, 512
RW: 2, 50, 596, 642
LW: 2, 50, 494, 512
RW: 2, 50, 596, 642
LW: 2, 50, 495, 512
RW: 2, 50, 596, 633
LW: 2, 50, 495, 522
RW: 2, 50, 597, 633
LW: 2, 50, 496, 522
RW: 2, 50, 598, 633
LW: 2, 50, 496, 522
RW: 2, 50, 598, 633
LW: 2, 50, 497, 522
RW: 2, 50, 599, 633
LW: 2, 50, 497, 522
RW: 2, 50, 600, 633
LW: 2, 50, 498, 522
RW: 2, 50, 600, 633
LW: 2, 50, 498, 522
RW: 2, 50, 601, 633
LW: 2, 50, 499, 522
RW: 2, 50, 602, 633
LW: 2, 50, 499, 522
RW: 2, 50, 602, 633
LW: 2, 50, 500, 522
RW: 2, 50, 603, 633
LW: 2, 50, 500, 522
RW: 2, 50, 604, 634
LW: 2, 50, 501, 522
RW: 2, 50, 604, 634
LW: 2, 50, 501, 522
RW: 2, 50, 604, 634
LW: 2, 50, 502, 522
RW: 2, 50, 605, 634
LW: 2, 50, 502, 522
RW: 2, 50, 606, 634
LW: 2, 50, 503, 522
RW: 2, 50, 606, 634
LW: 2, 50, 503, 522
RW: 2, 50, 607, 634
LW: 2, 50, 504, 522
RW: 2, 50, 608, 634
LW: 2, 50, 504, 522
RW: 2, 50, 608, 634
LW: 2, 50, 505, 522
RW: 2, 50, 609, 634
LW: 2, 50, 505, 522
RW: 2, 50, 610, 634
LW: 2, 50, 506, 522
RW: 2, 50, 610, 634
LW: 2, 50, 506, 515
RW: 2, 50, 611, 636
LW: 2, 50, 507, 515
RW: 2, 50, 612, 636
LW: 2, 50, 507, 515
RW: 2, 50, 612, 636
LW: 2, 50, 508, 515
RW: 2, 50, 613, 636
LW: 2, 50, 508, 515
RW: 2, 50, 614, 636
LW: 2, 50, 509, 515
RW: 2, 50, 614, 636
LW: 2, 50, 509, 515
RW: 2, 50, 615, 636
LW: 2, 50, 510, 515
RW: 2, 50, 615, 636
LW: 2, 50, 510, 515
RW: 2, 50, 616, 636
LW: 2, 50, 511, 515
RW: 2, 50, 616, 636
LW: 2, 50, 511, 515
RW: 2, 50, 617, 636
LW: 2, 50, 512, 523
RW: 2, 50, 618, 643
LW: 2, 50, 513, 523
RW: 2, 50, 618, 643
LW: 2, 50, 513, 523
RW: 2, 50, 619, 643
LW: 2, 50, 513, 523
RW: 2, 50, 620, 643
LW: 2, 50, 514, 523
RW: 2, 50, 620, 643
LW: 2, 50, 515, 523
RW: 2, 50, 621, 643
LW: 2, 50, 515, 523
RW: 2, 50, 622, 643
LW: 2, 50, 515, 523
RW: 2, 50, 622, 643
LW: 2, 50, 516, 523
RW: 2, 50, 623, 643
LW: 2, 50, 517, 523
RW: 2, 50, 624, 643
LW: 2, 50, 517, 523
RW: 2, 50, 624, 637
LW: 2, 50, 518, 524
RW: 2, 50, 625, 637
LW: 2, 50, 518, 524
RW: 2, 50, 626, 637
LW: 2, 50, 519, 524
RW: 2, 50, 626, 637
LW: 2, 50, 519, 524
RW: 2, 50, 627, 637
LW: 2, 50, 520, 524
RW: 2, 50, 628, 637
LW: 2, 50, 520, 524
RW: 2, 50, 628, 637
LW: 2, 50, 521, 524
RW: 2, 50, 629, 637
LW: 2, 50, 521, 524
RW: 2, 50, 629, 637
LW: 2, 50, 522, 524
RW: 2, 50, 630, 637
LW: 2, 50, 523, 524
RW: 2, 50, 630, 637
LW: 2, 50, 523, 524
RW: 2, 50, 631, 642
LW: 2, 50, 523, 521
RW: 2, 50, 632, 642
LW: 2, 50, 524, 521
RW: 2, 50, 632, 642
LW: 2, 50, 525, 521
RW: 2, 50, 633, 642
LW: 2, 50, 525, 521
RW: 2, 50, 634, 642
LW: 2, 50, 525, 521
RW: 2, 50, 634, 642
LW: 2, 50, 526, 521
RW: 2, 50, 635, 642
LW: 2, 50, 527, 521
RW: 2, 50, 636, 642
LW: 2, 50, 527, 521
RW: 2, 50, 636, 642
LW: 2, 50, 527, 521
RW: 2, 50, 637, 642
LW: 2, 50, 528, 521
RW: 2, 50, 638, 642
LW: 2, 50, 529, 521
RW: 2, 50, 638, 645
LW: 2, 50, 529, 523
RW: 2, 50, 639, 645
LW: 2, 50, 529, 523
RW: 2, 50, 639, 645
LW: 2, 50, 530, 523
RW: 2, 50, 640, 645
LW: 2, 50, 531, 523
RW: 2, 50, 640, 645
LW: 2, 50, 531, 523
RW: 2, 50, 641, 645
LW: 2, 50, 531, 523
RW: 2, 50, 642, 645
LW: 2, 50, 532, 523
RW: 2, 50, 642, 645
LW: 2, 50, 533, 523
RW: 2, 50, 643, 645
LW: 2, 50, 533, 523
RW: 2, 50, 644, 645
LW: 2, 50, 534, 523
RW: 2, 50, 644, 645
LW: 2, 50, 534, 523
RW: 2, 50, 645, 645
LW: 2, 50, 535, 532
RW: 2, 50, 646, 645
LW: 2, 50, 535, 532
RW: 2, 50, 646, 645
LW: 2, 50, 536, 532
RW: 2, 50, 647, 645
LW: 2, 50, 536, 532
RW: 2, 50, 648, 645
LW: 2, 50, 537, 532
RW: 2, 50, 648, 645
LW: 2, 50, 537, 532
RW: 2, 50, 649, 645
LW: 2, 50, 538, 532
RW: 2, 50, 649, 645
LW: 2, 50, 538, 532
RW: 2, 50, 650, 645
LW: 2, 50, 539, 532
RW: 2, 50, 650, 645
LW: 2, 50, 539, 532
RW: 2, 50, 651, 645
LW: 2, 50, 540, 532
RW: 2, 50, 652, 646
LW: 2, 50, 540, 524
RW: 2, 50, 652, 646
LW: 2, 50, 541, 524
RW: 2, 50, 653, 646
LW: 2, 50, 541, 524
RW: 2, 50, 654, 646
LW: 2, 50, 542, 524
RW: 2, 50, 654, 646
LW: 2, 50, 542, 524
RW: 2, 50, 655, 646
LW: 2, 50, 543, 524
RW: 2, 50, 656, 646
LW: 2, 50, 543, 524
RW: 2, 50, 656, 646
LW: 2, 50, 544, 524
RW: 2, 50, 657, 646
LW: 2, 50, 544, 524
RW: 2, 50, 658, 646
LW: 2, 50, 545, 524
RW: 2, 50, 658, 646
LW: 2, 50, 545, 524
RW: 2, 50, 659, 646
LW: 2, 50, 546, 533
RW: 2, 50, 660, 645
LW: 2, 50, 546, 533
RW: 2, 50, 660, 645
LW: 2, 50, 547, 533
RW: 2, 50, 661, 645
LW: 2, 50, 547, 533
RW: 2, 50, 661, 645
LW: 2, 50, 548, 533
RW: 2, 50, 662, 645
LW: 2, 50, 549, 533
RW: 2, 50, 662, 645
LW: 2, 50, 549, 533
RW: 2, 50, 663, 645
LW: 2, 50, 549, 533
RW: 2, 50, 664, 645
LW: 2, 50, 550, 533
RW: 2, 50, 664, 645
LW: 2, 50, 551, 533
RW: 2, 50, 665, 645
LW: 2, 50, 551, 533
RW: 2, 50, 666, 655
LW: 2, 50, 551, 524
RW: 2, 50, 666, 655
LW: 2, 50, 552, 524
RW: 2, 50, 667, 655
LW: 2, 50, 553, 524
RW: 2, 50, 668, 655
LW: 2, 50, 553, 524
RW: 2, 50, 668, 655
LW: 2, 50, 553, 524
RW: 2, 50, 669, 655
LW: 2, 50, 554, 524
RW: 2, 50, 670, 655
LW: 2, 50, 555, 524
RW: 2, 50, 670, 655
LW: 2, 50, 555, 524
RW: 2, 50, 671, 655
LW: 2, 50, 555, 524
RW: 2, 50, 671, 655
LW: 2, 50, 556, 524
RW: 2, 50, 672, 655
LW: 2, 50, 557, 524
RW: 2, 50, 672, 655
LW: 2, 50, 557, 523
RW: 2, 50, 673, 645
LW: 2, 50, 558, 523
RW: 2, 50, 674, 645
LW: 2, 50, 558, 523
RW: 2, 50, 674, 645
LW: 2, 50, 559, 523
RW: 2, 50, 675, 645
LW: 2, 50, 559, 523
RW: 2, 50, 676, 645
LW: 2, 50, 560, 523
RW: 2, 50, 676, 645
LW: 2, 50, 560, 523
RW: 2, 50, 677, 645
LW: 2, 50, 561, 523
RW: 2, 50, 678, 645
LW: 2, 50, 561, 523
RW: 2, 50, 678, 645
LW: 2, 50, 562, 523
RW: 2, 50, 679, 645
LW: 2, 50, 562, 523
RW: 0, 19, 680, 655
LW: 2, 50, 563, 533
RW: 0, 19, 680, 655
LW: 2, 50, 563, 533
RW: 0, 19, 681, 655
LW: 2, 50, 564, 533
RW: 0, 19, 682, 655
LW: 2, 50, 565, 533
RW: 0, 19, 682, 655
LW: 2, 50, 565, 533
RW: 0, 19, 683, 655
LW: 2, 50, 566, 533
RW: 0, 19, 684, 655
LW: 2, 50, 566, 533
RW: 0, 19, 684, 655
LW: 2, 50, 567, 533
RW: 0, 19, 685, 655
LW: 2, 50, 567, 533
RW: 0, 19, 685, 655
LW: 2, 50, 568, 533
RW: 0, 19, 686, 655
LW: 2, 50, 568, 533
RW: 0, 18, 686, 646
LW: 2, 50, 569, 524
RW: 0, 18, 687, 646
LW: 2, 50, 569, 524
RW: 0, 18, 688, 646
LW: 2, 50, 570, 524
RW: 0, 18, 688, 646
LW: 2, 50, 570, 524
RW: 0, 18, 689, 646
LW: 2, 50, 571, 524
RW: 0, 18, 690, 646
LW: 2, 50, 571, 524
RW: 0, 18, 690, 646
LW: 2, 50, 572, 524
RW: 0, 18, 690, 646
LW: 2, 50, 572, 524
RW: 0, 18, 691, 646
LW: 2, 50, 573, 524
RW: 0, 18, 692, 646
LW: 2, 50, 573, 524
RW: 0, 3, 692, 638
LW: 2, 50, 574, 535
RW: 0, 3, 693, 638
LW: 2, 50, 574, 535
RW: 0, 3, 694, 638
LW: 2, 50, 575, 535
RW: 0, 3, 694, 638
LW: 2, 50, 575, 535
RW: 0, 3, 694, 638
LW: 2, 50, 576, 535
RW: 0, 3, 695, 638
LW: 2, 50, 577, 535
RW: 0, 3, 696, 638
LW: 2, 50, 577, 535
RW: 0, 3, 696, 638
LW: 2, 50, 577, 535
RW: 0, 3, 697, 638
LW: 2, 50, 578, 535
RW: 0, 3, 697, 638
LW: 2, 50, 579, 535
RW: 0, 3, 698, 638
LW: 2, 50, 579, 535
RW: 0, -12, 698, 632
LW: 2, 50, 580, 528
RW: 0, -12, 699, 632
LW: 2, 50, 580, 528
RW: 0, -12, 699, 632
LW: 2, 50, 581, 528
RW: 0, -12, 700, 632
LW: 2, 50, 581, 528
RW: 0, -12, 700, 632
LW: 2, 50, 581, 528
RW: 0, -12, 701, 632
LW: 2, 50, 582, 528
RW: 0, -12, 701, 632
LW: 2, 50, 583, 528
RW: 0, -12, 702, 632
LW: 2, 50, 583, 528
RW: 0, -12, 702, 632
LW: 2, 50, 583, 528
RW: 0, -12, 703, 632
LW: 2, 50, 584, 528
RW: 0, -12, 703, 632
LW: 2, 50, 585, 528
RW: 0, -27, 704, 622
LW: 2, 50, 585, 527
RW: 0, -27, 704, 622
LW: 2, 50, 586, 527
RW: 0, -27, 704, 622
LW: 2, 50, 586, 527
RW: 0, -27, 705, 622
LW: 2, 50, 587, 527
RW: 0, -27, 706, 622
LW: 2, 50, 587, 527
RW: 0, -27, 706, 622
LW: 2, 50, 588, 527
RW: 0, -27, 706, 622
LW: 2, 50, 588, 527
RW: 0, -27, 707, 622
LW: 2, 50, 589, 527
RW: 0, -27, 707, 622
LW: 2, 50, 589, 527
RW: 0, -27, 708, 622
LW: 2, 50, 590, 527
RW: 0, -27, 708, 622
LW: 2, 50, 590, 527
RW: 0, -23, 708, 594
LW: 2, 50, 591, 528
RW: 0, -23, 708, 594
LW: 2, 50, 591, 528
RW: 0, -23, 709, 594
LW: 2, 50, 592, 528
RW: 0, -23, 710, 594
LW: 2, 50, 592, 528
RW: 0, -23, 710, 594
LW: 2, 50, 593, 528
RW: 0, -23, 710, 594
LW: 2, 50, 593, 528
RW: 0, -23, 710, 594
LW: 2, 50, 594, 528
RW: 0, -23, 710, 594
LW: 2, 50, 594, 528
RW: 0, -23, 711, 594
LW: 2, 50, 595, 528
RW: 0, -23, 711, 594
LW: 2, 50, 595, 528
RW: 0, -23, 712, 594
LW: 2, 50, 596, 528
RW: 0, -23, 712, 594
LW: 2, 50, 596, 527
RW: 0, -33, 712, 565
LW: 2, 50, 597, 527
RW: 0, -33, 712, 565
LW: 2, 50, 597, 527
RW: 0, -33, 713, 565
LW: 2, 50, 598, 527
RW: 0, -33, 713, 565
LW: 2, 50, 598, 527
RW: 0, -33, 714, 565
LW: 2, 50, 599, 527
RW: 0, -33, 714, 565
LW: 2, 50, 599, 527
RW: 0, -33, 714, 565
LW: 2, 50, 600, 527
RW: 0, -33, 714, 565
LW: 2, 50, 601, 527
RW: 0, -33, 714, 565
LW: 2, 50, 601, 527
RW: 0, -33, 714, 565
LW: 2, 50, 601, 527
RW: 0, -33, 715, 528
LW: 2, 50, 602, 528
RW: 0, -33, 715, 528
LW: 2, 50, 603, 528
RW: 0, -33, 715, 528
LW: 2, 50, 603, 528
RW: 0, -33, 716, 528
LW: 2, 50, 603, 528
RW: 0, -33, 716, 528
LW: 2, 50, 604, 528
RW: 0, -33, 716, 528
LW: 2, 50, 605, 528
RW: 0, -33, 716, 528
LW: 2, 50, 605, 528
RW: 0, -33, 716, 528
LW: 2, 50, 605, 528
RW: 0, -33, 716, 528
LW: 2, 50, 606, 528
RW: 0, -33, 716, 528
LW: 2, 50, 607, 528
RW: 0, -33, 717, 528
LW: 2, 50, 607, 528
RW: 0, -33, 717, 528
LW: 2, 50, 607, 527
RW: 0, -31, 717, 480
LW: 2, 50, 608, 527
RW: 0, -31, 717, 480
LW: 2, 50, 609, 527
RW: 0, -31, 717, 480
LW: 2, 50, 609, 527
RW: 0, -31, 718, 480
LW: 2, 50, 609, 527
RW: 0, -31, 718, 480
LW: 2, 50, 610, 527
RW: 0, -31, 718, 480
LW: 2, 50, 611, 527
RW: 0, -31, 718, 480
LW: 2, 50, 611, 527
RW: 0, -31, 718, 480
LW: 2, 50, 611, 527
RW: 0, -31, 718, 480
LW: 2, 50, 612, 527
RW: 0, -31, 718, 480
LW: 2, 50, 613, 527
RW: 0, -27, 718, 433
LW: 2, 50, 613, 527
RW: 0, -27, 718, 433
LW: 2, 50, 614, 527
RW: 0, -27, 718, 433
LW: 2, 50, 614, 527
RW: 0, -27, 718, 433
LW: 2, 50, 615, 527
RW: 0, -27, 718, 433
LW: 2, 50, 615, 527
RW: 0, -27, 718, 433
LW: 2, 50, 615, 527
RW: 0, -27, 718, 433
LW: 2, 50, 616, 527
RW: 0, -27, 719, 433
LW: 2, 50, 617, 527
RW: 0, -27, 719, 433
LW: 2, 50, 617, 527
RW: 0, -27, 719, 433
LW: 2, 50, 618, 527
RW: 0, -27, 719, 433
LW: 2, 50, 618, 527
RW: 0, -27, 719, 433
LW: 2, 50, 619, 527
RW: 0, -29, 719, 367
LW: 2, 50, 619, 525
RW: 0, -29, 719, 367
LW: 2, 50, 620, 525
RW: 0, -29, 719, 367
LW: 2, 50, 620, 525
RW: 0, -29, 719, 367
LW: 2, 50, 621, 525
RW: 0, -29, 719, 367
LW: 2, 50, 621, 525
RW: 0, -29, 719, 367
LW: 2, 50, 622, 525
RW: 0, -29, 719, 367
LW: 2, 50, 622, 525
RW: 0, -29, 719, 367
LW: 2, 50, 623, 525
RW: 0, -29, 719, 367
LW: 2, 50, 623, 525
RW: 0, -29, 719, 367
LW: 2, 50, 624, 525
RW: 0, -22, 719, 310
LW: 2, 50, 625, 524
RW: 0, -22, 719, 310
LW: 2, 50, 625, 524
RW: 0, -22, 719, 310
LW: 2, 50, 625, 524
RW: 0, -22, 718, 310
LW: 2, 50, 626, 524
RW: 0, -22, 718, 310
LW: 2, 50, 626, 524
RW: 0, -22, 718, 310
LW: 2, 50, 627, 524
RW: 0, -22, 718, 310
LW: 2, 50, 627, 524
RW: 0, -22, 718, 310
LW: 2, 50, 628, 524
RW: 0, -22, 718, 310
LW: 2, 50, 629, 524
RW: 0, -22, 718, 310
LW: 2, 50, 629, 524
RW: 0, -22, 718, 310
LW: 2, 50, 629, 524
RW: 0, -22, 718, 310
LW: 2, 50, 630, 522
RW: 0, -13, 718, 243
LW: 2, 50, 630, 522
RW: 0, -13, 718, 243
LW: 2, 50, 631, 522
RW: 0, -13, 718, 243
LW: 2, 50, 631, 522
RW: 0, -13, 718, 243
LW: 2, 50, 632, 522
RW: 0, -13, 718, 243
LW: 2, 50, 633, 522
RW: 0, -13, 718, 243
LW: 2, 50, 633, 522
RW: 0, -13, 718, 243
LW: 2, 50, 633, 522
RW: 0, -13, 718, 243
LW: 2, 50, 634, 522
RW: 0, -13, 718, 243
LW: 2, 50, 634, 522
RW: 0, -13, 718, 243
LW: 2, 50, 635, 522
RW: 0, -20, 718, 186
LW: 2, 50, 639, 522
RW: 0, -20, 718, 186
LW: 2, 50, 639, 522
RW: 0, -20, 717, 186
LW: 2, 50, 640, 522
RW: 0, -20, 717, 186
LW: 2, 50, 641, 522
RW: 0, -10, 717, 121
LW: 2, 50, 641, 523
RW: 0, -10, 717, 121
LW: 2, 50, 641, 523
RW: 0, -10, 717, 121
LW: 2, 50, 642, 523
RW: 0, -10, 717, 121
LW: 2, 50, 643, 523
RW: 0, -10, 717, 121
LW: 2, 50, 643, 523
RW: 0, -10, 717, 121
LW: 2, 50, 643, 523
RW: 0, -10, 717, 121
LW: 2, 50, 644, 523
RW: 0, -10, 717, 121
LW: 2, 50, 645, 523
RW: 0, -10, 717, 121
LW: 2, 50, 645, 523
RW: 0, -10, 716, 121
LW: 2, 50, 646, 523
RW: 0, -8, 716, 74
LW: 2, 50, 647, 515
RW: 0, -8, 716, 74
LW: 2, 50, 647, 515
RW: 0, -8, 716, 74
LW: 2, 50, 648, 515
RW: 0, -8, 716, 74
LW: 2, 50, 648, 515
RW: 0, -8, 716, 74
LW: 2, 50, 649, 515
RW: 0, -8, 716, 74
LW: 2, 50, 649, 515
RW: 0, -8, 716, 74
LW: 2, 50, 650, 515
RW: 0, -8, 716, 74
LW: 2, 50, 651, 515
RW: 0, -8, 716, 74
LW: 2, 50, 651, 515
RW: 0, -15, 716, 36
LW: 2, 50, 651, 517
RW: 0, -15, 716, 36
LW: 2, 50, 652, 517
RW: 0, -15, 716, 36
LW: 2, 50, 653, 517
RW: 0, -15, 716, 36
LW: 2, 50, 653, 517
RW: 0, -15, 716, 36
LW: 2, 50, 654, 517
RW: 0, -15, 716, 36
LW: 2, 50, 654, 517
RW: 0, -15, 716, 36
LW: 2, 50, 655, 517
RW: 0, -15, 716, 36
LW: 2, 50, 655, 517
RW: 0, -15, 716, 36
LW: 2, 50, 656, 517
RW: 0, -15, 716, 36
LW: 2, 50, 657, 517
RW: 0, -15, 716, 8
LW: 2, 50, 657, 508
RW: 0, -15, 716, 8
LW: 2, 50, 657, 508
RW: 0, -15, 715, 8
LW: 2, 50, 658, 508
RW: 0, -15, 715, 8
LW: 2, 50, 659, 508
RW: 0, -15, 715, 8
LW: 2, 50, 659, 508
RW: 0, -15, 715, 8
LW: 2, 50, 660, 508
RW: 0, -15, 715, 8
LW: 2, 50, 660, 508
RW: 0, -15, 715, 8
LW: 2, 50, 661, 508
RW: 0, -15, 715, 8
LW: 2, 50, 661, 508
RW: 0, -5, 715, -19
LW: 2, 50, 662, 520
RW: 0, -5, 715, -19
LW: 2, 50, 663, 520
RW: 0, -5, 714, -19
LW: 2, 50, 663, 520
RW: 0, -5, 714, -19
LW: 2, 50, 663, 520
RW: 0, -5, 714, -19
LW: 2, 50, 664, 520
RW: 0, -5, 714, -19
LW: 2, 50, 665, 520
RW: 0, -5, 714, -19
LW: 2, 50, 665, 520
RW: 0, -5, 714, -19
LW: 2, 50, 665, 520
RW: 0, -5, 714, -19
LW: 2, 50, 666, 520
RW: 0, -5, 714, -19
LW: 2, 50, 667, 520
RW: 0, -5, 714, -19
LW: 2, 50, 667, 520
RW: 0, -3, 714, -38
LW: 2, 50, 667, 511
RW: 0, -3, 714, -38
LW: 2, 50, 668, 511
RW: 0, -3, 714, -38
LW: 2, 50, 669, 511
RW: 0, -3, 714, -38
LW: 2, 50, 669, 511
RW: 0, -3, 714, -38
LW: 2, 50, 670, 511
RW: 0, -3, 714, -38
LW: 2, 50, 671, 511
RW: 0, -3, 714, -38
LW: 2, 50, 671, 511
RW: 0, -3, 714, -38
LW: 2, 50, 672, 511
RW: 0, -3, 713, -38
LW: 2, 50, 672, 511
RW: 0, 0, 713, -57
LW: 2, 50, 673, 504
RW: 0, 0, 713, -57
LW: 2, 50, 673, 504
RW: 0, 0, 713, -57
LW: 2, 50, 674, 504
RW: 0, 0, 713, -57
LW: 2, 50, 674, 504
RW: 0, 0, 713, -57
LW: 2, 50, 675, 504
RW: 0, 0, 713, -57
LW: 2, 50, 675, 504
RW: 0, 0, 713, -57
LW: 2, 50, 676, 504
RW: 0, 0, 713, -57
LW: 2, 50, 676, 504
RW: 0, 0, 713, -57
LW: 2, 50, 677, 504
RW: 0, 0, 713, -57
LW: 2, 50, 677, 504
RW: 0, 2, 712, -57
LW: 0, 38, 678, 505
RW: 0, 2, 712, -57
LW: 0, 38, 679, 505
RW: 0, 2, 712, -57
LW: 0, 38, 679, 505
RW: 0, 2, 712, -57
LW: 0, 38, 679, 505
RW: 0, 2, 712, -57
LW: 0, 38, 680, 505
RW: 0, 2, 712, -57
LW: 0, 38, 680, 505
RW: 0, 2, 712, -57
LW: 0, 38, 681, 505
RW: 0, 2, 712, -57
LW: 0, 38, 681, 505
RW: 0, 2, 712, -57
LW: 0, 38, 682, 505
RW: 0, 2, 712, -57
LW: 0, 38, 682, 505
RW: 0, 2, 712, -57
LW: 0, 38, 683, 505
RW: 0, -5, 712, -57
LW: 0, 32, 683, 505
RW: 0, -5, 712, -57
LW: 0, 32, 684, 505
RW: 0, -5, 712, -57
LW: 0, 32, 685, 505
RW: 0, -5, 712, -57
LW: 0, 32, 685, 505
RW: 0, -5, 712, -57
LW: 0, 32, 685, 505
RW: 0, -5, 712, -57
LW: 0, 32, 686, 505
RW: 0, -5, 712, -57
LW: 0, 32, 686, 505
RW: 0, -5, 712, -57
LW: 0, 32, 687, 505
RW: 0, -5, 712, -57
LW: 0, 32, 687, 505
RW: 0, -5, 712, -57
LW: 0, 32, 688, 505
RW: 0, -5, 712, -57
LW: 0, 20, 688, 505
RW: 0, -5, 712, -57
LW: 0, 20, 689, 505
RW: 0, -5, 712, -57
LW: 0, 20, 689, 505
RW: 0, -5, 712, -57
LW: 0, 20, 689, 505
RW: 0, -5, 712, -57
LW: 0, 20, 690, 505
RW: 0, -5, 712, -57
LW: 0, 20, 690, 505
RW: 0, -5, 712, -57
LW: 0, 20, 691, 505
RW: 0, -5, 712, -57
LW: 0, 20, 691, 505
RW: 0, -5, 712, -57
LW: 0, 20, 691, 505
RW: 0, -5, 712, -57
LW: 0, 20, 692, 505
RW: 0, -5, 712, -47
LW: 0, 17, 692, 486
RW: 0, -5, 712, -47
LW: 0, 17, 693, 486
RW: 0, -5, 712, -47
LW: 0, 17, 693, 486
RW: 0, -5, 712, -47
LW: 0, 17, 693, 486
RW: 0, -5, 712, -47
LW: 0, 17, 694, 486
RW: 0, -5, 712, -47
LW: 0, 17, 694, 486
RW: 0, -5, 712, -47
LW: 0, 17, 695, 486
RW: 0, -5, 712, -47
LW: 0, 17, 695, 486
RW: 0, -5, 712, -47
LW: 0, 17, 695, 486
RW: 0, -5, 712, -47
LW: 0, 17, 696, 486
RW: 0, -5, 712, -47
LW: 0, 17, 696, 486
RW: 0, 4, 711, -47
LW: 0, 7, 697, 475
RW: 0, 4, 711, -47
LW: 0, 7, 697, 475
RW: 0, 4, 711, -47
LW: 0, 7, 697, 475
RW: 0, 4, 711, -47
LW: 0, 7, 698, 475
RW: 0, 4, 711, -47
LW: 0, 7, 698, 475
RW: 0, 4, 711, -47
LW: 0, 7, 699, 475
RW: 0, 4, 711, -47
LW: 0, 7, 699, 475
RW: 0, 4, 711, -47
LW: 0, 7, 699, 475
RW: 0, 4, 711, -47
LW: 0, 7, 699, 475
RW: 0, 4, 711, -47
LW: 0, 7, 700, 475
RW: 0, -2, 711, -47
LW: 0, -3, 700, 465
RW: 0, -2, 711, -47
LW: 0, -3, 700, 465
RW: 0, -2, 711, -47
LW: 0, -3, 701, 465
RW: 0, -2, 711, -47
LW: 0, -3, 701, 465
RW: 0, -2, 711, -47
LW: 0, -3, 701, 465
RW: 0, -2, 711, -47
LW: 0, -3, 701, 465
RW: 0, -2, 711, -47
LW: 0, -3, 702, 465
RW: 0, -2, 711, -47
LW: 0, -3, 702, 465
RW: 0, -2, 711, -47
LW: 0, -3, 702, 465
RW: 0, -2, 711, -47
LW: 0, -3, 703, 465
RW: 0, -2, 711, -47
LW: 0, -3, 703, 446
RW: 0, -2, 711, -47
LW: 0, -3, 703, 446
RW: 0, -2, 711, -47
LW: 0, -3, 703, 446
RW: 0, -2, 711, -47
LW: 0, -3, 703, 446
RW: 0, -2, 711, -47
LW: 0, -3, 703, 446
RW: 0, -2, 711, -47
LW: 0, -3, 704, 446
RW: 0, -2, 711, -47
LW: 0, -3, 704, 446
RW: 0, -2, 711, -47
LW: 0, -3, 704, 446
RW: 0, -2, 711, -47
LW: 0, -3, 705, 446
RW: 0, -2, 711, -47
LW: 0, -3, 705, 446
RW: 0, -2, 711, -37
LW: 0, -1, 705, 407
RW: 0, -2, 711, -37
LW: 0, -1, 705, 407
RW: 0, -2, 711, -37
LW: 0, -1, 705, 407
RW: 0, -2, 711, -37
LW: 0, -1, 705, 407
RW: 0, -2, 711, -37
LW: 0, -1, 706, 407
RW: 0, -2, 711, -37
LW: 0, -1, 706, 407
RW: 0, -2, 711, -37
LW: 0, -1, 706, 407
RW: 0, -2, 711, -37
LW: 0, -1, 706, 407
RW: 0, -2, 711, -37
LW: 0, -1, 706, 407
RW: 0, -2, 711, -37
LW: 0, -1, 707, 407
RW: 0, -2, 711, -28
LW: 0, -6, 707, 378
RW: 0, -2, 711, -28
LW: 0, -6, 707, 378
RW: 0, -2, 711, -28
LW: 0, -6, 707, 378
RW: 0, -2, 711, -28
LW: 0, -6, 707, 378
RW: 0, -2, 711, -28
LW: 0, -6, 707, 378
RW: 0, -2, 711, -28
LW: 0, -6, 707, 378
RW: 0, -2, 711, -28
LW: 0, -6, 707, 378
RW: 0, -2, 711, -28
LW: 0, -6, 708, 378
RW: 0, -2, 711, -28
LW: 0, -6, 708, 378
RW: 0, -2, 711, -28
LW: 0, -6, 708, 378
RW: 0, -2, 711, -18
LW: 0, -2, 708, 340
RW: 0, -2, 711, -18
LW: 0, -2, 708, 340
RW: 0, -2, 711, -18
LW: 0, -2, 708, 340
RW: 0, -2, 711, -18
LW: 0, -2, 708, 340
RW: 0, -2, 711, -18
LW: 0, -2, 708, 340
RW: 0, -2, 711, -18
LW: 0, -2, 709, 340
RW: 0, -2, 711, -18
LW: 0, -2, 709, 340
RW: 0, -2, 711, -18
LW: 0, -2, 709, 340
RW: 0, -2, 711, -18
LW: 0, -2, 709, 340
RW: 0, -2, 711, -18
LW: 0, -2, 709, 340
RW: 0, -2, 711, -18
LW: 0, -4, 709, 303
RW: 0, -2, 711, -18
LW: 0, -4, 709, 303
RW: 0, -2, 711, -18
LW: 0, -4, 709, 303
RW: 0, -2, 711, -18
LW: 0, -4, 709, 303
RW: 0, -2, 711, -18
LW: 0, -4, 709, 303
RW: 0, -2, 711, -18
LW: 0, -4, 709, 303
RW: 0, -2, 711, -18
LW: 0, -4, 709, 303
RW: 0, -2, 711, -18
LW: 0, -4, 709, 303
RW: 0, -2, 711, -18
LW: 0, -4, 709, 303
RW: 0, -2, 711, -18
LW: 0, -4, 709, 303
RW: 0, -2, 711, -9
LW: 0, 2, 709, 246
RW: 0, -2, 711, -9
LW: 0, 2, 709, 246
RW: 0, -2, 711, -9
LW: 0, 2, 710, 246
RW: 0, -2, 711, -9
LW: 0, 2, 710, 246
RW: 0, -2, 711, -9
LW: 0, 2, 710, 246
RW: 0, -2, 711, -9
LW: 0, 2, 710, 246
RW: 0, -2, 711, -9
LW: 0, 2, 710, 246
RW: 0, -2, 711, -9
LW: 0, 2, 710, 246
RW: 0, -2, 711, -9
LW: 0, 2, 710, 246
RW: 0, -2, 711, -9
LW: 0, 2, 710, 246
RW: 0, -2, 711, -9
LW: 0, -7, 710, 209
RW: 0, -2, 711, -9
LW: 0, -7, 710, 209
RW: 0, -2, 711, -9
LW: 0, -7, 710, 209
RW: 0, -2, 711, -9
LW: 0, -7, 710, 209
RW: 0, -2, 711, -9
LW: 0, -7, 710, 209
RW: 0, -2, 711, -9
LW: 0, -7, 710, 209
RW: 0, -2, 711, -9
LW: 0, -7, 710, 209
RW: 0, -2, 711, -9
LW: 0, -7, 710, 209
RW: 0, -2, 711, -9
LW: 0, -7, 710, 209
RW: 0, -2, 711, -9
LW: 0, -7, 710, 209
RW: 0, -2, 711, -9
LW: 0, 0, 710, 171
RW: 0, -2, 711, -9
LW: 0, 0, 710, 171
RW: 0, -2, 711, -9
LW: 0, 0, 710, 171
RW: 0, -2, 711, -9
LW: 0, 0, 710, 171
RW: 0, -2, 711, -9
LW: 0, 0, 710, 171
RW: 0, -2, 711, -9
LW: 0, 0, 710, 171
RW: 0, -2, 711, -9
LW: 0, 0, 710, 171
RW: 0, -2, 711, -9
LW: 0, 0, 710, 171
RW: 0, -2, 711, -9
LW: 0, 0, 710, 171
RW: 0, -2, 711, -9
LW: 0, 0, 710, 171
RW: 0, -2, 711, 0
LW: 0, 0, 710, 133
RW: 0, -2, 711, 0
LW: 0, 0, 710, 133
RW: 0, -2, 711, 0
LW: 0, 0, 710, 133
RW: 0, -2, 711, 0
LW: 0, 0, 710, 133
RW: 0, -2, 711, 0
LW: 0, 0, 710, 133
RW: 0, -2, 711, 0
LW: 0, 0, 710, 133
RW: 0, -2, 711, 0
LW: 0, 0, 710, 133
RW: 0, -2, 711, 0
LW: 0, 0, 710, 133
RW: 0, -2, 711, 0
LW: 0, 0, 710, 133
RW: 0, -2, 711, 0
LW: 0, 0, 710, 133
RW: 0, -2, 711, 0
LW: 0, 0, 710, 95
RW: 0, -2, 711, 0
LW: 0, 0, 710, 95
RW: 0, -2, 711, 0
LW: 0, 0, 710, 95
RW: 0, -2, 711, 0
LW: 0, 0, 710, 95
RW: 0, -2, 711, 0
LW: 0, 0, 710, 95
RW: 0, -2, 711, 0
LW: 0, 0, 710, 95
RW: 0, -2, 711, 0
LW: 0, 0, 710, 95
RW: 0, -2, 711, 0
LW: 0, 0, 710, 95
RW: 0, -2, 711, 0
LW: 0, 0, 710, 95
RW: 0, -2, 711, 0
LW: 0, 0, 710, 95
RW: 0, -2, 711, 0
LW: 0, 0, 710, 66
RW: 0, -2, 711, 0
LW: 0, 0, 710, 66
RW: 0, -2, 711, 0
LW: 0, 0, 710, 66
RW: 0, -2, 711, 0
LW: 0, 0, 710, 66
RW: 0, -2, 711, 0
LW: 0, 0, 710, 66
RW: 0, -2, 711, 0
LW: 0, 0, 710, 66
RW: 0, -2, 711, 0
LW: 0, 0, 710, 66
RW: 0, -2, 711, 0
LW: 0, 0, 710, 66
RW: 0, -2, 711, 0
LW: 0, 0, 710, 66
RW: 0, -2, 711, 0
LW: 0, 0, 710, 66
RW: 0, -2, 711, 0
LW: 0, 0, 710, 47
RW: 0, -2, 711, 0
LW: 0, 0, 710, 47
RW: 0, -2, 711, 0
LW: 0, 0, 710, 47
RW: 0, -2, 711, 0
LW: 0, 0, 710, 47
RW: 0, -2, 711, 0
LW: 0, 0, 710, 47
RW: 0, -2, 711, 0
LW: 0, 0, 710, 47
RW: 0, -2, 711, 0
LW: 0, 0, 710, 47
RW: 0, -2, 711, 0
LW: 0, 0, 710, 47
RW: 0, -2, 711, 0
LW: 0, 0, 710, 47
RW: 0, -2, 711, 0
LW: 0, 0, 710, 47
RW: 0, -2, 711, 0
LW: 0, 0, 710, 28
RW: 0, -2, 711, 0
LW: 0, 0, 710, 28
RW: 0, -2, 711, 0
LW: 0, 0, 710, 28
RW: 0, -2, 711, 0
LW: 0, 0, 710, 28
RW: 0, -2, 711, 0
LW: 0, 0, 710, 28
RW: 0, -2, 711, 0
LW: 0, 0, 710, 28
RW: 0, -2, 711, 0
LW: 0, 0, 710, 28
RW: 0, -2, 711, 0
LW: 0, 0, 710, 28
RW: 0, -2, 711, 0
LW: 0, 0, 710, 28
RW: 0, -2, 711, 0
LW: 0, 0, 710, 28
RW: 0, -2, 711, 0
LW: 0, 0, 710, 19
RW: 0, -2, 711, 0
LW: 0, 0, 710, 19
RW: 0, -2, 711, 0
LW: 0, 0, 710, 19
RW: 0, -2, 711, 0
LW: 0, 0, 710, 19
RW: 0, -2, 711, 0
LW: 0, 0, 710, 19
RW: 0, -2, 711, 0
LW: 0, 0, 710, 19
RW: 0, -2, 711, 0
LW: 0, 0, 710, 19
RW: 0, -2, 711, 0
LW: 0, 0, 710, 19
RW: 0, -2, 711, 0
LW: 0, 0, 710, 19
RW: 0, -2, 711, 0
LW: 0, 0, 710, 19
RW: 0, -2, 711, 0
LW: 0, 0, 710, 9
RW: 0, -2, 711, 0
LW: 0, 0, 710, 9
RW: 0, -2, 711, 0
LW: 0, 0, 710, 9
RW: 0, -2, 711, 0
LW: 0, 0, 710, 9
RW: 0, -2, 711, 0
LW: 0, 0, 710, 9
RW: 0, -2, 711, 0
LW: 0, 0, 710, 9
RW: 0, -2, 711, 0
LW: 0, 0, 710, 9
RW: 0, -2, 711, 0
LW: 0, 0, 710, 9
RW: 0, -2, 711, 0
LW: 0, 0, 710, 9
RW: 0, -2, 711, 0
LW: 0, 0, 710, 9
RW: 0, -2, 711, 0
LW: 0, 0, 710, 9
RW: 0, -2, 711, 0
LW: 0, 0, 710, 9
RW: 0, -2, 711, 0
LW: 0, 0, 710, 9
RW: 0, -2, 711, 0
LW: 0, 0, 710, 9
RW: 0, -2, 711, 0
LW: 0, 0, 710, 9
RW: 0, -2, 711, 0
LW: 0, 0, 710, 9
RW: 0, -2, 711, 0
LW: 0, 0, 710, 9
RW: 0, -2, 711, 0
LW: 0, 0, 710, 9
RW: 0, -2, 711, 0
LW: 0, 0, 710, 9
RW: 0, -2, 711, 0
LW: 0, 0, 710, 9
RW: 0, -2, 711, 0
LW: 0, 0, 710, 0
RW: 0, -2, 711, 0
LW: 0, 0, 710, 0
RW: 0, -2, 711, 0
LW: 0, 0, 710, 0
RW: 0, -2, 711, 0
LW: 0, 0, 710, 0
RW: 0, -2, 711, 0
LW: 0, 0, 710, 0
RW: 0, -2, 711, 0
LW: 0, 0, 710, 0
RW: 0, -2, 711, 0
LW: 0, 0, 710, 0
RW: 0, -2, 711, 0
LW: 0, 0, 710, 0
RW: 0, -2, 711, 0
LW: 0, 0, 710, 0
RW: 0, -2, 711, 0
LW: 0, 0, 710, 0
RW: 0, -2, 711, 0
LW: 0, 0, 710, 0
RW: 0, -2, 711, 0
LW: 0, 0, 710, 0
RW: 0, -2, 711, 0
LW: 0, 0, 710, 0
RW: 0, -2, 711, 0
LW: 0, 0, 710, 0
RW: 0, -2, 711, 0
LW: 0, 0, 710, 0
RW: 0, -2, 711, 0
LW: 0, 0, 710, 0
RW: 0, -2, 711, 0
LW: 0, 0, 710, 0
RW: 0, -2, 711, 0
LW: 0, 0, 710, 0
RW: 0, -2, 711, 0
LW: 0, 0, 710, 0
RW: 0, -2, 711, 0
LW: 0, 0, 710, 0
RW: 0, -2, 711, 0
LW: 0, 0, 710, 0
RW: 0, -2, 711, 0
LW: 0, 0, 710, 0
RW: 0, -2, 711, 0
LW: 0, 0, 710, 0
RW: 0, -2, 711, 0
LW: 0, 0, 710, 0
RW: 0, -2, 711, 0
LW: 0, 0, 710, 0
RW: 0, -2, 711, 0
LW: 0, 0, 710, 0
RW: 0, -2, 711, 0
LW: 0, 0, 710, 0
RW: 0, -2, 711, 0
LW: 0, 0, 710, 0
RW: 0, -2, 711, 0
LW: 0, 0, 710, 0
RW: 0, -2, 711, 0
LW: 0, 0, 710, 0
RW: 0, -2, 711, 0
LW: 0, 0, 710, 0
RW: 0, -2, 711, 0
LW: 0, 0, 710, 0
RW: 0, -2, 711, 0
LW: 0, 0, 710, 0
RW: 0, -2, 711, 0
LW: 0, 0, 710, 0
RW: 0, -2, 711, 0
LW: 0, 0, 710, 0
RW: 0, -2, 711, 0
LW: 0, 0, 710, 0
RW: 0, -2, 711, 0
LW: 0, 0, 710, 0
RW: 0, -2, 711, 0
LW: 0, 0, 710, 0
RW: 0, -2, 711, 0
LW: 0, 0, 710, 0
RW: 0, -2, 711, 0
LW: 0, 0, 710, 0
RW: 0, -2, 711, 0
LW: 0, 0, 710, 0
RW: 0, -2, 711, 0
LW: 0, 0, 710, 0
RW: 0, -2, 711, 0
LW: 0, 0, 710, 0
RW: 0, -2, 711, 0
LW: 0, 0, 710, 0
RW: 0, -2, 711, 0
LW: 0, 0, 710, 0
RW: 0, -2, 711, 0
LW: 0, 0, 710, 0
RW: 0, -2, 711, 0
LW: 0, 0, 710, 0
RW: 0, -2, 711, 0
LW: 0, 0, 710, 0
RW: 0, -2, 711, 0
LW: 0, 0, 710, 0
RW: 0, -2, 711, 0
LW: 0, 0, 710, 0
RW: 0, -2, 711, 0
LW: 0, 0, 710, 0
RW: 0, -2, 711, 0
LW: 0, 0, 710, 0
RW: 0, -2, 711, 0
LW: 0, 0, 710, 0
RW: 0, -2, 711, 0
LW: 0, 0, 710, 0
RW: 0, -2, 711, 0
LW: 0, 0, 710, 0
RW: 0, -2, 711, 0
LW: 0, 0, 710, 0
RW: 0, -2, 711, 0
LW: 0, 0, 710, 0
RW: 0, -2, 711, 0
LW: 0, 0, 710, 0
RW: 0, -2, 711, 0
LW: 0, 0, 710, 0
RW: 0, -2, 711, 0
LW: 0, 0, 710, 0
RW: 0, -2, 711, 0
LW: 0, 0, 710, 0
RW: 0, -2, 711, 0
LW: 0, 0, 710, 0
RW: 0, -2, 711, 0
LW: 0, 0, 710, 0
RW: 0, -2, 711, 0
LW: 0, 0, 710, 0
RW: 0, -2, 711, 0
LW: 0, 0, 710, 0
RW: 0, -2, 711, 0
LW: 0, 0, 710, 0
RW: 0, -2, 711, 0
LW: 0, 0, 710, 0
RW: 0, -2, 711, 0
LW: 0, 0, 710, 0
RW: 0, -2, 711, 0
LW: 0, 0, 710, 0
RW: 0, -2, 711, 0
LW: 0, 0, 710, 0
RW: 0, -2, 711, 0
LW: 0, 0, 710, 0
RW: 0, -2, 711, 0
LW: 0, 0, 710, 0
RW: 0, -2, 711, 0
LW: 0, 0, 710, 0
RW: 0, -2, 711, 0
LW: 0, 0, 710, 0
RW: 0, -2, 711, 0
LW: 0, 0, 710, 0
RW: 0, -2, 711, 0
LW: 0, 0, 710, 0
RW: 0, -2, 711, 0
LW: 0, 0, 710, 0
RW: 0, -2, 711, 0
LW: 0, 0, 710, 0
RW: 0, -2, 711, 0
LW: 0, 0, 710, 0
RW: 0, -2, 711, 0
LW: 0, 0, 710, 0
RW: 0, -2, 711, 0
LW: 0, 0, 710, 0
RW: 0, -2, 711, 0
LW: 0, 0, 710, 0
RW: 0, -2, 711, 0
LW: 0, 0, 710, 0
RW: 0, -2, 711, 0
LW: 0, 0, 710, 0
RW: 0, -2, 711, 0
LW: 0, 0, 710, 0
RW: 0, -2, 711, 0
LW: 0, 0, 710, 0
RW: 0, -2, 711, 0
LW: 0, 0, 710, 0
RW: 0, -2, 711, 0
LW: 0, 0, 710, 0
RW: 0, -2, 711, 0
LW: 0, 0, 710, 0
RW: 0, -2, 711, 0
LW: 0, 0, 710, 0
RW: 0, -2, 711, 0
LW: 0, 0, 710, 0
RW: 0, -2, 711, 0
LW: 0, 0, 710, 0
RW: 0, -2, 711, 0
LW: 0, 0, 710, 0
RW: 0, -2, 711, 0
LW: 0, 0, 710, 0
RW: 0, -2, 711, 0
LW: 0, 0, 710, 0
RW: 0, -2, 711, 0
LW: 0, 0, 710, 0
RW: 0, -2, 711, 0
LW: 0, 0, 710, 0
RW: 0, -2, 711, 0
LW: 0, 0, 710, 0
RW: 0, -2, 711, 0
LW: 0, 0, 710, 0
RW: 0, -2, 711, 0
LW: 0, 0, 710, 0
RW: 0, -2, 711, 0
LW: 0, 0, 710, 0
RW: 0, -2, 711, 0
LW: 0, 0, 710, 0
RW: 0, -2, 711, 0
LW: 0, 0, 710, 0
RW: 0, -2, 711, 0
LW: 0, 0, 710, 0
RW: 0, -2, 711, 0
LW: 0, 0, 710, 0
RW: 0, -2, 711, 0
LW: 0, 0, 710, 0
RW: 0, -2, 711, 0
LW: 0, 0, 710, 0
RW: 0, -2, 711, 0
LW: 0, 0, 710, 0
RW: 0, -2, 711, 0
LW: 0, 0, 710, 0
RW: 0, -2, 711, 0
LW: 0, 0, 710, 0
RW: 0, -2, 711, 0
LW: 0, 0, 710, 0
RW: 0, -2, 711, 0
LW: 0, 0, 710, 0
RW: 0, -2, 711, 0
LW: 0, 0, 710, 0
RW: 0, -2, 711, 0
LW: 0, 0, 710, 0
RW: 0, -2, 711, 0
LW: 0, 0, 710, 0
RW: 0, -2, 711, 0
LW: 0, 0, 710, 0
RW: 0, -2, 711, 0
LW: 0, 0, 710, 0
RW: 0, -2, 711, 0
LW: 0, 0, 710, 0
RW: 0, -2, 711, 0
LW: 0, 0, 710, 0
RW: 0, -2, 711, 0
LW: 0, 0, 710, 0
RW: 0, -2, 711, 0
LW: 0, 0, 710, 0
RW: 0, -2, 711, 0
LW: 0, 0, 710, 0
RW: 0, -2, 711, 0
LW: 0, 0, 710, 0
RW: 0, -2, 711, 0
LW: 0, 0, 710, 0
RW: 0, -2, 711, 0
LW: 0, 0, 710, 0
RW: 0, -2, 711, 0
LW: 0, 0, 710, 0
RW: 0, -2, 711, 0
LW: 0, 0, 710, 0
RW: 0, -2, 711, 0
LW: 0, 0, 710, 0
RW: 0, -2, 711, 0
LW: 0, 0, 710, 0
RW: 0, -2, 711, 0
LW: 0, 0, 710, 0
RW: 0, -2, 711, 0
LW: 0, 0, 710, 0
RW: 0, -2, 711, 0
LW: 0, 0, 710, 0
RW: 0, -2, 711, 0
LW: 0, 0, 710, 0
RW: 0, -2, 711, 0
LW: 0, 0, 710, 0
RW: 0, -2, 711, 0
LW: 0, 0, 710, 0
RW: 0, -2, 711, 0
LW: 0, 0, 710, 0
RW: 0, -2, 711, 0
LW: 0, 0, 710, 0
RW: 0, -2, 711, 0
LW: 0, 0, 710, 0
RW: 0, -2, 711, 0
LW: 0, 0, 710, 0
RW: 0, -2, 711, 0
LW: 0, 0, 710, 0
RW: 0, -2, 711, 0
LW: 0, 0, 710, 0
RW: 0, -2, 711, 0
LW: 0, 0, 710, 0
RW: 0, -2, 711, 0
LW: 0, 0, 710, 0
RW: 0, -2, 711, 0
LW: 0, 0, 710, 0
RW: 0, -2, 711, 0
LW: 0, 0, 710, 0
RW: 0, -2, 711, 0
LW: 0, 0, 710, 0
RW: 0, -2, 711, 0
LW: 0, 0, 710, 0
RW: 0, -2, 711, 0
LW: 0, 0, 710, 0
RW: 0, -2, 711, 0
LW: 0, 0, 710, 0
RW: 0, -2, 711, 0
LW: 0, 0, 710, 0
RW: 0, -2, 711, 0
LW: 0, 0, 710, 0
RW: 0, -2, 711, 0
LW: 0, 0, 710, 0
RW: 0, -2, 711, 0
LW: 0, 0, 710, 0
RW: 0, -2, 711, 0
LW: 0, 0, 710, 0
RW: 0, -2, 711, 0
LW: 0, 0, 710, 0
RW: 0, -2, 711, 0
LW: 0, 0, 710, 0
RW: 0, -2, 711, 0
LW: 0, 0, 710, 0
RW: 0, -2, 711, 0
LW: 0, 0, 710, 0
RW: 0, -2, 711, 0
LW: 0, 0, 710, 0
RW: 0, -2, 711, 0
LW: 0, 0, 710, 0
RW: 0, -2, 711, 0
LW: 0, 0, 710, 0
RW: 0, -2, 711, 0
LW: 0, 0, 710, 0
RW: 0, -2, 711, 0
LW: 0, 0, 710, 0
RW: 0, -2, 711, 0
LW: 0, 0, 710, 0
RW: 0, -2, 711, 0
LW: 0, 0, 710, 0
RW: 0, -2, 711, 0
LW: 0, 0, 710, 0
RW: 0, -2, 711, 0
LW: 0, 0, 710, 0
RW: 0, -2, 711, 0
LW: 0, 0, 710, 0
RW: 0, -2, 711, 0
LW: 0, 0, 710, 0
RW: 0, -2, 711, 0
LW: 0, 0, 710, 0
RW: 0, -2, 711, 0
LW: 0, 0, 710, 0
RW: 0, -2, 711, 0
LW: 0, 0, 710, 0
RW: 0, -2, 711, 0
LW: 0, 0, 710, 0
RW: 0, -2, 711, 0
LW: 0, 0, 710, 0
RW: 0, -2, 711, 0
LW: 0, 0, 710, 0
RW: 0, -2, 711, 0
LW: 0, 0, 710, 0
RW: 0, -2, 711, 0
LW: 0, 0, 710, 0
RW: 0, -2, 711, 0
LW: 0, 0, 710, 0
RW: 0, -2, 711, 0
LW: 0, 0, 710, 0
RW: 0, -2, 711, 0
LW: 0, 0, 710, 0
RW: 0, -2, 711, 0
LW: 0, 0, 710, 0
RW: 0, -2, 711, 0
LW: 0, 0, 710, 0
RW: 0, -2, 711, 0
LW: 0, 0, 710, 0
RW: 0, -2, 711, 0
LW: 0, 0, 710, 0
RW: 0, -2, 711, 0
LW: 0, 0, 710, 0
RW: 0, -2, 711, 0
LW: 0, 0, 710, 0
RW: 0, -2, 711, 0
LW: 0, 0, 710, 0
RW: 0, -2, 711, 0
LW: 0, 0, 710, 0
RW: 0, -2, 711, 0
LW: 0, 0, 710, 0
RW: 0, -2, 711, 0
LW: 0, 0, 710, 0
RW: 0, -2, 711, 0
LW: 0, 0, 710, 0
RW: 0, -2, 711, 0
LW: 0, 0, 710, 0
RW: 0, -2, 711, 0
LW: 0, 0, 710, 0
RW: 0, -2, 711, 0
LW: 0, 0, 710, 0
RW: 0, -2, 711, 0
LW: 0, 0, 710, 0
RW: 0, -2, 711, 0
LW: 0, 0, 710, 0
RW: 0, -2, 711, 0
LW: 0, 0, 710, 0
RW: 0, -2, 711, 0
LW: 0, 0, 710, 0
RW: 0, -2, 711, 0
LW: 0, 0, 710, 0
RW: 0, -2, 711, 0
LW: 0, 0, 710, 0
RW: 0, -2, 711, 0
LW: 0, 0, 710, 0
RW: 0, -2, 711, 0
LW: 0, 0, 710, 0
RW: 0, -2, 711, 0
LW: 0, 0, 710, 0
RW: 0, -2, 711, 0
LW: 0, 0, 710, 0
RW: 0, -2, 711, 0
LW: 0, 0, 710, 0
RW: 0, -2, 711, 0
LW: 0, 0, 710, 0
RW: 0, -2, 711, 0
LW: 0, 0, 710, 0
RW: 0, -2, 711, 0
LW: 0, 0, 710, 0
RW: 0, -2, 711, 0
LW: 0, 0, 710, 0
RW: 0, -2, 711, 0
LW: 0, 0, 710, 0
RW: 0, -2, 711, 0
LW: 0, 0, 710, 0
RW: 0, -2, 711, 0
LW: 0, 0, 710, 0
RW: 0, -2, 711, 0
LW: 0, 0, 710, 0
RW: 0, -2, 711, 0
LW: 0, 0, 710, 0
RW: 0, -2, 711, 0
LW: 0, 0, 710, 0
RW: 0, -2, 711, 0
LW: 0, 0, 710, 0
RW: 0, -2, 711, 0
LW: 0, 0, 710, 0
RW: 0, -2, 711, 0
LW: 0, 0, 710, 0
RW: 0, -2, 711, 0
LW: 0, 0, 710, 0
RW: 0, -2, 711, 0
LW: 0, 0, 710, 0
RW: 0, -2, 711, 0
LW: 0, 0, 710, 0
RW: 0, -2, 711, 0
LW: 0, 0, 710, 0
RW: 0, -2, 711, 0
LW: 0, 0, 710, 0
RW: 0, -2, 711, 0
LW: 0, 0, 710, 0
RW: 0, -2, 711, 0
LW: 0, 0, 710, 0
RW: 0, -2, 711, 0
LW: 0, 0, 710, 0
RW: 0, -2, 711, 0
LW: 0, 0, 710, 0
RW: 0, -2, 711, 0
LW: 0, 0, 710, 0
RW: 0, -2, 711, 0
LW: 0, 0, 710, 0
RW: 0, -2, 711, 0
LW: 0, 0, 710, 0
RW: 0, -2, 711, 0
LW: 0, 0, 710, 0
RW: 0, -2, 711, 0
LW: 0, 0, 710, 0
RW: 0, -2, 711, 0
LW: 0, 0, 710, 0
RW: 0, -2, 711, 0
LW: 0, 0, 710, 0
RW: 0, -2, 711, 0
LW: 0, 0, 710, 0
RW: 0, -2, 711, 0
LW: 0, 0, 710, 0
RW: 0, -2, 711, 0
LW: 0, 0, 710, 0
RW: 0, -2, 711, 0
LW: 0, 0, 710, 0
RW: 0, -2, 711, 0
LW: 0, 0, 710, 0
RW: 0, -2, 711, 0
LW: 0, 0, 710, 0
RW: 0, -2, 711, 0
LW: 0, 0, 710, 0
RW: 0, -2, 711, 0
LW: 0, 0, 710, 0
RW: 0, -2, 711, 0
LW: 0, 0, 710, 0
RW: 0, -2, 711, 0
LW: 0, 0, 710, 0
RW: 0, -2, 711, 0
LW: 0, 0, 710, 0
RW: 0, -2, 711, 0
LW: 0, 0, 710, 0
RW: 0, -2, 711, 0
LW: 0, 0, 710, 0
RW: 0, -2, 711, 0
LW: 0, 0, 710, 0
RW: 0, -2, 711, 0
LW: 0, 0, 710, 0
RW: 0, -2, 711, 0
LW: 0, 0, 710, 0
RW: 0, -2, 711, 0
LW: 0, 0, 710, 0
RW: 0, -2, 711, 0
LW: 0, 0, 710, 0
RW: 0, -2, 711, 0
LW: 0, 0, 710, 0
RW: 0, -2, 711, 0
LW: 0, 0, 710, 0
RW: 0, -2, 711, 0
LW: 0, 0, 710, 0
RW: 0, -2, 711, 0
LW: 0, 0, 710, 0
RW: 0, -2, 711, 0
LW: 0, 0, 710, 0
RW: 0, -2, 711, 0
LW: 0, 0, 710, 0
RW: 0, -2, 711, 0
LW: 0, 0, 710, 0
RW: 0, -2, 711, 0
LW: 0, 0, 710, 0
RW: 0, -2, 711, 0
LW: 0, 0, 710, 0
RW: 0, -2, 711, 0
LW: 0, 0, 710, 0
RW: 0, -2, 711, 0
LW: 0, 0, 710, 0
RW: 0, -2, 711, 0
LW: 0, 0, 710, 0
RW: 0, -2, 711, 0
LW: 0, 0, 710, 0
RW: 0, -2, 711, 0
LW: 0, 0, 710, 0
RW: 0, -2, 711, 0
LW: 0, 0, 710, 0
RW: 0, -2, 711, 0
LW: 0, 0, 710, 0
RW: 0, -2, 711, 0
LW: 0, 0, 710, 0
RW: 0, -2, 711, 0
LW: 0, 0, 710, 0
RW: 0, -2, 711, 0
LW: 0, 0, 710, 0
RW: 0, -2, 711, 0
LW: 0, 0, 710, 0
RW: 0, -2, 711, 0
LW: 0, 0, 710, 0
RW: 0, -2, 711, 0
LW: 0, 0, 710, 0
RW: 0, -2, 711, 0
LW: 0, 0, 710, 0
RW: 0, -2, 711, 0
LW: 0, 0, 710, 0
RW: 0, -2, 711, 0
LW: 0, 0, 710, 0
RW: 0, -2, 711, 0
LW: 0, 0, 710, 0
RW: 0, -2, 711, 0
LW: 0, 0, 710, 0
RW: 0, -2, 711, 0
LW: 0, 0, 710, 0
RW: 0, -2, 711, 0
LW: 0, 0, 710, 0
RW: 0, -2, 711, 0
LW: 0, 0, 710, 0
RW: 0, -2, 711, 0
LW: 0, 0, 710, 0
RW: 0, -2, 711, 0
LW: 0, 0, 710, 0
RW: 0, -2, 711, 0
LW: 0, 0, 710, 0
RW: 0, -2, 711, 0
LW: 0, 0, 710, 0
RW: 0, -2, 711, 0
LW: 0, 0, 710, 0
RW: 0, -2, 711, 0
LW: 0, 0, 710, 0
RW: 0, -2, 711, 0
LW: 0, 0, 710, 0
RW: 0, -2, 711, 0
LW: 0, 0, 710, 0
RW: 0, -2, 711, 0
LW: 0, 0, 710, 0
RW: 0, -2, 711, 0
LW: 0, 0, 710, 0
RW: 0, -2, 711, 0
LW: 0, 0, 710, 0
RW: 0, -2, 711, 0
LW: 0, 0, 710, 0
RW: 0, -2, 711, 0
LW: 0, 0, 710, 0
RW: 0, -2, 711, 0
LW: 0, 0, 710, 0
RW: 0, -2, 711, 0
LW: 0, 0, 710, 0
RW: 0, -2, 711, 0
LW: 0, 0, 710, 0
RW: 0, -2, 711, 0
LW: 0, 0, 710, 0
RW: 0, -2, 711, 0
LW: 0, 0, 710, 0
RW: 0, -2, 711, 0
LW: 0, 0, 710, 0
RW: 0, -2, 711, 0
LW: 0, 0, 710, 0
RW: 0, -2, 711, 0
LW: 0, 0, 710, 0
RW: 0, -2, 711, 0
LW: 0, 0, 710, 0
RW: 0, -2, 711, 0
LW: 0, 0, 710, 0
RW: 0, -2, 711, 0
LW: 0, 0, 710, 0
RW: 0, -2, 711, 0
LW: 0, 0, 710, 0
RW: 0, -2, 711, 0
LW: 0, 0, 710, 0
RW: 0, -2, 711, 0
LW: 0, 0, 710, 0
RW: 0, -2, 711, 0
LW: 0, 0, 710, 0
RW: 0, -2, 711, 0
LW: 0, 0, 710, 0
RW: 0, -2, 711, 0
LW: 0, 0, 710, 0
RW: 0, -2, 711, 0
LW: 0, 0, 710, 0
RW: 0, -2, 711, 0
LW: 0, 0, 710, 0
RW: 0, -2, 711, 0
LW: 0, 0, 710, 0
RW: 0, -2, 711, 0
LW: 0, 0, 710, 0
RW: 0, -2, 711, 0
LW: 0, 0, 710, 0
RW: 0, -2, 711, 0
LW: 0, 0, 710, 0
RW: 0, -2, 711, 0
LW: 0, 0, 710, 0
RW: 0, -2, 711, 0
LW: 0, 0, 710, 0
RW: 0, -2, 711, 0
LW: 0, 0, 710, 0
RW: 0, -2, 711, 0
LW: 0, 0, 710, 0
RW: 0, -2, 711, 0
LW: 0, 0, 710, 0
RW: 0, -2, 711, 0
LW: 0, 0, 710, 0
RW: 0, -2, 711, 0
LW: 0, 0, 710, 0
RW: 0, -2, 711, 0
LW: 0, 0, 710, 0
RW: 0, -2, 711, 0
LW: 0, 0, 710, 0
RW: 0, -2, 711, 0
LW: 0, 0, 710, 0
RW: 0, -2, 711, 0
LW: 0, 0, 710, 0
RW: 0, -2, 711, 0
LW: 0, 0, 710, 0
RW: 0, -2, 711, 0
LW: 0, 0, 710, 0
RW: 0, -2, 711, 0
LW: 0, 0, 710, 0
RW: 0, -2, 711, 0
LW: 0, 0, 710, 0
RW: 0, -2, 711, 0
LW: 0, 0, 710, 0
RW: 0, -2, 711, 0
LW: 0, 0, 710, 0
RW: 0, -2, 711, 0
LW: 0, 0, 710, 0
RW: 0, -2, 711, 0
LW: 0, 0, 710, 0
RW: 0, -2, 711, 0
LW: 0, 0, 710, 0
RW: 0, -2, 711, 0
LW: 0, 0, 710, 0
RW: 0, -2, 711, 0
LW: 0, 0, 710, 0
RW: 0, -2, 711, 0
LW: 0, 0, 710, 0
RW: 0, -2, 711, 0
LW: 0, 0, 710, 0
RW: 0, -2, 711, 0
LW: 0, 0, 710, 0
RW: 0, -2, 711, 0
LW: 0, 0, 710, 0
RW: 0, -2, 711, 0
LW: 0, 0, 710, 0
RW: 0, -2, 711, 0
LW: 0, 0, 710, 0
RW: 0, -2, 711, 0
LW: 0, 0, 710, 0
RW: 0, -2, 711, 0
LW: 0, 0, 710, 0
RW: 0, -2, 711, 0
LW: 0, 0, 710, 0
RW: 0, -2, 711, 0
LW: 0, 0, 710, 0
RW: 0, -2, 711, 0
LW: 0, 0, 710, 0
RW: 0, -2, 711, 0
LW: 0, 0, 710, 0
RW: 0, -2, 711, 0
LW: 0, 0, 710, 0
RW: 0, -2, 711, 0
LW: 0, 0, 710, 0
RW: 0, -2, 711, 0
LW: 0, 0, 710, 0
RW: 0, -2, 711, 0
LW: 0, 0, 710, 0
RW: 0, -2, 711, 0
LW: 0, 0, 710, 0
RW: 0, -2, 711, 0
LW: 0, 0, 710, 0
RW: 0, -2, 711, 0
LW: 0, 0, 710, 0
RW: 0, -2, 711, 0
LW: 0, 0, 710, 0
RW: 0, -2, 711, 0
LW: 0, 0, 710, 0
RW: 0, -2, 711, 0
LW: 0, 0, 710, 0
RW: 0, -2, 711, 0
LW: 0, 0, 710, 0
RW: 0, -2, 711, 0
LW: 0, 0, 710, 0
RW: 0, -2, 711, 0
LW: 0, 0, 710, 0
RW: 0, -2, 711, 0
LW: 0, 0, 710, 0
RW: 0, -2, 711, 0
LW: 0, 0, 710, 0
RW: 0, -2, 711, 0
LW: 0, 0, 710, 0
RW: 0, -2, 711, 0
LW: 0, 0, 710, 0
RW: 0, -2, 711, 0
LW: 0, 0, 710, 0
RW: 0, -2, 711, 0
LW: 0, 0, 710, 0
RW: 0, -2, 711, 0
LW: 0, 0, 710, 0
RW: 0, -2, 711, 0
LW: 0, 0, 710, 0
RW: 0, -2, 711, 0
LW: 0, 0, 710, 0
RW: 0, -2, 711, 0
LW: 0, 0, 710, 0
RW: 0, -2, 711, 0
LW: 0, 0, 710, 0
RW: 0, -2, 711, 0
LW: 0, 0, 710, 0
RW: 0, -2, 711, 0
LW: 0, 0, 710, 0
RW: 0, -2, 711, 0
LW: 0, 0, 710, 0
RW: 0, -2, 711, 0
LW: 0, 0, 710, 0
RW: 0, -2, 711, 0
LW: 0, 0, 710, 0
RW: 0, -2, 711, 0
LW: 0, 0, 710, 0
RW: 0, -2, 711, 0
LW: 0, 0, 710, 0
RW: 0, -2, 711, 0
LW: 0, 0, 710, 0
RW: 0, -2, 711, 0
LW: 0, 0, 710, 0
RW: 0, -2, 711, 0
LW: 0, 0, 710, 0
RW: 0, -2, 711, 0
LW: 0, 0, 710, 0
RW: 0, -2, 711, 0
LW: 0, 0, 710, 0
RW: 0, -2, 711, 0
LW: 0, 0, 710, 0
RW: 0, -2, 711, 0
LW: 0, 0, 710, 0
RW: 0, -2, 711, 0
LW: 0, 0, 710, 0
RW: 0, -2, 711, 0
LW: 0, 0, 710, 0
RW: 0, -2, 711, 0
LW: 0, 0, 710, 0
RW: 0, -2, 711, 0
LW: 0, 0, 710, 0
RW: 0, -2, 711, 0
LW: 0, 0, 710, 0
RW: 0, -2, 711, 0
LW: 0, 0, 710, 0
RW: 0, -2, 711, 0
LW: 0, 0, 710, 0
RW: 0, -2, 711, 0
LW: 0, 0, 710, 0
RW: 0, -2, 711, 0
LW: 0, 0, 710, 0
RW: 0, -2, 711, 0
LW: 0, 0, 710, 0
RW: 0, -2, 711, 0
LW: 0, 0, 710, 0
RW: 0, -2, 711, 0
LW: 0, 0, 710, 0
RW: 0, -2, 711, 0
LW: 0, 0, 710, 0
RW: 0, -2, 711, 0
LW: 0, 0, 710, 0
RW: 0, -2, 711, 0
LW: 0, 0, 710, 0
RW: 0, -2, 711, 0
LW: 0, 0, 710, 0
RW: 0, -2, 711, 0
LW: 0, 0, 710, 0
RW: 0, -2, 711, 0
LW: 0, 0, 710, 0
RW: 0, -2, 711, 0
LW: 0, 0, 710, 0
RW: 0, -2, 711, 0
LW: 0, 0, 710, 0
RW: 0, -2, 711, 0
LW: 0, 0, 710, 0
RW: 0, -2, 711, 0
LW: 0, 0, 710, 0
RW: 0, -2, 711, 0
LW: 0, 0, 710, 0
RW: 0, -2, 711, 0
LW: 0, 0, 710, 0
RW: 0, -2, 711, 0
LW: 0, 0, 710, 0
RW: 0, -2, 711, 0
LW: 0, 0, 710, 0
RW: 0, -2, 711, 0
LW: 0, 0, 710, 0
RW: 0, -2, 711, 0
LW: 0, 0, 710, 0
RW: 0, -2, 711, 0
LW: 0, 0, 710, 0
RW: 0, -2, 711, 0
LW: 0, 0, 710, 0
RW: 0, -2, 711, 0
LW: 0, 0, 710, 0
RW: 0, -2, 711, 0
LW: 0, 0, 710, 0
RW: 0, -2, 711, 0
LW: 0, 0, 710, 0
RW: 0, -2, 711, 0
LW: 0, 0, 710, 0
RW: 0, -2, 711, 0
LW: 0, 0, 710, 0
RW: 0, -2, 711, 0
LW: 0, 0, 710, 0
RW: 0, -2, 711, 0
LW: 0, 0, 710, 0
RW: 0, -2, 711, 0
LW: 0, 0, 710, 0
RW: 0, -2, 711, 0
LW: 0, 0, 710, 0
RW: 0, -2, 711, 0
LW: 0, 0, 710, 0
RW: 0, -2, 711, 0
LW: 0, 0, 710, 0
RW: 0, -2, 711, 0
LW: 0, 0, 710, 0
RW: 0, -2, 711, 0
LW: 0, 0, 710, 0
RW: 0, -2, 711, 0
LW: 0, 0, 710, 0
RW: 0, -2, 711, 0
LW: 0, 0, 710, 0
RW: 0, -2, 711, 0
LW: 0, 0, 710, 0
RW: 0, -2, 711, 0
LW: 0, 0, 710, 0
RW: 0, -2, 711, 0
LW: 0, 0, 710, 0
RW: 0, -2, 711, 0
LW: 0, 0, 710, 0
RW: 0, -2, 711, 0
LW: 0, 0, 710, 0
RW: 0, -2, 711, 0
LW: 0, 0, 710, 0
RW: 0, -2, 711, 0
LW: 0, 0, 710, 0
RW: 0, -2, 711, 0
LW: 0, 0, 710, 0
RW: 0, -2, 711, 0
LW: 0, 0, 710, 0
RW: 0, -2, 711, 0
LW: 0, 0, 710, 0
RW: 0, -2, 711, 0
LW: 0, 0, 710, 0
RW: 0, -2, 711, 0
LW: 0, 0, 710, 0
RW: 0, -2, 711, 0
LW: 0, 0, 710, 0
RW: 0, -2, 711, 0
LW: 0, 0, 710, 0
RW: 0, -2, 711, 0
LW: 0, 0, 710, 0
RW: 0, -2, 711, 0
LW: 0, 0, 710, 0
RW: 0, -2, 711, 0
LW: 0, 0, 710, 0
RW: 0, -2, 711, 0
LW: 0, 0, 710, 0
RW: 0, -2, 711, 0
LW: 0, 0, 710, 0
RW: 0, -2, 711, 0
LW: 0, 0, 710, 0
RW: 0, -2, 711, 0
LW: 0, 0, 710, 0
RW: 0, -2, 711, 0
LW: 0, 0, 710, 0
RW: 0, -2, 711, 0
LW: 0, 0, 710, 0
RW: 0, -2, 711, 0
LW: 0, 0, 710, 0
RW: 0, -2, 711, 0
LW: 0, 0, 710, 0
RW: 0, -2, 711, 0
LW: 0, 0, 710, 0
RW: 0, -2, 711, 0
LW: 0, 0, 710, 0
RW: 0, -2, 711, 0
LW: 0, 0, 710, 0
RW: 0, -2, 711, 0
LW: 0, 0, 710, 0
RW: 0, -2, 711, 0
LW: 0, 0, 710, 0
RW: 0, -2, 711, 0
LW: 0, 0, 710, 0
RW: 0, -2, 711, 0
LW: 0, 0, 710, 0
RW: 0, -2, 711, 0
LW: 0, 0, 710, 0
RW: 0, -2, 711, 0
LW: 0, 0, 710, 0
RW: 0, -2, 711, 0
LW: 0, 0, 710, 0
RW: 0, -2, 711, 0
LW: 0, 0, 710, 0
RW: 0, -2, 711, 0
LW: 0, 0, 710, 0
RW: 0, -2, 711, 0
LW: 0, 0, 710, 0
RW: 0, -2, 711, 0
LW: 0, 0, 710, 0
RW: 0, -2, 711, 0
LW: 0, 0, 710, 0
RW: 0, -2, 711, 0
LW: 0, 0, 710, 0
RW: 0, -2, 711, 0
LW: 0, 0, 710, 0
RW: 0, -2, 711, 0
LW: 0, 0, 710, 0
RW: 0, -2, 711, 0
LW: 0, 0, 710, 0
RW: 0, -2, 711, 0
LW: 0, 0, 710, 0
RW: 0, -2, 711, 0
LW: 0, 0, 710, 0
RW: 0, -2, 711, 0
LW: 0, 0, 710, 0
RW: 0, -2, 711, 0
LW: 0, 0, 710, 0
RW: 0, -2, 711, 0
LW: 0, 0, 710, 0
RW: 0, -2, 711, 0
LW: 0, 0, 710, 0
RW: 0, -2, 711, 0
LW: 0, 0, 710, 0
RW: 0, -2, 711, 0
LW: 0, 0, 710, 0
RW: 0, -2, 711, 0
LW: 0, 0, 710, 0
RW: 0, -2, 711, 0
LW: 0, 0, 710, 0
RW: 0, -2, 711, 0
LW: 0, 0, 710, 0
RW: 0, -2, 711, 0
LW: 0, 0, 710, 0
RW: 0, -2, 711, 0
LW: 0, 0, 710, 0
RW: 0, -2, 711, 0
LW: 0, 0, 710, 0
RW: 0, -2, 711, 0
LW: 0, 0, 710, 0
RW: 0, -2, 711, 0
LW: 0, 0, 710, 0
RW: 0, -2, 711, 0
LW: 0, 0, 710, 0
RW: 0, -2, 711, 0
LW: 0, 0, 710, 0
RW: 0, -2, 711, 0
LW: 0, 0, 710, 0
RW: 0, -2, 711, 0
LW: 0, 0, 710, 0
RW: 0, -2, 711, 0
LW: 0, 0, 710, 0
RW: 0, -2, 711, 0
LW: 0, 0, 710, 0
RW: 0, -2, 711, 0
LW: 0, 0, 710, 0
RW: 0, -2, 711, 0
LW: 0, 0, 710, 0
RW: 0, -2, 711, 0
LW: 0, 0, 710, 0
RW: 0, -2, 711, 0
LW: 0, 0, 710, 0
RW: 0, -2, 711, 0
LW: 0, 0, 710, 0
RW: 0, -2, 711, 0
LW: 0, 0, 710, 0
RW: 0, -2, 711, 0
LW: 0, 0, 710, 0
RW: 0, -2, 711, 0
LW: 0, 0, 710, 0
RW: 0, -2, 711, 0
LW: 0, 0, 710, 0
RW: 0, -2, 711, 0
LW: 0, 0, 710, 0
RW: 0, -2, 711, 0
LW: 0, 0, 710, 0
RW: 0, -2, 711, 0
LW: 0, 0, 710, 0
RW: 0, -2, 711, 0
LW: 0, 0, 710, 0
RW: 0, -2, 711, 0
LW: 0, 0, 710, 0
RW: 0, -2, 711, 0
LW: 0, 0, 710, 0
RW: 0, -2, 711, 0
LW: 0, 0, 710, 0
RW: 0, -2, 711, 0
LW: 0, 0, 710, 0
RW: 0, -2, 711, 0
LW: 0, 0, 710, 0
RW: 0, -2, 711, 0
LW: 0, 0, 710, 0
RW: 0, -2, 711, 0
LW: 0, 0, 710, 0
RW: 0, -2, 711, 0
LW: 0, 0, 710, 0
RW: 0, -2, 711, 0
LW: 0, 0, 710, 0
RW: 0, -2, 711, 0
LW: 0, 0, 710, 0
RW: 0, -2, 711, 0
LW: 0, 0, 710, 0
RW: 0, -2, 711, 0
LW: 0, 0, 710, 0
RW: 0, -2, 711, 0
LW: 0, 0, 710, 0
RW: 0, -2, 711, 0
LW: 0, 0, 710, 0
RW: 0, -2, 711, 0
LW: 0, 0, 710, 0
RW: 0, -2, 711, 0
LW: 0, 0, 710, 0
RW: 0, -2, 711, 0
LW: 0, 0, 710, 0
RW: 0, -2, 711, 0
LW: 0, 0, 710, 0
RW: 0, -2, 711, 0
LW: 0, 0, 710, 0
RW: 0, -2, 711, 0
LW: 0, 0, 710, 0
RW: 0, -2, 711, 0
LW: 0, 0, 710, 0
RW: 0, -2, 711, 0
LW: 0, 0, 710, 0
RW: 0, -2, 711, 0
LW: 0, 0, 710, 0
RW: 0, -2, 711, 0
LW: 0, 0, 710, 0
RW: 0, -2, 711, 0
LW: 0, 0, 710, 0
RW: 0, -2, 711, 0
LW: 0, 0, 710, 0
RW: 0, -2, 711, 0
LW: 0, 0, 710, 0
RW: 0, -2, 711, 0
LW: 0, 0, 710, 0
RW: 0, -2, 711, 0
LW: 0, 0, 710, 0
RW: 0, -2, 711, 0
LW: 0, 0, 710, 0
RW: 0, -2, 711, 0
LW: 0, 0, 710, 0
RW: 0, -2, 711, 0
LW: 0, 0, 710, 0
RW: 0, -2, 711, 0
LW: 0, 0, 710, 0
RW: 0, -2, 711, 0
LW: 0, 0, 710, 0
RW: 0, -2, 711, 0
LW: 0, 0, 710, 0
RW: 0, -2, 711, 0
LW: 0, 0, 710, 0
RW: 0, -2, 711, 0
LW: 0, 0, 710, 0
RW: 0, -2, 711, 0
LW: 0, 0, 710, 0
RW: 0, -2, 711, 0
LW: 0, 0, 710, 0
RW: 0, -2, 711, 0
LW: 0, 0, 710, 0
RW: 0, -2, 711, 0
LW: 0, 0, 710, 0
RW: 0, -2, 711, 0
LW: 0, 0, 710, 0
RW: 0, -2, 711, 0
LW: 0, 0, 710, 0
RW: 0, -2, 711, 0
LW: 0, 0, 710, 0
RW: 0, -2, 711, 0
LW: 0, 0, 710, 0
RW: 0, -2, 711, 0
LW: 0, 0, 710, 0
RW: 0, -2, 711, 0
LW: 0, 0, 710, 0
RW: 0, -2, 711, 0
LW: 0, 0, 710, 0
RW: 0, -2, 711, 0
LW: 0, 0, 710, 0
RW: 0, -2, 711, 0
LW: 0, 0, 710, 0
RW: 0, -2, 711, 0
LW: 0, 0, 710, 0
RW: 0, -2, 711, 0
LW: 0, 0, 710, 0
RW: 0, -2, 711, 0
LW: 0, 0, 710, 0
RW: 0, -2, 711, 0
LW: 0, 0, 710, 0
RW: 0, -2, 711, 0
LW: 0, 0, 710, 0
RW: 0, -2, 711, 0
LW: 0, 0, 710, 0
RW: 0, -2, 711, 0
LW: 0, 0, 710, 0
RW: 0, -2, 711, 0
LW: 0, 0, 710, 0
RW: 0, -2, 711, 0
LW: 0, 0, 710, 0
RW: 0, -2, 711, 0
LW: 0, 0, 710, 0
RW: 0, -2, 711, 0
LW: 0, 0, 710, 0
RW: 0, -2, 711, 0
LW: 0, 0, 710, 0
RW: 0, -2, 711, 0
LW: 0, 0, 710, 0
RW: 0, -2, 711, 0
LW: 0, 0, 710, 0
RW: 0, -2, 711, 0
LW: 0, 0, 710, 0
RW: 0, -2, 711, 0
LW: 0, 0, 710, 0
RW: 0, -2, 711, 0
LW: 0, 0, 710, 0
RW: 0, -2, 711, 0
LW: 0, 0, 710, 0
RW: 0, -2, 711, 0
LW: 0, 0, 710, 0
RW: 0, -2, 711, 0
LW: 0, 0, 710, 0
RW: 0, -2, 711, 0
LW: 0, 0, 710, 0
RW: 0, -2, 711, 0
LW: 0, 0, 710, 0
RW: 0, -2, 711, 0
LW: 0, 0, 710, 0
RW: 0, -2, 711, 0
LW: 0, 0, 710, 0
RW: 0, -2, 711, 0
LW: 0, 0, 710, 0
RW: 0, -2, 711, 0
LW: 0, 0, 710, 0
RW: 0, -2, 711, 0
LW: 0, 0, 710, 0
RW: 0, -2, 711, 0
LW: 0, 0, 710, 0
RW: 0, -2, 711, 0
LW: 0, 0, 710, 0
RW: 0, -2, 711, 0
LW: 0, 0, 710, 0
RW: 0, -2, 711, 0
LW: 0, 0, 710, 0
RW: 0, -2, 711, 0
LW: 0, 0, 710, 0
RW: 0, -2, 711, 0
LW: 0, 0, 710, 0
RW: 0, -2, 711, 0
LW: 0, 0, 710, 0
RW: 0, -2, 711, 0
LW: 0, 0, 710, 0
RW: 0, -2, 711, 0
LW: 0, 0, 710, 0
RW: 0, -2, 711, 0
LW: 0, 0, 710, 0
RW: 0, -2, 711, 0
LW: 0, 0, 710, 0
RW: 0, -2, 711, 0
LW: 0, 0, 710, 0
RW: 0, -2, 711, 0
LW: 0, 0, 710, 0
RW: 0, -2, 711, 0
LW: 0, 0, 710, 0
RW: 0, -2, 711, 0
LW: 0, 0, 710, 0
RW: 0, -2, 711, 0
LW: 0, 0, 710, 0
RW: 0, -2, 711, 0
LW: 0, 0, 710, 0
RW: 0, -2, 711, 0
LW: 0, 0, 710, 0
RW: 0, -2, 711, 0
LW: 0, 0, 710, 0
RW: 0, -2, 711, 0
LW: 0, 0, 710, 0
RW: 0, -2, 711, 0
LW: 0, 0, 710, 0
RW: 0, -2, 711, 0
LW: 0, 0, 710, 0
RW: 0, -2, 711, 0
LW: 0, 0, 710, 0
RW: 0, -2, 711, 0
LW: 0, 0, 710, 0
RW: 0, -2, 711, 0
LW: 0, 0, 710, 0
RW: 0, -2, 711, 0
LW: 0, 0, 710, 0
RW: 0, -2, 711, 0
LW: 0, 0, 710, 0
RW: 0, -2, 711, 0
LW: 0, 0, 710, 0
RW: 0, -2, 711, 0
LW: 0, 0, 710, 0
RW: 0, -2, 711, 0
LW: 0, 0, 710, 0
RW: 0, -2, 711, 0
LW: 0, 0, 710, 0
RW: 0, -2, 711, 0
LW: 0, 0, 710, 0
RW: 0, -2, 711, 0
LW: 0, 0, 710, 0
RW: 0, -2, 711, 0
LW: 0, 0, 710, 0
RW: 0, -2, 711, 0
LW: 0, 0, 710, 0
RW: 0, -2, 711, 0
LW: 0, 0, 710, 0
RW: 0, -2, 711, 0
LW: 0, 0, 710, 0
RW: 0, -2, 711, 0
LW: 0, 0, 710, 0
RW: 0, -2, 711, 0
LW: 0, 0, 710, 0
RW: 0, -2, 711, 0
LW: 0, 0, 710, 0
RW: 0, -2, 711, 0
LW: 0, 0, 710, 0
RW: 0, -2, 711, 0
LW: 0, 0, 710, 0
RW: 0, -2, 711, 0
LW: 0, 0, 710, 0
RW: 0, -2, 711, 0
LW: 0, 0, 710, 0
RW: 0, -2, 711, 0
LW: 0, 0, 710, 0
RW: 0, -2, 711, 0
LW: 0, 0, 710, 0
RW: 0, -2, 711, 0
LW: 0, 0, 710, 0
RW: 0, -2, 711, 0
LW: 0, 0, 710, 0
RW: 0, -2, 711, 0
LW: 0, 0, 710, 0
RW: 0, -2, 711, 0
LW: 0, 0, 710, 0
RW: 0, -2, 711, 0
LW: 0, 0, 710, 0
RW: 0, -2, 711, 0
LW: 0, 0, 710, 0
RW: 0, -2, 711, 0
LW: 0, 0, 710, 0
RW: 0, -2, 711, 0
LW: 0, 0, 710, 0
RW: 0, -2, 711, 0
LW: 0, 0, 710, 0
RW: 0, -2, 711, 0
LW: 0, 0, 710, 0
RW: 0, -2, 711, 0
LW: 0, 0, 710, 0
RW: 0, -2, 711, 0
LW: 0, 0, 710, 0
RW: 0, -2, 711, 0
LW: 0, 0, 710, 0
RW: 0, -2, 711, 0
LW: 0, 0, 710, 0
RW: 0, -2, 711, 0
LW: 0, 0, 710, 0
RW: 0, -2, 711, 0
LW: 0, 0, 710, 0
RW: 0, -2, 711, 0
LW: 0, 0, 710, 0
RW: 0, -2, 711, 0
LW: 0, 0, 710, 0
RW: 0, -2, 711, 0
LW: 0, 0, 710, 0
RW: 0, -2, 711, 0
LW: 0, 0, 710, 0
RW: 0, -2, 711, 0
LW: 0, 0, 710, 0
RW: 0, -2, 711, 0
LW: 0, 0, 710, 0
RW: 0, -2, 711, 0
LW: 0, 0, 710, 0
RW: 0, -2, 711, 0
LW: 0, 0, 710, 0
RW: 0, -2, 711, 0
LW: 0, 0, 710, 0
RW: 0, -2, 711, 0
LW: 0, 0, 710, 0
RW: 0, -2, 711, 0
LW: 0, 0, 710, 0
RW: 0, -2, 711, 0
LW: 0, 0, 710, 0
RW: 0, -2, 711, 0
LW: 0, 0, 710, 0
RW: 0, -2, 711, 0
LW: 0, 0, 710, 0
RW: 0, -2, 711, 0
LW: 0, 0, 710, 0
RW: 0, -2, 711, 0
LW: 0, 0, 710, 0
RW: 0, -2, 711, 0
LW: 0, 0, 710, 0
RW: 0, -2, 711, 0
LW: 0, 0, 710, 0
RW: 0, -2, 711, 0
LW: 0, 0, 710, 0
RW: 0, -2, 711, 0
LW: 0, 0, 710, 0
RW: 0, -2, 711, 0
LW: 0, 0, 710, 0
RW: 0, -2, 711, 0
LW: 0, 0, 710, 0
RW: 0, -2, 711, 0
LW: 0, 0, 710, 0
RW: 0, -2, 711, 0
LW: 0, 0, 710, 0
RW: 0, -2, 711, 0
LW: 0, 0, 710, 0
RW: 0, -2, 711, 0
LW: 0, 0, 710, 0
RW: 0, -2, 711, 0
LW: 0, 0, 710, 0
RW: 0, -2, 711, 0
LW: 0, 0, 710, 0
RW: 0, -2, 711, 0
LW: 0, 0, 710, 0
RW: 0, -2, 711, 0
LW: 0, 0, 710, 0
RW: 0, -2, 711, 0
LW: 0, 0, 710, 0
RW: 0, -2, 711, 0
LW: 0, 0, 710, 0
RW: 0, -2, 711, 0
LW: 0, 0, 710, 0
RW: 0, -2, 711, 0
LW: 0, 0, 710, 0
RW: 0, -2, 711, 0
LW: 0, 0, 710, 0
RW: 0, -2, 711, 0
LW: 0, 0, 710, 0
RW: 0, -2, 711, 0
LW: 0, 0, 710, 0
RW: 0, -2, 711, 0
LW: 0, 0, 710, 0
RW: 0, -2, 711, 0
LW: 0, 0, 710, 0
RW: 0, -2, 711, 0
LW: 0, 0, 710, 0
RW: 0, -2, 711, 0
LW: 0, 0, 710, 0
RW: 0, -2, 711, 0
LW: 0, 0, 710, 0
RW: 0, -2, 711, 0
LW: 0, 0, 710, 0
RW: 0, -2, 711, 0
LW: 0, 0, 710, 0
RW: 0, -2, 711, 0
LW: 0, 0, 710, 0
RW: 0, -2, 711, 0
LW: 0, 0, 710, 0
RW: 0, -2, 711, 0
LW: 0, 0, 710, 0
RW: 0, -2, 711, 0
LW: 0, 0, 710, 0
RW: 0, -2, 711, 0
LW: 0, 0, 710, 0
RW: 0, -2, 711, 0
LW: 0, 0, 710, 0
RW: 0, -2, 711, 0
LW: 0, 0, 710, 0
RW: 0, -2, 711, 0
LW: 0, 0, 710, 0
RW: 0, -2, 711, 0
LW: 0, 0, 710, 0
RW: 0, -2, 711, 0
LW: 0, 0, 710, 0
RW: 0, -2, 711, 0
LW: 0, 0, 710, 0
RW: 0, -2, 711, 0
LW: 0, 0, 710, 0
RW: 0, -2, 711, 0
LW: 0, 0, 710, 0
RW: 0, -2, 711, 0
LW: 0, 0, 710, 0
RW: 0, -2, 711, 0
LW: 0, 0, 710, 0
RW: 0, -2, 711, 0
LW: 0, 0, 710, 0
RW: 0, -2, 711, 0
LW: 0, 0, 710, 0
RW: 0, -2, 711, 0
LW: 0, 0, 710, 0
RW: 0, -2, 711, 0
LW: 0, 0, 710, 0
RW: 0, -2, 711, 0
LW: 0, 0, 710, 0
RW: 0, -2, 711, 0
LW: 0, 0, 710, 0
RW: 0, -2, 711, 0
LW: 0, 0, 710, 0
RW: 0, -2, 711, 0
LW: 0, 0, 710, 0
RW: 0, -2, 711, 0
LW: 0, 0, 710, 0
RW: 0, -2, 711, 0
LW: 0, 0, 710, 0
RW: 0, -2, 711, 0
LW: 0, 0, 710, 0
RW: 0, -2, 711, 0
LW: 0, 0, 710, 0
RW: 0, -2, 711, 0
LW: 0, 0, 710, 0
RW: 0, -2, 711, 0
LW: 0, 0, 710, 0
RW: 0, -2, 711, 0
LW: 0, 0, 710, 0
RW: 0, -2, 711, 0
LW: 0, 0, 710, 0
RW: 0, -2, 711, 0
LW: 0, 0, 710, 0
RW: 0, -2, 711, 0
LW: 0, 0, 710, 0
RW: 0, -2, 711, 0
LW: 0, 0, 710, 0
RW: 0, -2, 711, 0
LW: 0, 0, 710, 0
RW: 0, -2, 711, 0
LW: 0, 0, 710, 0
RW: 0, -2, 711, 0
LW: 0, 0, 710, 0
RW: 0, -2, 711, 0
LW: 0, 0, 710, 0
RW: 0, -2, 711, 0
LW: 0, 0, 710, 0
RW: 0, -2, 711, 0
LW: 0, 0, 710, 0
RW: 0, -2, 711, 0
LW: 0, 0, 710, 0
RW: 0, -2, 711, 0
LW: 0, 0, 710, 0
RW: 0, -2, 711, 0
LW: 0, 0, 710, 0
RW: 0, -2, 711, 0
LW: 0, 0, 710, 0
RW: 0, -2, 711, 0
LW: 0, 0, 710, 0
RW: 0, -2, 711, 0
LW: 0, 0, 710, 0
RW: 0, -2, 711, 0
LW: 0, 0, 710, 0
RW: 0, -2, 711, 0
LW: 0, 0, 710, 0
RW: 0, -2, 711, 0
LW: 0, 0, 710, 0
RW: 0, -2, 711, 0
LW: 0, 0, 710, 0
RW: 0, -2, 711, 0
LW: 0, 0, 710, 0
RW: 0, -2, 711, 0
LW: 0, 0, 710, 0
RW: 0, -2, 711, 0
LW: 0, 0, 710, 0
RW: 0, -2, 711, 0
LW: 0, 0, 710, 0
RW: 0, -2, 711, 0
LW: 0, 0, 710, 0
RW: 0, -2, 711, 0
LW: 0, 0, 710, 0
RW: 0, -2, 711, 0
LW: 0, 0, 710, 0
RW: 0, -2, 711, 0
LW: 0, 0, 710, 0
RW: 0, -2, 711, 0
LW: 0, 0, 710, 0
RW: 0, -2, 711, 0
LW: 0, 0, 710, 0
RW: 0, -2, 711, 0
LW: 0, 0, 710, 0
RW: 0, -2, 711, 0
LW: 0, 0, 710, 0
RW: 0, -2, 711, 0
LW: 0, 0, 710, 0
RW: 0, -2, 711, 0
LW: 0, 0, 710, 0
RW: 0, -2, 711, 0
LW: 0, 0, 710, 0
RW: 0, -2, 711, 0
LW: 0, 0, 710, 0
RW: 0, -2, 711, 0
LW: 0, 0, 710, 0
RW: 0, -2, 711, 0
LW: 0, 0, 710, 0
RW: 0, -2, 711, 0
LW: 0, 0, 710, 0
RW: 0, -2, 711, 0
LW: 0, 0, 710, 0
RW: 0, -2, 711, 0
LW: 0, 0, 710, 0
RW: 0, -2, 711, 0
LW: 0, 0, 710, 0
RW: 0, -2, 711, 0
LW: 0, 0, 710, 0
RW: 0, -2, 711, 0
LW: 0, 0, 710, 0
RW: 0, -2, 711, 0
LW: 0, 0, 710, 0
RW: 0, -2, 711, 0
LW: 0, 0, 710, 0
RW: 0, -2, 711, 0
LW: 0, 0, 710, 0
RW: 0, -2, 711, 0
LW: 0, 0, 710, 0
RW: 0, -2, 711, 0
LW: 0, 0, 710, 0
RW: 0, -2, 711, 0
LW: 0, 0, 710, 0
RW: 0, -2, 711, 0
LW: 0, 0, 710, 0
RW: 0, -2, 711, 0
LW: 0, 0, 710, 0
RW: 0, -2, 711, 0
LW: 0, 0, 710, 0
RW: 0, -2, 711, 0
LW: 0, 0, 710, 0
RW: 0, -2, 711, 0
LW: 0, 0, 710, 0
RW: 0, -2, 711, 0
LW: 0, 0, 710, 0
RW: 0, -2, 711, 0
LW: 0, 0, 710, 0
RW: 0, -2, 711, 0
LW: 0, 0, 710, 0
RW: 0, -2, 711, 0
LW: 0, 0, 710, 0
RW: 0, -2, 711, 0
LW: 0, 0, 710, 0
RW: 0, -2, 711, 0
LW: 0, 0, 710, 0
RW: 0, -2, 711, 0
LW: 0, 0, 710, 0
RW: 0, -2, 711, 0
LW: 0, 0, 710, 0
RW: 0, -2, 711, 0
LW: 0, 0, 710, 0
RW: 0, -2, 711, 0
LW: 0, 0, 710, 0
RW: 0, -2, 711, 0
LW: 0, 0, 710, 0
RW: 0, -2, 711, 0
LW: 0, 0, 710, 0
RW: 0, -2, 711, 0
LW: 0, 0, 710, 0
RW: 0, -2, 711, 0
LW: 0, 0, 710, 0
RW: 0, -2, 711, 0
LW: 0, 0, 710, 0
RW: 0, -2, 711, 0
LW: 0, 0, 710, 0
RW: 0, -2, 711, 0
LW: 0, 0, 710, 0
RW: 0, -2, 711, 0
LW: 0, 0, 710, 0
RW: 0, -2, 711, 0
LW: 0, 0, 710, 0
RW: 0, -2, 711, 0
LW: 0, 0, 710, 0
RW: 0, -2, 711, 0
LW: 0, 0, 710, 0
RW: 0, -2, 711, 0
LW: 0, 0, 710, 0
RW: 0, -2, 711, 0
LW: 0, 0, 710, 0
RW: 0, -2, 711, 0
LW: 0, 0, 710, 0
RW: 0, -2, 711, 0
LW: 0, 0, 710, 0
RW: 0, -2, 711, 0
LW: 0, 0, 710, 0
RW: 0, -2, 711, 0
LW: 0, 0, 710, 0
RW: 0, -2, 711, 0
LW: 0, 0, 710, 0
RW: 0, -2, 711, 0
LW: 0, 0, 710, 0
RW: 0, -2, 711, 0
LW: 0, 0, 710, 0
RW: 2, 50, 0, -6750
LW: 2, 50, 0, -6741
RW: 2, 50, 0, -6750
LW: 2, 50, 0, -6741
RW: 2, 50, 0, -6750
LW: 2, 50, 0, -6741
RW: 2, 50, 0, -6750
LW: 2, 50, 0, -6741
RW: 2, 50, 0, -6750
LW: 2, 50, 0, -6741
RW: 2, 50, 0, -6750
LW: 2, 50, 0, -6741
RW: 2, 50, 0, -6750
LW: 2, 50, 0, -6741
RW: 2, 50, 0, -6750
LW: 2, 50, 0, -6741
RW: 2, 50, 0, -6750
LW: 2, 50, 0, -6741
RW: 2, 50, 0, -6750
LW: 2, 50, 0, -6741
RW: 2, 50, 0, -6750
LW: 2, 50, 1, -6741
RW: 2, 50, 0, -6750
LW: 2, 50, 1, -6741
RW: 2, 50, 0, -6750
LW: 2, 50, 1, -6741
RW: 2, 50, 0, -6750
LW: 2, 50, 1, -6741
RW: 2, 50, 0, -6750
LW: 2, 50, 1, -6741
RW: 2, 50, 0, -6750
LW: 2, 50, 1, -6741
RW: 2, 50, 0, -6750
LW: 2, 50, 1, -6741
RW: 2, 50, 0, -6750
LW: 2, 50, 1, -6741
RW: 2, 50, 0, -6750
LW: 2, 50, 1, -6741
RW: 2, 50, 0, -6750
LW: 2, 50, 1, -6732
RW: 2, 50, 1, -6750
LW: 2, 50, 1, -6732
RW: 2, 50, 1, -6750
LW: 2, 50, 1, -6732
RW: 2, 50, 1, -6750
LW: 2, 50, 1, -6732
RW: 2, 50, 1, -6750
LW: 2, 50, 1, -6732
RW: 2, 50, 1, -6750
LW: 2, 50, 1, -6732
RW: 2, 50, 1, -6750
LW: 2, 50, 1, -6732
RW: 2, 50, 1, -6750
LW: 2, 50, 1, -6732
RW: 2, 50, 1, -6750
LW: 2, 50, 1, -6732
RW: 2, 50, 1, -6750
LW: 2, 50, 1, -6732
RW: 2, 50, 1, -6750
LW: 2, 50, 1, -6732
RW: 2, 50, 1, -6750
LW: 2, 50, 1, -6732
RW: 2, 50, 1, -6750
LW: 2, 50, 1, -6732
RW: 2, 50, 1, -6750
LW: 2, 50, 1, -6732
RW: 2, 50, 1, -6750
LW: 2, 50, 2, -6732
RW: 2, 50, 1, -6750
LW: 2, 50, 2, -6732
RW: 2, 50, 1, -6750
LW: 2, 50, 2, -6732
RW: 2, 50, 1, -6750
LW: 2, 50, 2, -6732
RW: 2, 50, 1, -6750
LW: 2, 50, 2, -6722
RW: 2, 50, 2, -6741
LW: 2, 50, 2, -6722
RW: 2, 50, 2, -6741
LW: 2, 50, 2, -6722
RW: 2, 50, 2, -6741
LW: 2, 50, 2, -6722
RW: 2, 50, 2, -6741
LW: 2, 50, 3, -6722
RW: 2, 50, 2, -6741
LW: 2, 50, 3, -6722
RW: 2, 50, 2, -6741
LW: 2, 50, 3, -6722
RW: 2, 50, 2, -6741
LW: 2, 50, 3, -6722
RW: 2, 50, 3, -6741
LW: 2, 50, 3, -6722
RW: 2, 50, 3, -6741
LW: 2, 50, 3, -6722
RW: 2, 50, 3, -6741
LW: 2, 50, 3, -6722
RW: 2, 50, 3, -6741
LW: 2, 50, 3, -6722
RW: 2, 50, 3, -6741
LW: 2, 50, 3, -6722
RW: 2, 50, 3, -6741
LW: 2, 50, 3, -6722
RW: 2, 50, 3, -6741
LW: 2, 50, 3, -6722
RW: 2, 50, 3, -6741
LW: 2, 50, 4, -6722
RW: 2, 50, 3, -6741
LW: 2, 50, 4, -6722
RW: 2, 50, 3, -6741
LW: 2, 50, 4, -6722
RW: 2, 50, 3, -6722
LW: 2, 50, 4, -6703
RW: 2, 50, 4, -6722
LW: 2, 50, 4, -6703
RW: 2, 50, 4, -6722
LW: 2, 50, 5, -6703
RW: 2, 50, 4, -6722
LW: 2, 50, 5, -6703
RW: 2, 50, 4, -6722
LW: 2, 50, 5, -6703
RW: 2, 50, 4, -6722
LW: 2, 50, 5, -6703
RW: 2, 50, 5, -6722
LW: 2, 50, 5, -6703
RW: 2, 50, 5, -6722
LW: 2, 50, 5, -6703
RW: 2, 50, 5, -6722
LW: 2, 50, 5, -6703
RW: 2, 50, 5, -6722
LW: 2, 50, 5, -6703
RW: 2, 50, 5, -6722
LW: 2, 50, 5, -6703
RW: 2, 50, 5, -6722
LW: 2, 50, 6, -6703
RW: 2, 50, 5, -6722
LW: 2, 50, 6, -6703
RW: 2, 50, 5, -6722
LW: 2, 50, 6, -6703
RW: 2, 50, 5, -6722
LW: 2, 50, 6, -6703
RW: 2, 50, 6, -6722
LW: 2, 50, 7, -6703
RW: 2, 50, 6, -6722
LW: 2, 50, 7, -6703
RW: 2, 50, 6, -6722
LW: 2, 50, 7, -6675
RW: 2, 50, 6, -6693
LW: 2, 50, 7, -6675
RW: 2, 50, 7, -6693
LW: 2, 50, 7, -6675
RW: 2, 50, 7, -6693
LW: 2, 50, 7, -6675
RW: 2, 50, 7, -6693
LW: 2, 50, 7, -6675
RW: 2, 50, 7, -6693
LW: 2, 50, 7, -6675
RW: 2, 50, 7, -6693
LW: 2, 50, 8, -6675
RW: 2, 50, 7, -6693
LW: 2, 50, 8, -6675
RW: 2, 50, 7, -6693
LW: 2, 50, 8, -6675
RW: 2, 50, 7, -6693
LW: 2, 50, 8, -6675
RW: 2, 50, 7, -6693
LW: 2, 50, 8, -6675
RW: 2, 50, 8, -6693
LW: 2, 50, 9, -6675
RW: 2, 50, 8, -6693
LW: 2, 50, 9, -6675
RW: 2, 50, 8, -6693
LW: 2, 50, 9, -6675
RW: 2, 50, 8, -6693
LW: 2, 50, 9, -6675
RW: 2, 50, 9, -6693
LW: 2, 50, 9, -6675
RW: 2, 50, 9, -6693
LW: 2, 50, 9, -6675
RW: 2, 50, 9, -6693
LW: 2, 50, 9, -6675
RW: 2, 50, 9, -6693
LW: 2, 50, 10, -6675
RW: 2, 50, 9, -6665
LW: 2, 50, 10, -6646
RW: 2, 50, 9, -6665
LW: 2, 50, 10, -6646
RW: 2, 50, 9, -6665
LW: 2, 50, 10, -6646
RW: 2, 50, 10, -6665
LW: 2, 50, 10, -6646
RW: 2, 50, 10, -6665
LW: 2, 50, 11, -6646
RW: 2, 50, 10, -6665
LW: 2, 50, 11, -6646
RW: 2, 50, 10, -6665
LW: 2, 50, 11, -6646
RW: 2, 50, 11, -6665
LW: 2, 50, 11, -6646
RW: 2, 50, 11, -6665
LW: 2, 50, 11, -6646
RW: 2, 50, 11, -6665
LW: 2, 50, 11, -6646
RW: 2, 50, 11, -6665
LW: 2, 50, 11, -6646
RW: 2, 50, 11, -6665
LW: 2, 50, 12, -6646
RW: 2, 50, 11, -6665
LW: 2, 50, 12, -6646
RW: 2, 50, 11, -6665
LW: 2, 50, 12, -6646
RW: 2, 50, 12, -6665
LW: 2, 50, 12, -6646
RW: 2, 50, 12, -6665
LW: 2, 50, 13, -6646
RW: 2, 50, 12, -6665
LW: 2, 50, 13, -6646
RW: 2, 50, 12, -6665
LW: 2, 50, 13, -6646
RW: 2, 50, 13, -6665
LW: 2, 50, 13, -6618
RW: 2, 50, 13, -6628
LW: 2, 50, 13, -6618
RW: 2, 50, 13, -6628
LW: 2, 50, 13, -6618
RW: 2, 50, 13, -6628
LW: 2, 50, 13, -6618
RW: 2, 50, 13, -6628
LW: 2, 50, 14, -6618
RW: 2, 50, 13, -6628
LW: 2, 50, 14, -6618
RW: 2, 50, 13, -6628
LW: 2, 50, 14, -6618
RW: 2, 50, 14, -6628
LW: 2, 50, 14, -6618
RW: 2, 50, 14, -6628
LW: 2, 50, 15, -6618
RW: 2, 50, 14, -6628
LW: 2, 50, 15, -6618
RW: 2, 50, 15, -6628
LW: 2, 50, 15, -6618
RW: 2, 50, 15, -6628
LW: 2, 50, 15, -6618
RW: 2, 50, 15, -6628
LW: 2, 50, 15, -6618
RW: 2, 50, 15, -6628
LW: 2, 50, 15, -6618
RW: 2, 50, 15, -6628
LW: 2, 50, 16, -6618
RW: 2, 50, 15, -6628
LW: 2, 50, 16, -6618
RW: 2, 50, 15, -6628
LW: 2, 50, 16, -6618
RW: 2, 50, 16, -6628
LW: 2, 50, 17, -6618
RW: 2, 50, 16, -6628
LW: 2, 50, 17, -6581
RW: 2, 50, 16, -6600
LW: 2, 50, 17, -6581
RW: 2, 50, 17, -6600
LW: 2, 50, 17, -6581
RW: 2, 50, 17, -6600
LW: 2, 50, 17, -6581
RW: 2, 50, 17, -6600
LW: 2, 50, 17, -6581
RW: 2, 50, 17, -6600
LW: 2, 50, 18, -6581
RW: 2, 50, 17, -6600
LW: 2, 50, 18, -6581
RW: 2, 50, 17, -6600
LW: 2, 50, 18, -6581
RW: 2, 50, 18, -6600
LW: 2, 50, 18, -6581
RW: 2, 50, 18, -6600
LW: 2, 50, 19, -6581
RW: 2, 50, 18, -6600
LW: 2, 50, 19, -6581
RW: 2, 50, 19, -6600
LW: 2, 50, 19, -6581
RW: 2, 50, 19, -6600
LW: 2, 50, 19, -6581
RW: 2, 50, 19, -6600
LW: 2, 50, 19, -6581
RW: 2, 50, 19, -6600
LW: 2, 50, 20, -6581
RW: 2, 50, 19, -6600
LW: 2, 50, 20, -6581
RW: 2, 50, 19, -6600
LW: 2, 50, 20, -6581
RW: 2, 50, 20, -6600
LW: 2, 50, 20, -6581
RW: 2, 50, 20, -6600
LW: 2, 50, 21, -6581
RW: 2, 50, 20, -6562
LW: 2, 50, 21, -6543
RW: 2, 50, 20, -6562
LW: 2, 50, 21, -6543
RW: 2, 50, 21, -6562
LW: 2, 50, 21, -6543
RW: 2, 50, 21, -6562
LW: 2, 50, 21, -6543
RW: 2, 50, 21, -6562
LW: 2, 50, 21, -6543
RW: 2, 50, 21, -6562
LW: 2, 50, 22, -6543
RW: 2, 50, 21, -6562
LW: 2, 50, 22, -6543
RW: 2, 50, 21, -6562
LW: 2, 50, 22, -6543
RW: 2, 50, 22, -6562
LW: 2, 50, 22, -6543
RW: 2, 50, 22, -6562
LW: 2, 50, 23, -6543
RW: 2, 50, 22, -6562
LW: 2, 50, 23, -6543
RW: 2, 50, 23, -6562
LW: 2, 50, 23, -6543
RW: 2, 50, 23, -6562
LW: 2, 50, 23, -6543
RW: 2, 50, 23, -6562
LW: 2, 50, 23, -6543
RW: 2, 50, 23, -6562
LW: 2, 50, 24, -6543
RW: 2, 50, 23, -6562
LW: 2, 50, 24, -6543
RW: 2, 50, 23, -6562
LW: 2, 50, 24, -6543
RW: 2, 50, 24, -6562
LW: 2, 50, 24, -6543
RW: 2, 50, 24, -6562
LW: 2, 50, 25, -6506
RW: 2, 50, 24, -6525
LW: 2, 50, 25, -6506
RW: 2, 50, 25, -6525
LW: 2, 50, 25, -6506
RW: 2, 50, 25, -6525
LW: 2, 50, 25, -6506
RW: 2, 50, 25, -6525
LW: 2, 50, 25, -6506
RW: 2, 50, 25, -6525
LW: 2, 50, 26, -6506
RW: 2, 50, 25, -6525
LW: 2, 50, 26, -6506
RW: 2, 50, 26, -6525
LW: 2, 50, 26, -6506
RW: 2, 50, 26, -6525
LW: 2, 50, 26, -6506
RW: 2, 50, 26, -6525
LW: 2, 50, 27, -6506
RW: 2, 50, 27, -6525
LW: 2, 50, 27, -6506
RW: 2, 50, 27, -6525
LW: 2, 50, 27, -6506
RW: 2, 50, 27, -6525
LW: 2, 50, 27, -6506
RW: 2, 50, 27, -6525
LW: 2, 50, 27, -6506
RW: 2, 50, 27, -6525
LW: 2, 50, 28, -6506
RW: 2, 50, 27, -6525
LW: 2, 50, 28, -6506
RW: 2, 50, 28, -6525
LW: 2, 50, 28, -6506
RW: 2, 50, 28, -6525
LW: 2, 50, 29, -6506
RW: 2, 50, 28, -6525
LW: 2, 50, 29, -6506
RW: 2, 50, 29, -6525
LW: 2, 50, 29, 271
RW: 2, 50, 29, 271
LW: 2, 50, 29, 271
RW: 2, 50, 29, 271
LW: 2, 50, 29, 271
RW: 2, 50, 29, 271
LW: 2, 50, 30, 271
RW: 2, 50, 29, 271
LW: 2, 50, 30, 271
RW: 2, 50, 30, 271
LW: 2, 50, 30, 271
RW: 2, 50, 30, 271
LW: 2, 50, 30, 271
RW: 2, 50, 30, 271
LW: 2, 50, 31, 271
RW: 2, 50, 31, 271
LW: 2, 50, 31, 271
RW: 2, 50, 31, 271
LW: 2, 50, 31, 271
RW: 2, 50, 31, 271
LW: 2, 50, 31, 271
RW: 2, 50, 31, 271
LW: 2, 50, 31, 271
RW: 2, 50, 31, 271
LW: 2, 50, 32, 271
RW: 2, 50, 31, 271
LW: 2, 50, 32, 271
RW: 2, 50, 32, 271
LW: 2, 50, 32, 271
RW: 2, 50, 32, 271
LW: 2, 50, 33, 271
RW: 2, 50, 32, 271
LW: 2, 50, 33, 271
RW: 2, 50, 33, 271
LW: 2, 50, 33, 271
RW: 2, 50, 33, 271
LW: 2, 50, 33, 300
RW: 2, 50, 33, 310
LW: 2, 50, 33, 300
RW: 2, 50, 33, 310
LW: 2, 50, 34, 300
RW: 2, 50, 34, 310
LW: 2, 50, 34, 300
RW: 2, 50, 34, 310
LW: 2, 50, 34, 300
RW: 2, 50, 34, 310
LW: 2, 50, 35, 300
RW: 2, 50, 35, 310
LW: 2, 50, 35, 300
RW: 2, 50, 35, 310
LW: 2, 50, 35, 300
RW: 2, 50, 35, 310
LW: 2, 50, 35, 300
RW: 2, 50, 35, 310
LW: 2, 50, 36, 300
RW: 2, 50, 36, 310
LW: 2, 50, 36, 300
RW: 2, 50, 36, 310
LW: 2, 50, 36, 300
RW: 2, 50, 36, 310
LW: 2, 50, 37, 300
RW: 2, 50, 37, 310
LW: 2, 50, 37, 300
RW: 2, 50, 37, 310
LW: 2, 50, 37, 300
RW: 2, 50, 37, 310
LW: 2, 50, 37, 300
RW: 2, 50, 37, 310
LW: 2, 50, 37, 300
RW: 2, 50, 37, 338
LW: 2, 50, 38, 329
RW: 2, 50, 38, 338
LW: 2, 50, 38, 329
RW: 2, 50, 38, 338
LW: 2, 50, 38, 329
RW: 2, 50, 39, 338
LW: 2, 50, 39, 329
RW: 2, 50, 39, 338
LW: 2, 50, 39, 329
RW: 2, 50, 39, 338
LW: 2, 50, 39, 329
RW: 2, 50, 39, 338
LW: 2, 50, 39, 329
RW: 2, 50, 39, 338
LW: 2, 50, 39, 329
RW: 2, 50, 40, 338
LW: 2, 50, 40, 329
RW: 2, 50, 40, 338
LW: 2, 50, 40, 329
RW: 2, 50, 40, 338
LW: 2, 50, 40, 329
RW: 2, 50, 41, 338
LW: 2, 50, 41, 329
RW: 2, 50, 41, 338
LW: 2, 50, 41, 329
RW: 2, 50, 41, 338
LW: 2, 50, 41, 329
RW: 2, 50, 41, 338
LW: 2, 50, 41, 329
RW: 2, 50, 41, 338
LW: 2, 50, 41, 329
RW: 2, 50, 42, 338
LW: 2, 50, 42, 329
RW: 2, 50, 42, 338
LW: 2, 50, 42, 329
RW: 2, 50, 43, 366
LW: 2, 50, 42, 357
RW: 2, 50, 43, 366
LW: 2, 50, 43, 357
RW: 2, 50, 43, 366
LW: 2, 50, 43, 357
RW: 2, 50, 43, 366
LW: 2, 50, 43, 357
RW: 2, 50, 43, 366
LW: 2, 50, 43, 357
RW: 2, 50, 44, 366
LW: 2, 50, 44, 357
RW: 2, 50, 44, 366
LW: 2, 50, 44, 357
RW: 2, 50, 44, 366
LW: 2, 50, 44, 357
RW: 2, 50, 45, 366
LW: 2, 50, 44, 357
RW: 2, 50, 45, 366
LW: 2, 50, 45, 357
RW: 2, 50, 45, 366
LW: 2, 50, 45, 357
RW: 2, 50, 45, 366
LW: 2, 50, 45, 357
RW: 2, 50, 45, 366
LW: 2, 50, 45, 357
RW: 2, 50, 46, 366
LW: 2, 50, 45, 357
RW: 2, 50, 46, 366
LW: 2, 50, 46, 357
RW: 2, 50, 47, 366
LW: 2, 50, 46, 357
RW: 2, 50, 47, 366
LW: 2, 50, 46, 357
RW: 2, 50, 47, 366
LW: 2, 50, 47, 357
RW: 2, 50, 47, 386
LW: 2, 50, 47, 377
RW: 2, 50, 47, 386
LW: 2, 50, 47, 377
RW: 2, 50, 48, 386
LW: 2, 50, 47, 377
RW: 2, 50, 48, 386
LW: 2, 50, 48, 377
RW: 2, 50, 49, 386
LW: 2, 50, 48, 377
RW: 2, 50, 49, 386
LW: 2, 50, 48, 377
RW: 2, 50, 49, 386
LW: 2, 50, 49, 377
RW: 2, 50, 49, 386
LW: 2, 50, 49, 377
RW: 2, 50, 49, 386
LW: 2, 50, 49, 377
RW: 2, 50, 50, 386
LW: 2, 50, 49, 377
RW: 2, 50, 50, 386
LW: 2, 50, 49, 377
RW: 2, 50, 51, 386
LW: 2, 50, 50, 377
RW: 2, 50, 51, 386
LW: 2, 50, 50, 377
RW: 2, 50, 51, 386
LW: 2, 50, 50, 377
RW: 2, 50, 51, 386
LW: 2, 50, 51, 377
RW: 2, 50, 51, 386
LW: 2, 50, 51, 377
RW: 2, 50, 52, 386
LW: 2, 50, 51, 377
RW: 2, 50, 52, 386
LW: 2, 50, 51, 377
RW: 2, 50, 53, 386
LW: 2, 50, 51, 377
RW: 2, 50, 53, 413
LW: 2, 50, 52, 395
RW: 2, 50, 53, 413
LW: 2, 50, 52, 395
RW: 2, 50, 53, 413
LW: 2, 50, 52, 395
RW: 2, 50, 53, 413
LW: 2, 50, 53, 395
RW: 2, 50, 54, 413
LW: 2, 50, 53, 395
RW: 2, 50, 54, 413
LW: 2, 50, 53, 395
RW: 2, 50, 55, 413
LW: 2, 50, 53, 395
RW: 2, 50, 55, 413
LW: 2, 50, 54, 395
RW: 2, 50, 55, 413
LW: 2, 50, 54, 395
RW: 2, 50, 55, 413
LW: 2, 50, 54, 395
RW: 2, 50, 55, 413
LW: 2, 50, 55, 395
RW: 2, 50, 56, 413
LW: 2, 50, 55, 395
RW: 2, 50, 56, 413
LW: 2, 50, 55, 395
RW: 2, 50, 57, 413
LW: 2, 50, 55, 395
RW: 2, 50, 57, 413
LW: 2, 50, 55, 395
RW: 2, 50, 57, 413
LW: 2, 50, 56, 395
RW: 2, 50, 57, 413
LW: 2, 50, 56, 395
RW: 2, 50, 57, 413
LW: 2, 50, 56, 395
RW: 2, 50, 58, 413
LW: 2, 50, 57, 414
RW: 2, 50, 58, 423
LW: 2, 50, 57, 414
RW: 2, 50, 59, 423
LW: 2, 50, 57, 414
RW: 2, 50, 59, 423
LW: 2, 50, 57, 414
RW: 2, 50, 59, 423
LW: 2, 50, 58, 414
RW: 2, 50, 59, 423
LW: 2, 50, 58, 414
RW: 2, 50, 60, 423
LW: 2, 50, 58, 414
RW: 2, 50, 60, 423
LW: 2, 50, 59, 414
RW: 2, 50, 60, 423
LW: 2, 50, 59, 414
RW: 2, 50, 61, 423
LW: 2, 50, 59, 414
RW: 2, 50, 61, 423
LW: 2, 50, 59, 414
RW: 2, 50, 61, 423
LW: 2, 50, 60, 414
RW: 2, 50, 61, 423
LW: 2, 50, 60, 414
RW: 2, 50, 62, 423
LW: 2, 50, 60, 414
RW: 2, 50, 62, 423
LW: 2, 50, 61, 414
RW: 2, 50, 62, 423
LW: 2, 50, 61, 414
RW: 2, 50, 63, 423
LW: 2, 50, 61, 414
RW: 2, 50, 63, 423
LW: 2, 50, 61, 414
RW: 2, 50, 63, 423
LW: 2, 50, 61, 414
RW: 2, 50, 63, 442
LW: 2, 50, 62, 414
RW: 2, 50, 64, 442
LW: 2, 50, 62, 414
RW: 2, 50, 64, 442
LW: 2, 50, 62, 414
RW: 2, 50, 65, 442
LW: 2, 50, 63, 414
RW: 2, 50, 65, 442
LW: 2, 50, 63, 414
RW: 2, 50, 65, 442
LW: 2, 50, 63, 414
RW: 2, 50, 65, 442
LW: 2, 50, 63, 414
RW: 2, 50, 65, 442
LW: 2, 50, 63, 414
RW: 2, 50, 66, 442
LW: 2, 50, 64, 414
RW: 2, 50, 66, 442
LW: 2, 50, 64, 414
RW: 2, 50, 67, 442
LW: 2, 50, 65, 414
RW: 2, 50, 67, 442
LW: 2, 50, 65, 414
RW: 2, 50, 67, 442
LW: 2, 50, 65, 414
RW: 2, 50, 67, 442
LW: 2, 50, 65, 414
RW: 2, 50, 68, 442
LW: 2, 50, 65, 414
RW: 2, 50, 68, 442
LW: 2, 50, 66, 414
RW: 2, 50, 68, 442
LW: 2, 50, 66, 414
RW: 2, 50, 69, 442
LW: 2, 50, 66, 414
RW: 2, 50, 69, 442
LW: 2, 50, 67, 433
RW: 2, 50, 69, 461
LW: 2, 50, 67, 433
RW: 2, 50, 69, 461
LW: 2, 50, 67, 433
RW: 2, 50, 70, 461
LW: 2, 50, 67, 433
RW: 2, 50, 70, 461
LW: 2, 50, 68, 433
RW: 2, 50, 71, 461
LW: 2, 50, 68, 433
RW: 2, 50, 71, 461
LW: 2, 50, 68, 433
RW: 2, 50, 71, 461
LW: 2, 50, 69, 433
RW: 2, 50, 71, 461
LW: 2, 50, 69, 433
RW: 2, 50, 72, 461
LW: 2, 50, 69, 433
RW: 2, 50, 72, 461
LW: 2, 50, 69, 433
RW: 2, 50, 73, 461
LW: 2, 50, 70, 433
RW: 2, 50, 73, 461
LW: 2, 50, 70, 433
RW: 2, 50, 73, 461
LW: 2, 50, 70, 433
RW: 2, 50, 73, 461
LW: 2, 50, 71, 433
RW: 2, 50, 73, 461
LW: 2, 50, 71, 433
RW: 2, 50, 74, 461
LW: 2, 50, 71, 433
RW: 2, 50, 74, 461
LW: 2, 50, 71, 433
RW: 2, 50, 75, 461
LW: 2, 50, 71, 433
RW: 2, 50, 75, 480
LW: 2, 50, 72, 434
RW: 2, 50, 75, 480
LW: 2, 50, 72, 434
RW: 2, 50, 75, 480
LW: 2, 50, 72, 434
RW: 2, 50, 76, 480
LW: 2, 50, 73, 434
RW: 2, 50, 76, 480
LW: 2, 50, 73, 434
RW: 2, 50, 77, 480
LW: 2, 50, 73, 434
RW: 2, 50, 77, 480
LW: 2, 50, 73, 434
RW: 2, 50, 77, 480
LW: 2, 50, 74, 434
RW: 2, 50, 77, 480
LW: 2, 50, 74, 434
RW: 2, 50, 78, 480
LW: 2, 50, 74, 434
RW: 2, 50, 78, 480
LW: 2, 50, 75, 434
RW: 2, 50, 78, 480
LW: 2, 50, 75, 434
RW: 2, 50, 79, 480
LW: 2, 50, 75, 434
RW: 2, 50, 79, 480
LW: 2, 50, 75, 434
RW: 2, 50, 79, 480
LW: 2, 50, 76, 434
RW: 2, 50, 79, 480
LW: 2, 50, 76, 434
RW: 2, 50, 80, 480
LW: 2, 50, 76, 434
RW: 2, 50, 80, 480
LW: 2, 50, 77, 434
RW: 2, 50, 81, 480
LW: 2, 50, 77, 434
RW: 2, 50, 81, 490
LW: 2, 50, 77, 452
RW: 2, 50, 81, 490
LW: 2, 50, 77, 452
RW: 2, 50, 81, 490
LW: 2, 50, 78, 452
RW: 2, 50, 82, 490
LW: 2, 50, 78, 452
RW: 2, 50, 82, 490
LW: 2, 50, 78, 452
RW: 2, 50, 83, 490
LW: 2, 50, 79, 452
RW: 2, 50, 83, 490
LW: 2, 50, 79, 452
RW: 2, 50, 83, 490
LW: 2, 50, 79, 452
RW: 2, 50, 83, 490
LW: 2, 50, 79, 452
RW: 2, 50, 84, 490
LW: 2, 50, 79, 452
RW: 2, 50, 84, 490
LW: 2, 50, 80, 452
RW: 2, 50, 85, 490
LW: 2, 50, 80, 452
RW: 2, 50, 85, 490
LW: 2, 50, 81, 452
RW: 2, 50, 85, 490
LW: 2, 50, 81, 452
RW: 2, 50, 85, 490
LW: 2, 50, 81, 452
RW: 2, 50, 86, 490
LW: 2, 50, 81, 452
RW: 2, 50, 86, 490
LW: 2, 50, 82, 452
RW: 2, 50, 87, 490
LW: 2, 50, 82, 452
RW: 2, 50, 87, 490
LW: 2, 50, 82, 452
RW: 2, 50, 87, 506
LW: 2, 50, 83, 460
RW: 2, 50, 87, 506
LW: 2, 50, 83, 460
RW: 2, 50, 87, 506
LW: 2, 50, 83, 460
RW: 2, 50, 88, 506
LW: 2, 50, 83, 460
RW: 2, 50, 88, 506
LW: 2, 50, 83, 460
RW: 2, 50, 89, 506
LW: 2, 50, 84, 460
RW: 2, 50, 89, 506
LW: 2, 50, 84, 460
RW: 2, 50, 89, 506
LW: 2, 50, 84, 460
RW: 2, 50, 89, 506
LW: 2, 50, 85, 460
RW: 2, 50, 90, 506
LW: 2, 50, 85, 460
RW: 2, 50, 90, 506
LW: 2, 50, 85, 460
RW: 2, 50, 91, 506
LW: 2, 50, 85, 460
RW: 2, 50, 91, 506
LW: 2, 50, 86, 460
RW: 2, 50, 91, 506
LW: 2, 50, 86, 460
RW: 2, 50, 91, 506
LW: 2, 50, 86, 460
RW: 2, 50, 90, 506
LW: 2, 50, 87, 460
RW: 2, 50, 90, 506
LW: 2, 50, 87, 460
RW: 2, 50, 91, 506
LW: 2, 50, 87, 460
RW: 2, 50, 91, 506
LW: 2, 50, 87, 469
RW: 2, 50, 91, 506
LW: 2, 50, 88, 469
RW: 2, 50, 91, 506
LW: 2, 50, 88, 469
RW: 2, 50, 92, 506
LW: 2, 50, 88, 469
RW: 2, 50, 92, 506
LW: 2, 50, 89, 469
RW: 2, 50, 93, 506
LW: 2, 50, 89, 469
RW: 2, 50, 93, 506
LW: 2, 50, 89, 469
RW: 2, 50, 93, 506
LW: 2, 50, 89, 469
RW: 2, 50, 93, 506
LW: 2, 50, 90, 469
RW: 2, 50, 94, 506
LW: 2, 50, 90, 469
RW: 2, 50, 94, 506
LW: 2, 50, 90, 469
RW: 2, 50, 95, 506
LW: 2, 50, 91, 469
RW: 2, 50, 95, 506
LW: 2, 50, 91, 469
RW: 2, 50, 95, 506
LW: 2, 50, 91, 469
RW: 2, 50, 95, 506
LW: 2, 50, 91, 469
RW: 2, 50, 96, 506
LW: 2, 50, 92, 469
RW: 2, 50, 96, 506
LW: 2, 50, 92, 469
RW: 2, 50, 97, 506
LW: 2, 50, 92, 469
RW: 2, 50, 97, 506
LW: 2, 50, 93, 479
RW: 2, 50, 97, 516
LW: 2, 50, 93, 479
RW: 2, 50, 97, 516
LW: 2, 50, 93, 479
RW: 2, 50, 98, 516
LW: 2, 50, 93, 479
RW: 2, 50, 98, 516
LW: 2, 50, 94, 479
RW: 2, 50, 99, 516
LW: 2, 50, 94, 479
RW: 2, 50, 99, 516
LW: 2, 50, 94, 479
RW: 2, 50, 99, 516
LW: 2, 50, 95, 479
RW: 2, 50, 99, 516
LW: 2, 50, 95, 479
RW: 2, 50, 100, 516
LW: 2, 50, 95, 479
RW: 2, 50, 100, 516
LW: 2, 50, 95, 479
RW: 2, 50, 101, 516
LW: 2, 50, 96, 479
RW: 2, 50, 101, 516
LW: 2, 50, 96, 479
RW: 2, 50, 101, 516
LW: 2, 50, 96, 479
RW: 2, 50, 101, 516
LW: 2, 50, 97, 479
RW: 2, 50, 102, 516
LW: 2, 50, 97, 479
RW: 2, 50, 102, 516
LW: 2, 50, 97, 479
RW: 2, 50, 103, 516
LW: 2, 50, 97, 479
RW: 2, 50, 103, 516
LW: 2, 50, 98, 479
RW: 2, 50, 103, 524
LW: 2, 50, 98, 477
RW: 2, 50, 103, 524
LW: 2, 50, 98, 477
RW: 2, 50, 104, 524
LW: 2, 50, 99, 477
RW: 2, 50, 104, 524
LW: 2, 50, 99, 477
RW: 2, 50, 105, 524
LW: 2, 50, 99, 477
RW: 2, 50, 105, 524
LW: 2, 50, 99, 477
RW: 2, 50, 105, 524
LW: 2, 50, 100, 477
RW: 2, 50, 105, 524
LW: 2, 50, 100, 477
RW: 2, 50, 106, 524
LW: 2, 50, 100, 477
RW: 2, 50, 106, 524
LW: 2, 50, 101, 477
RW: 2, 50, 107, 524
LW: 2, 50, 101, 477
RW: 2, 50, 107, 524
LW: 2, 50, 101, 477
RW: 2, 50, 107, 524
LW: 2, 50, 101, 477
RW: 2, 50, 107, 524
LW: 2, 50, 102, 477
RW: 2, 50, 108, 524
LW: 2, 50, 102, 477
RW: 2, 50, 108, 524
LW: 2, 50, 102, 477
RW: 2, 50, 109, 524
LW: 2, 50, 103, 477
RW: 2, 50, 109, 524
LW: 2, 50, 103, 477
RW: 2, 50, 109, 524
LW: 2, 50, 103, 477
RW: 2, 50, 109, 524
LW: 2, 50, 103, 477
RW: 2, 50, 110, 524
LW: 2, 50, 104, 477
RW: 2, 50, 110, 524
LW: 2, 50, 104, 477
RW: 2, 50, 111, 524
LW: 2, 50, 104, 477
RW: 2, 50, 111, 524
LW: 2, 50, 105, 477
RW: 2, 50, 111, 524
LW: 2, 50, 105, 477
RW: 2, 50, 111, 524
LW: 2, 50, 105, 477
RW: 2, 50, 112, 524
LW: 2, 50, 105, 477
RW: 2, 50, 112, 524
LW: 2, 50, 106, 477
RW: 2, 50, 113, 524
LW: 2, 50, 106, 477
RW: 2, 50, 113, 524
LW: 2, 50, 106, 477
RW: 2, 50, 113, 524
LW: 2, 50, 107, 477
RW: 2, 50, 113, 524
LW: 2, 50, 107, 477
RW: 2, 50, 114, 524
LW: 2, 50, 107, 477
RW: 2, 50, 114, 524
LW: 2, 50, 107, 477
RW: 2, 50, 115, 524
LW: 2, 50, 108, 477
RW: 2, 50, 115, 524
LW: 2, 50, 108, 477
RW: 2, 50, 115, 524
LW: 2, 50, 108, 477
RW: 2, 50, 115, 524
LW: 2, 50, 109, 487
RW: 2, 50, 116, 533
LW: 2, 50, 109, 487
RW: 2, 50, 116, 533
LW: 2, 50, 109, 487
RW: 2, 50, 117, 533
LW: 2, 50, 109, 487
RW: 2, 50, 117, 533
LW: 2, 50, 110, 487
RW: 2, 50, 117, 533
LW: 2, 50, 110, 487
RW: 2, 50, 117, 533
LW: 2, 50, 110, 487
RW: 2, 50, 118, 533
LW: 2, 50, 111, 487
RW: 2, 50, 118, 533
LW: 2, 50, 111, 487
RW: 2, 50, 119, 533
LW: 2, 50, 111, 487
RW: 2, 50, 119, 533
LW: 2, 50, 111, 487
RW: 2, 50, 119, 533
LW: 2, 50, 111, 487
RW: 2, 50, 119, 533
LW: 2, 50, 112, 487
RW: 2, 50, 120, 533
LW: 2, 50, 112, 487
RW: 2, 50, 120, 533
LW: 2, 50, 113, 487
RW: 2, 50, 121, 533
LW: 2, 50, 113, 487
RW: 2, 50, 121, 533
LW: 2, 50, 113, 487
RW: 2, 50, 121, 533
LW: 2, 50, 113, 487
RW: 2, 50, 121, 533
LW: 2, 50, 113, 487
RW: 2, 50, 122, 533
LW: 2, 50, 114, 495
RW: 2, 50, 122, 551
LW: 2, 50, 114, 495
RW: 2, 50, 123, 551
LW: 2, 50, 115, 495
RW: 2, 50, 123, 551
LW: 2, 50, 115, 495
RW: 2, 50, 123, 551
LW: 2, 50, 115, 495
RW: 2, 50, 123, 551
LW: 2, 50, 115, 495
RW: 2, 50, 124, 551
LW: 2, 50, 115, 495
RW: 2, 50, 124, 551
LW: 2, 50, 116, 495
RW: 2, 50, 125, 551
LW: 2, 50, 116, 495
RW: 2, 50, 125, 551
LW: 2, 50, 116, 495
RW: 2, 50, 125, 551
LW: 2, 50, 117, 495
RW: 2, 50, 125, 551
LW: 2, 50, 117, 495
RW: 2, 50, 126, 551
LW: 2, 50, 117, 495
RW: 2, 50, 126, 551
LW: 2, 50, 117, 495
RW: 2, 50, 127, 551
LW: 2, 50, 118, 495
RW: 2, 50, 127, 551
LW: 2, 50, 118, 495
RW: 2, 50, 127, 551
LW: 2, 50, 118, 495
RW: 2, 50, 128, 551
LW: 2, 50, 119, 495
RW: 2, 50, 128, 551
LW: 2, 50, 119, 495
RW: 2, 50, 129, 551
LW: 2, 50, 119, 484
RW: 2, 50, 129, 558
LW: 2, 50, 119, 484
RW: 2, 50, 129, 558
LW: 2, 50, 120, 484
RW: 2, 50, 129, 558
LW: 2, 50, 120, 484
RW: 2, 50, 130, 558
LW: 2, 50, 121, 484
RW: 2, 50, 130, 558
LW: 2, 50, 121, 484
RW: 2, 50, 131, 558
LW: 2, 50, 121, 484
RW: 2, 50, 131, 558
LW: 2, 50, 121, 484
RW: 2, 50, 131, 558
LW: 2, 50, 122, 484
RW: 2, 50, 131, 558
LW: 2, 50, 122, 484
RW: 2, 50, 132, 558
LW: 2, 50, 122, 484
RW: 2, 50, 132, 558
LW: 2, 50, 123, 484
RW: 2, 50, 133, 558
LW: 2, 50, 123, 484
RW: 2, 50, 133, 558
LW: 2, 50, 123, 484
RW: 2, 50, 133, 558
LW: 2, 50, 123, 484
RW: 2, 50, 133, 558
LW: 2, 50, 124, 484
RW: 2, 50, 134, 558
LW: 2, 50, 124, 484
RW: 2, 50, 134, 558
LW: 2, 50, 124, 484
RW: 2, 50, 135, 558
LW: 2, 50, 125, 484
RW: 2, 50, 135, 558
LW: 2, 50, 125, 502
RW: 2, 50, 135, 557
LW: 2, 50, 125, 502
RW: 2, 50, 135, 557
LW: 2, 50, 125, 502
RW: 2, 50, 136, 557
LW: 2, 50, 125, 502
RW: 2, 50, 136, 557
LW: 2, 50, 126, 502
RW: 2, 50, 137, 557
LW: 2, 50, 126, 502
RW: 2, 50, 137, 557
LW: 2, 50, 127, 502
RW: 2, 50, 137, 557
LW: 2, 50, 127, 502
RW: 2, 50, 137, 557
LW: 2, 50, 127, 502
RW: 2, 50, 138, 557
LW: 2, 50, 127, 502
RW: 2, 50, 138, 557
LW: 2, 50, 128, 502
RW: 2, 50, 139, 557
LW: 2, 50, 128, 502
RW: 2, 50, 139, 557
LW: 2, 50, 128, 502
RW: 2, 50, 139, 557
LW: 2, 50, 129, 502
RW: 2, 50, 139, 557
LW: 2, 50, 129, 502
RW: 2, 50, 140, 557
LW: 2, 50, 129, 502
RW: 2, 50, 140, 557
LW: 2, 50, 129, 502
RW: 2, 50, 141, 557
LW: 2, 50, 130, 502
RW: 2, 50, 141, 557
LW: 2, 50, 130, 502
RW: 2, 50, 141, 557
LW: 2, 50, 130, 492
RW: 2, 50, 142, 557
LW: 2, 50, 131, 492
RW: 2, 50, 142, 557
LW: 2, 50, 131, 492
RW: 2, 50, 143, 557
LW: 2, 50, 131, 492
RW: 2, 50, 143, 557
LW: 2, 50, 131, 492
RW: 2, 50, 143, 557
LW: 2, 50, 132, 492
RW: 2, 50, 143, 557
LW: 2, 50, 132, 492
RW: 2, 50, 144, 557
LW: 2, 50, 133, 492
RW: 2, 50, 144, 557
LW: 2, 50, 133, 492
RW: 2, 50, 145, 557
LW: 2, 50, 133, 492
RW: 2, 50, 145, 557
LW: 2, 50, 133, 492
RW: 2, 50, 145, 557
LW: 2, 50, 133, 492
RW: 2, 50, 145, 557
LW: 2, 50, 134, 492
RW: 2, 50, 146, 557
LW: 2, 50, 134, 492
RW: 2, 50, 146, 557
LW: 2, 50, 134, 492
RW: 2, 50, 147, 557
LW: 2, 50, 135, 492
RW: 2, 50, 147, 557
LW: 2, 50, 135, 492
RW: 2, 50, 147, 557
LW: 2, 50, 135, 492
RW: 2, 50, 148, 557
LW: 2, 50, 135, 494
RW: 2, 50, 148, 569
LW: 2, 50, 136, 494
RW: 2, 50, 148, 569
LW: 2, 50, 136, 494
RW: 2, 50, 149, 569
LW: 2, 50, 137, 494
RW: 2, 50, 149, 569
LW: 2, 50, 137, 494
RW: 2, 50, 149, 569
LW: 2, 50, 137, 494
RW: 2, 50, 150, 569
LW: 2, 50, 137, 494
RW: 2, 50, 150, 569
LW: 2, 50, 138, 494
RW: 2, 50, 151, 569
LW: 2, 50, 138, 494
RW: 2, 50, 151, 569
LW: 2, 50, 138, 494
RW: 2, 50, 151, 569
LW: 2, 50, 139, 494
RW: 2, 50, 151, 569
LW: 2, 50, 139, 494
RW: 2, 50, 152, 569
LW: 2, 50, 139, 494
RW: 2, 50, 152, 569
LW: 2, 50, 139, 494
RW: 2, 50, 153, 569
LW: 2, 50, 140, 494
RW: 2, 50, 153, 569
LW: 2, 50, 140, 494
RW: 2, 50, 153, 569
LW: 2, 50, 140, 494
RW: 2, 50, 153, 569
LW: 2, 50, 141, 494
RW: 2, 50, 154, 569
LW: 2, 50, 141, 494
RW: 2, 50, 154, 569
LW: 2, 50, 141, 494
RW: 2, 50, 155, 586
LW: 2, 50, 141, 502
RW: 2, 50, 155, 586
LW: 2, 50, 142, 502
RW: 2, 50, 155, 586
LW: 2, 50, 142, 502
RW: 2, 50, 155, 586
LW: 2, 50, 142, 502
RW: 2, 50, 156, 586
LW: 2, 50, 143, 502
RW: 2, 50, 156, 586
LW: 2, 50, 143, 502
RW: 2, 50, 157, 586
LW: 2, 50, 143, 502
RW: 2, 50, 157, 586
LW: 2, 50, 143, 502
RW: 2, 50, 157, 586
LW: 2, 50, 144, 502
RW: 2, 50, 157, 586
LW: 2, 50, 144, 502
RW: 2, 50, 158, 586
LW: 2, 50, 144, 502
RW: 2, 50, 158, 586
LW: 2, 50, 145, 502
RW: 2, 50, 159, 586
LW: 2, 50, 145, 502
RW: 2, 50, 159, 586
LW: 2, 50, 145, 502
RW: 2, 50, 159, 586
LW: 2, 50, 145, 502
RW: 2, 50, 160, 586
LW: 2, 50, 146, 502
RW: 2, 50, 160, 586
LW: 2, 50, 146, 502
RW: 2, 50, 161, 586
LW: 2, 50, 147, 502
RW: 2, 50, 161, 596
LW: 2, 50, 147, 502
RW: 2, 50, 161, 596
LW: 2, 50, 147, 502
RW: 2, 50, 161, 596
LW: 2, 50, 147, 502
RW: 2, 50, 162, 596
LW: 2, 50, 148, 502
RW: 2, 50, 162, 596
LW: 2, 50, 148, 502
RW: 2, 50, 163, 596
LW: 2, 50, 148, 502
RW: 2, 50, 163, 596
LW: 2, 50, 149, 502
RW: 2, 50, 163, 596
LW: 2, 50, 149, 502
RW: 2, 50, 164, 596
LW: 2, 50, 149, 502
RW: 2, 50, 164, 596
LW: 2, 50, 149, 502
RW: 2, 50, 165, 596
LW: 2, 50, 150, 502
RW: 2, 50, 165, 596
LW: 2, 50, 150, 502
RW: 2, 50, 165, 596
LW: 2, 50, 150, 502
RW: 2, 50, 165, 596
LW: 2, 50, 151, 502
RW: 2, 50, 166, 596
LW: 2, 50, 151, 502
RW: 2, 50, 166, 596
LW: 2, 50, 151, 502
RW: 2, 50, 167, 596
LW: 2, 50, 151, 502
RW: 2, 50, 167, 596
LW: 2, 50, 152, 502
RW: 2, 50, 167, 596
LW: 2, 50, 152, 502
RW: 2, 50, 167, 596
LW: 2, 50, 153, 502
RW: 2, 50, 168, 596
LW: 2, 50, 153, 502
RW: 2, 50, 168, 596
LW: 2, 50, 153, 502
RW: 2, 50, 169, 596
LW: 2, 50, 153, 502
RW: 2, 50, 169, 596
LW: 2, 50, 154, 502
RW: 2, 50, 169, 596
LW: 2, 50, 154, 502
RW: 2, 50, 170, 596
LW: 2, 50, 154, 502
RW: 2, 50, 170, 596
LW: 2, 50, 155, 502
RW: 2, 50, 171, 596
LW: 2, 50, 155, 502
RW: 2, 50, 171, 596
LW: 2, 50, 155, 502
RW: 2, 50, 171, 596
LW: 2, 50, 155, 502
RW: 2, 50, 171, 596
LW: 2, 50, 156, 502
RW: 2, 50, 172, 596
LW: 2, 50, 156, 502
RW: 2, 50, 172, 596
LW: 2, 50, 156, 502
RW: 2, 50, 173, 596
LW: 2, 50, 157, 502
RW: 2, 50, 173, 596
LW: 2, 50, 157, 502
RW: 2, 50, 173, 596
LW: 2, 50, 157, 502
RW: 2, 50, 173, 596
LW: 2, 50, 157, 504
RW: 2, 50, 174, 598
LW: 2, 50, 158, 504
RW: 2, 50, 174, 598
LW: 2, 50, 158, 504
RW: 2, 50, 175, 598
LW: 2, 50, 158, 504
RW: 2, 50, 175, 598
LW: 2, 50, 159, 504
RW: 2, 50, 175, 598
LW: 2, 50, 159, 504
RW: 2, 50, 175, 598
LW: 2, 50, 159, 504
RW: 2, 50, 176, 598
LW: 2, 50, 159, 504
RW: 2, 50, 176, 598
LW: 2, 50, 160, 504
RW: 2, 50, 177, 598
LW: 2, 50, 160, 504
RW: 2, 50, 177, 598
LW: 2, 50, 161, 504
RW: 2, 50, 177, 598
LW: 2, 50, 161, 504
RW: 2, 50, 178, 598
LW: 2, 50, 161, 504
RW: 2, 50, 178, 598
LW: 2, 50, 161, 504
RW: 2, 50, 179, 598
LW: 2, 50, 162, 504
RW: 2, 50, 179, 598
LW: 2, 50, 162, 504
RW: 2, 50, 179, 598
LW: 2, 50, 162, 504
RW: 2, 50, 179, 598
LW: 2, 50, 163, 504
RW: 2, 50, 180, 598
LW: 2, 50, 163, 504
RW: 2, 50, 180, 607
LW: 2, 50, 163, 504
RW: 2, 50, 181, 607
LW: 2, 50, 163, 504
RW: 2, 50, 181, 607
LW: 2, 50, 164, 504
RW: 2, 50, 181, 607
LW: 2, 50, 164, 504
RW: 2, 50, 182, 607
LW: 2, 50, 164, 504
RW: 2, 50, 182, 607
LW: 2, 50, 165, 504
RW: 2, 50, 183, 607
LW: 2, 50, 165, 504
RW: 2, 50, 183, 607
LW: 2, 50, 165, 504
RW: 2, 50, 183, 607
LW: 2, 50, 165, 504
RW: 2, 50, 183, 607
LW: 2, 50, 166, 504
RW: 2, 50, 184, 607
LW: 2, 50, 166, 504
RW: 2, 50, 184, 607
LW: 2, 50, 167, 504
RW: 2, 50, 185, 607
LW: 2, 50, 167, 504
RW: 2, 50, 185, 607
LW: 2, 50, 167, 504
RW: 2, 50, 185, 607
LW: 2, 50, 167, 504
RW: 2, 50, 185, 607
LW: 2, 50, 168, 504
RW: 2, 50, 186, 607
LW: 2, 50, 168, 504
RW: 2, 50, 186, 607
LW: 2, 50, 168, 504
RW: 2, 50, 187, 607
LW: 2, 50, 169, 504
RW: 2, 50, 187, 607
LW: 2, 50, 169, 512
RW: 2, 50, 187, 605
LW: 2, 50, 169, 512
RW: 2, 50, 187, 605
LW: 2, 50, 169, 512
RW: 2, 50, 188, 605
LW: 2, 50, 170, 512
RW: 2, 50, 189, 605
LW: 2, 50, 170, 512
RW: 2, 50, 189, 605
LW: 2, 50, 170, 512
RW: 2, 50, 189, 605
LW: 2, 50, 171, 512
RW: 2, 50, 189, 605
LW: 2, 50, 171, 512
RW: 2, 50, 190, 605
LW: 2, 50, 171, 512
RW: 2, 50, 190, 605
LW: 2, 50, 171, 512
RW: 2, 50, 191, 605
LW: 2, 50, 172, 512
RW: 2, 50, 191, 605
LW: 2, 50, 172, 512
RW: 2, 50, 191, 605
LW: 2, 50, 172, 512
RW: 2, 50, 191, 605
LW: 2, 50, 173, 512
RW: 2, 50, 192, 605
LW: 2, 50, 173, 512
RW: 2, 50, 192, 605
LW: 2, 50, 173, 512
RW: 2, 50, 193, 605
LW: 2, 50, 173, 512
RW: 2, 50, 193, 605
LW: 2, 50, 174, 512
RW: 2, 50, 193, 605
LW: 2, 50, 174, 512
RW: 2, 50, 193, 597
LW: 2, 50, 175, 513
RW: 2, 50, 194, 597
LW: 2, 50, 175, 513
RW: 2, 50, 194, 597
LW: 2, 50, 175, 513
RW: 2, 50, 195, 597
LW: 2, 50, 175, 513
RW: 2, 50, 195, 597
LW: 2, 50, 175, 513
RW: 2, 50, 195, 597
LW: 2, 50, 176, 513
RW: 2, 50, 196, 597
LW: 2, 50, 176, 513
RW: 2, 50, 196, 597
LW: 2, 50, 177, 513
RW: 2, 50, 197, 597
LW: 2, 50, 177, 513
RW: 2, 50, 197, 597
LW: 2, 50, 177, 513
RW: 2, 50, 197, 597
LW: 2, 50, 177, 513
RW: 2, 50, 197, 597
LW: 2, 50, 178, 513
RW: 2, 50, 198, 597
LW: 2, 50, 178, 513
RW: 2, 50, 198, 597
LW: 2, 50, 178, 513
RW: 2, 50, 199, 597
LW: 2, 50, 179, 513
RW: 2, 50, 199, 597
LW: 2, 50, 179, 513
RW: 2, 50, 199, 597
LW: 2, 50, 179, 513
RW: 2, 50, 199, 597
LW: 2, 50, 179, 513
RW: 2, 50, 200, 597
LW: 2, 50, 180, 513
RW: 2, 50, 201, 607
LW: 2, 50, 180, 513
RW: 2, 50, 201, 607
LW: 2, 50, 180, 513
RW: 2, 50, 201, 607
LW: 2, 50, 181, 513
RW: 2, 50, 201, 607
LW: 2, 50, 181, 513
RW: 2, 50, 202, 607
LW: 2, 50, 181, 513
RW: 2, 50, 202, 607
LW: 2, 50, 181, 513
RW: 2, 50, 203, 607
LW: 2, 50, 182, 513
RW: 2, 50, 203, 607
LW: 2, 50, 182, 513
RW: 2, 50, 203, 607
LW: 2, 50, 182, 513
RW: 2, 50, 203, 607
LW: 2, 50, 183, 513
RW: 2, 50, 204, 607
LW: 2, 50, 183, 513
RW: 2, 50, 204, 607
LW: 2, 50, 183, 513
RW: 2, 50, 205, 607
LW: 2, 50, 183, 513
RW: 2, 50, 205, 607
LW: 2, 50, 184, 513
RW: 2, 50, 205, 607
LW: 2, 50, 184, 513
RW: 2, 50, 206, 607
LW: 2, 50, 185, 513
RW: 2, 50, 206, 607
LW: 2, 50, 185, 513
RW: 2, 50, 207, 607
LW: 2, 50, 185, 513
RW: 2, 50, 207, 607
LW: 2, 50, 185, 513
RW: 2, 50, 207, 616
LW: 2, 50, 185, 513
RW: 2, 50, 207, 616
LW: 2, 50, 186, 513
RW: 2, 50, 208, 616
LW: 2, 50, 186, 513
RW: 2, 50, 208, 616
LW: 2, 50, 187, 513
RW: 2, 50, 209, 616
LW: 2, 50, 187, 513
RW: 2, 50, 209, 616
LW: 2, 50, 187, 513
RW: 2, 50, 209, 616
LW: 2, 50, 187, 513
RW: 2, 50, 209, 616
LW: 2, 50, 188, 513
RW: 2, 50, 210, 616
LW: 2, 50, 188, 513
RW: 2, 50, 210, 616
LW: 2, 50, 188, 513
RW: 2, 50, 211, 616
LW: 2, 50, 189, 513
RW: 2, 50, 211, 616
LW: 2, 50, 189, 513
RW: 2, 50, 211, 616
LW: 2, 50, 189, 513
RW: 2, 50, 212, 616
LW: 2, 50, 189, 513
RW: 2, 50, 212, 616
LW: 2, 50, 189, 513
RW: 2, 50, 213, 616
LW: 2, 50, 190, 513
RW: 2, 50, 213, 616
LW: 2, 50, 190, 513
RW: 2, 50, 213, 616
LW: 2, 50, 191, 513
RW: 2, 50, 213, 616
LW: 2, 50, 191, 522
RW: 2, 50, 214, 605
LW: 2, 50, 191, 522
RW: 2, 50, 214, 605
LW: 2, 50, 191, 522
RW: 2, 50, 215, 605
LW: 2, 50, 192, 522
RW: 2, 50, 215, 605
LW: 2, 50, 192, 522
RW: 2, 50, 215, 605
LW: 2, 50, 192, 522
RW: 2, 50, 216, 605
LW: 2, 50, 193, 522
RW: 2, 50, 216, 605
LW: 2, 50, 193, 522
RW: 2, 50, 217, 605
LW: 2, 50, 193, 522
RW: 2, 50, 217, 605
LW: 2, 50, 193, 522
RW: 2, 50, 217, 605
LW: 2, 50, 194, 522
RW: 2, 50, 217, 605
LW: 2, 50, 194, 522
RW: 2, 50, 218, 605
LW: 2, 50, 194, 522
RW: 2, 50, 218, 605
LW: 2, 50, 195, 522
RW: 2, 50, 219, 605
LW: 2, 50, 195, 522
RW: 2, 50, 219, 605
LW: 2, 50, 195, 522
RW: 2, 50, 219, 605
LW: 2, 50, 195, 522
RW: 2, 50, 219, 605
LW: 2, 50, 196, 522
RW: 2, 50, 220, 605
LW: 2, 50, 196, 522
RW: 2, 50, 220, 605
LW: 2, 50, 197, 513
RW: 2, 50, 221, 616
LW: 2, 50, 197, 513
RW: 2, 50, 221, 616
LW: 2, 50, 197, 513
RW: 2, 50, 221, 616
LW: 2, 50, 197, 513
RW: 2, 50, 222, 616
LW: 2, 50, 197, 513
RW: 2, 50, 222, 616
LW: 2, 50, 198, 513
RW: 2, 50, 223, 616
LW: 2, 50, 198, 513
RW: 2, 50, 223, 616
LW: 2, 50, 199, 513
RW: 2, 50, 223, 616
LW: 2, 50, 199, 513
RW: 2, 50, 223, 616
LW: 2, 50, 199, 513
RW: 2, 50, 224, 616
LW: 2, 50, 199, 513
RW: 2, 50, 224, 616
LW: 2, 50, 199, 513
RW: 2, 50, 225, 616
LW: 2, 50, 200, 513
RW: 2, 50, 225, 616
LW: 2, 50, 200, 513
RW: 2, 50, 225, 616
LW: 2, 50, 201, 513
RW: 2, 50, 225, 616
LW: 2, 50, 201, 513
RW: 2, 50, 226, 616
LW: 2, 50, 201, 513
RW: 2, 50, 226, 616
LW: 2, 50, 201, 513
RW: 2, 50, 227, 616
LW: 2, 50, 202, 513
RW: 2, 50, 227, 616
LW: 2, 50, 202, 511
RW: 2, 50, 227, 613
LW: 2, 50, 202, 511
RW: 2, 50, 228, 613
LW: 2, 50, 203, 511
RW: 2, 50, 228, 613
LW: 2, 50, 203, 511
RW: 2, 50, 229, 613
LW: 2, 50, 203, 511
RW: 2, 50, 229, 613
LW: 2, 50, 203, 511
RW: 2, 50, 229, 613
LW: 2, 50, 204, 511
RW: 2, 50, 229, 613
LW: 2, 50, 204, 511
RW: 2, 50, 230, 613
LW: 2, 50, 204, 511
RW: 2, 50, 230, 613
LW: 2, 50, 205, 511
RW: 2, 50, 231, 613
LW: 2, 50, 205, 511
RW: 2, 50, 231, 613
LW: 2, 50, 205, 511
RW: 2, 50, 231, 613
LW: 2, 50, 205, 511
RW: 2, 50, 232, 613
LW: 2, 50, 206, 511
RW: 2, 50, 232, 613
LW: 2, 50, 206, 511
RW: 2, 50, 233, 613
LW: 2, 50, 207, 511
RW: 2, 50, 233, 613
LW: 2, 50, 207, 511
RW: 2, 50, 233, 613
LW: 2, 50, 207, 511
RW: 2, 50, 233, 613
LW: 2, 50, 207, 511
RW: 2, 50, 234, 623
LW: 2, 50, 208, 511
RW: 2, 50, 234, 623
LW: 2, 50, 208, 511
RW: 2, 50, 235, 623
LW: 2, 50, 208, 511
RW: 2, 50, 235, 623
LW: 2, 50, 208, 511
RW: 2, 50, 235, 623
LW: 2, 50, 209, 511
RW: 2, 50, 236, 623
LW: 2, 50, 209, 511
RW: 2, 50, 236, 623
LW: 2, 50, 209, 511
RW: 2, 50, 237, 623
LW: 2, 50, 210, 511
RW: 2, 50, 237, 623
LW: 2, 50, 210, 511
RW: 2, 50, 237, 623
LW: 2, 50, 210, 511
RW: 2, 50, 237, 623
LW: 2, 50, 211, 511
RW: 2, 50, 238, 623
LW: 2, 50, 211, 511
RW: 2, 50, 239, 623
LW: 2, 50, 211, 511
RW: 2, 50, 239, 623
LW: 2, 50, 211, 511
RW: 2, 50, 239, 623
LW: 2, 50, 212, 511
RW: 2, 50, 239, 623
LW: 2, 50, 212, 511
RW: 2, 50, 240, 623
LW: 2, 50, 212, 511
RW: 2, 50, 240, 623
LW: 2, 50, 213, 511
RW: 2, 50, 241, 623
LW: 2, 50, 213, 519
RW: 2, 50, 241, 630
LW: 2, 50, 213, 519
RW: 2, 50, 241, 630
LW: 2, 50, 214, 519
RW: 2, 50, 242, 630
LW: 2, 50, 214, 519
RW: 2, 50, 242, 630
LW: 2, 50, 214, 519
RW: 2, 50, 243, 630
LW: 2, 50, 215, 519
RW: 2, 50, 243, 630
LW: 2, 50, 215, 519
RW: 2, 50, 243, 630
LW: 2, 50, 215, 519
RW: 2, 50, 243, 630
LW: 2, 50, 215, 519
RW: 2, 50, 244, 630
LW: 2, 50, 216, 519
RW: 2, 50, 244, 630
LW: 2, 50, 216, 519
RW: 2, 50, 245, 630
LW: 2, 50, 216, 519
RW: 2, 50, 245, 630
LW: 2, 50, 217, 519
RW: 2, 50, 245, 630
LW: 2, 50, 217, 519
RW: 2, 50, 245, 630
LW: 2, 50, 217, 519
RW: 2, 50, 246, 630
LW: 2, 50, 217, 519
RW: 2, 50, 247, 630
LW: 2, 50, 218, 519
RW: 2, 50, 247, 630
LW: 2, 50, 218, 519
RW: 2, 50, 247, 630
LW: 2, 50, 218, 519
RW: 2, 50, 247, 621
LW: 2, 50, 219, 510
RW: 2, 50, 248, 621
LW: 2, 50, 219, 510
RW: 2, 50, 248, 621
LW: 2, 50, 219, 510
RW: 2, 50, 249, 621
LW: 2, 50, 220, 510
RW: 2, 50, 249, 621
LW: 2, 50, 220, 510
RW: 2, 50, 249, 621
LW: 2, 50, 220, 510
RW: 2, 50, 249, 621
LW: 2, 50, 221, 510
RW: 2, 50, 250, 621
LW: 2, 50, 221, 510
RW: 2, 50, 251, 621
LW: 2, 50, 221, 510
RW: 2, 50, 251, 621
LW: 2, 50, 221, 510
RW: 2, 50, 251, 621
LW: 2, 50, 221, 510
RW: 2, 50, 251, 621
LW: 2, 50, 222, 510
RW: 2, 50, 252, 621
LW: 2, 50, 222, 510
RW: 2, 50, 252, 621
LW: 2, 50, 223, 510
RW: 2, 50, 253, 621
LW: 2, 50, 223, 510
RW: 2, 50, 253, 621
LW: 2, 50, 223, 510
RW: 2, 50, 253, 621
LW: 2, 50, 223, 510
RW: 2, 50, 253, 621
LW: 2, 50, 224, 510
RW: 2, 50, 254, 621
LW: 2, 50, 224, 510
RW: 2, 50, 254, 622
LW: 2, 50, 224, 511
RW: 2, 50, 255, 622
LW: 2, 50, 225, 511
RW: 2, 50, 255, 622
LW: 2, 50, 225, 511
RW: 2, 50, 255, 622
LW: 2, 50, 225, 511
RW: 2, 50, 256, 622
LW: 2, 50, 225, 511
RW: 2, 50, 256, 622
LW: 2, 50, 226, 511
RW: 2, 50, 257, 622
LW: 2, 50, 226, 511
RW: 2, 50, 257, 622
LW: 2, 50, 226, 511
RW: 2, 50, 257, 622
LW: 2, 50, 227, 511
RW: 2, 50, 257, 622
LW: 2, 50, 227, 511
RW: 2, 50, 258, 622
LW: 2, 50, 227, 511
RW: 2, 50, 258, 622
LW: 2, 50, 227, 511
RW: 2, 50, 259, 622
LW: 2, 50, 228, 511
RW: 2, 50, 259, 622
LW: 2, 50, 228, 511
RW: 2, 50, 259, 622
LW: 2, 50, 229, 511
RW: 2, 50, 260, 622
LW: 2, 50, 229, 511
RW: 2, 50, 260, 622
LW: 2, 50, 229, 511
RW: 2, 50, 261, 622
LW: 2, 50, 229, 511
RW: 2, 50, 261, 622
LW: 2, 50, 230, 511
RW: 2, 50, 261, 632
LW: 2, 50, 230, 511
RW: 2, 50, 262, 632
LW: 2, 50, 230, 511
RW: 2, 50, 262, 632
LW: 2, 50, 231, 511
RW: 2, 50, 263, 632
LW: 2, 50, 231, 511
RW: 2, 50, 263, 632
LW: 2, 50, 231, 511
RW: 2, 50, 263, 632
LW: 2, 50, 231, 511
RW: 2, 50, 263, 632
LW: 2, 50, 231, 511
RW: 2, 50, 264, 632
LW: 2, 50, 232, 511
RW: 2, 50, 264, 632
LW: 2, 50, 232, 511
RW: 2, 50, 265, 632
LW: 2, 50, 233, 511
RW: 2, 50, 265, 632
LW: 2, 50, 233, 511
RW: 2, 50, 265, 632
LW: 2, 50, 233, 511
RW: 2, 50, 265, 632
LW: 2, 50, 233, 511
RW: 2, 50, 266, 632
LW: 2, 50, 234, 511
RW: 2, 50, 266, 632
LW: 2, 50, 234, 511
RW: 2, 50, 267, 632
LW: 2, 50, 234, 511
RW: 2, 50, 267, 632
LW: 2, 50, 235, 511
RW: 2, 50, 267, 632
LW: 2, 50, 235, 511
RW: 2, 50, 268, 625
LW: 2, 50, 235, 513
RW: 2, 50, 268, 625
LW: 2, 50, 235, 513
RW: 2, 50, 269, 625
LW: 2, 50, 236, 513
RW: 2, 50, 269, 625
LW: 2, 50, 236, 513
RW: 2, 50, 269, 625
LW: 2, 50, 237, 513
RW: 2, 50, 269, 625
LW: 2, 50, 237, 513
RW: 2, 50, 270, 625
LW: 2, 50, 237, 513
RW: 2, 50, 271, 625
LW: 2, 50, 237, 513
RW: 2, 50, 271, 625
LW: 2, 50, 237, 513
RW: 2, 50, 271, 625
LW: 2, 50, 238, 513
RW: 2, 50, 271, 625
LW: 2, 50, 238, 513
RW: 2, 50, 272, 625
LW: 2, 50, 238, 513
RW: 2, 50, 272, 625
LW: 2, 50, 239, 513
RW: 2, 50, 273, 625
LW: 2, 50, 239, 513
RW: 2, 50, 273, 625
LW: 2, 50, 239, 513
RW: 2, 50, 273, 625
LW: 2, 50, 239, 513
RW: 2, 50, 274, 625
LW: 2, 50, 240, 513
RW: 2, 50, 274, 625
LW: 2, 50, 240, 513
RW: 2, 50, 275, 625
LW: 2, 50, 241, 513
RW: 2, 50, 275, 625
LW: 2, 50, 241, 521
RW: 2, 50, 275, 632
LW: 2, 50, 241, 521
RW: 2, 50, 275, 632
LW: 2, 50, 241, 521
RW: 2, 50, 276, 632
LW: 2, 50, 242, 521
RW: 2, 50, 276, 632
LW: 2, 50, 242, 521
RW: 2, 50, 277, 632
LW: 2, 50, 242, 521
RW: 2, 50, 277, 632
LW: 2, 50, 243, 521
RW: 2, 50, 277, 632
LW: 2, 50, 243, 521
RW: 2, 50, 278, 632
LW: 2, 50, 243, 521
RW: 2, 50, 278, 632
LW: 2, 50, 243, 521
RW: 2, 50, 279, 632
LW: 2, 50, 244, 521
RW: 2, 50, 279, 632
LW: 2, 50, 244, 521
RW: 2, 50, 279, 632
LW: 2, 50, 244, 521
RW: 2, 50, 279, 632
LW: 2, 50, 245, 521
RW: 2, 50, 280, 632
LW: 2, 50, 245, 521
RW: 2, 50, 280, 632
LW: 2, 50, 245, 521
RW: 2, 50, 281, 632
LW: 2, 50, 245, 521
RW: 2, 50, 281, 632
LW: 2, 50, 246, 521
RW: 2, 50, 281, 632
LW: 2, 50, 246, 513
RW: 2, 50, 282, 634
LW: 2, 50, 247, 513
RW: 2, 50, 282, 634
LW: 2, 50, 247, 513
RW: 2, 50, 283, 634
LW: 2, 50, 247, 513
RW: 2, 50, 283, 634
LW: 2, 50, 247, 513
RW: 2, 50, 283, 634
LW: 2, 50, 247, 513
RW: 2, 50, 283, 634
LW: 2, 50, 248, 513
RW: 2, 50, 284, 634
LW: 2, 50, 248, 513
RW: 2, 50, 284, 634
LW: 2, 50, 248, 513
RW: 2, 50, 285, 634
LW: 2, 50, 249, 513
RW: 2, 50, 285, 634
LW: 2, 50, 249, 513
RW: 2, 50, 285, 634
LW: 2, 50, 249, 513
RW: 2, 50, 286, 634
LW: 2, 50, 250, 513
RW: 2, 50, 286, 634
LW: 2, 50, 250, 513
RW: 2, 50, 287, 634
LW: 2, 50, 250, 513
RW: 2, 50, 287, 634
LW: 2, 50, 251, 513
RW: 2, 50, 287, 634
LW: 2, 50, 251, 513
RW: 2, 50, 287, 634
LW: 2, 50, 251, 513
RW: 2, 50, 288, 634
LW: 2, 50, 251, 513
RW: 2, 50, 288, 634
LW: 2, 50, 252, 522
RW: 2, 50, 289, 633
LW: 2, 50, 252, 522
RW: 2, 50, 289, 633
LW: 2, 50, 252, 522
RW: 2, 50, 289, 633
LW: 2, 50, 253, 522
RW: 2, 50, 290, 633
LW: 2, 50, 253, 522
RW: 2, 50, 290, 633
LW: 2, 50, 253, 522
RW: 2, 50, 291, 633
LW: 2, 50, 253, 522
RW: 2, 50, 291, 633
LW: 2, 50, 254, 522
RW: 2, 50, 291, 633
LW: 2, 50, 254, 522
RW: 2, 50, 291, 633
LW: 2, 50, 254, 522
RW: 2, 50, 292, 633
LW: 2, 50, 255, 522
RW: 2, 50, 292, 633
LW: 2, 50, 255, 522
RW: 2, 50, 293, 633
LW: 2, 50, 255, 522
RW: 2, 50, 293, 633
LW: 2, 50, 255, 522
RW: 2, 50, 293, 633
LW: 2, 50, 256, 522
RW: 2, 50, 294, 633
LW: 2, 50, 256, 522
RW: 2, 50, 294, 633
LW: 2, 50, 257, 522
RW: 2, 50, 295, 633
LW: 2, 50, 257, 522
RW: 2, 50, 295, 633
LW: 2, 50, 257, 522
RW: 2, 50, 295, 635
LW: 2, 50, 257, 514
RW: 2, 50, 295, 635
LW: 2, 50, 257, 514
RW: 2, 50, 296, 635
LW: 2, 50, 258, 514
RW: 2, 50, 296, 635
LW: 2, 50, 258, 514
RW: 2, 50, 297, 635
LW: 2, 50, 259, 514
RW: 2, 50, 297, 635
LW: 2, 50, 259, 514
RW: 2, 50, 297, 635
LW: 2, 50, 259, 514
RW: 2, 50, 298, 635
LW: 2, 50, 259, 514
RW: 2, 50, 298, 635
LW: 2, 50, 260, 514
RW: 2, 50, 299, 635
LW: 2, 50, 260, 514
RW: 2, 50, 299, 635
LW: 2, 50, 260, 514
RW: 2, 50, 299, 635
LW: 2, 50, 261, 514
RW: 2, 50, 299, 635
LW: 2, 50, 261, 514
RW: 2, 50, 300, 635
LW: 2, 50, 261, 514
RW: 2, 50, 300, 635
LW: 2, 50, 261, 514
RW: 2, 50, 301, 635
LW: 2, 50, 262, 514
RW: 2, 50, 301, 635
LW: 2, 50, 262, 514
RW: 2, 50, 301, 635
LW: 2, 50, 262, 514
RW: 2, 50, 302, 635
LW: 2, 50, 263, 524
RW: 2, 50, 302, 636
LW: 2, 50, 263, 524
RW: 2, 50, 303, 636
LW: 2, 50, 263, 524
RW: 2, 50, 303, 636
LW: 2, 50, 263, 524
RW: 2, 50, 303, 636
LW: 2, 50, 264, 524
RW: 2, 50, 303, 636
LW: 2, 50, 264, 524
RW: 2, 50, 304, 636
LW: 2, 50, 264, 524
RW: 2, 50, 305, 636
LW: 2, 50, 265, 524
RW: 2, 50, 305, 636
LW: 2, 50, 265, 524
RW: 2, 50, 305, 636
LW: 2, 50, 265, 524
RW: 2, 50, 305, 636
LW: 2, 50, 265, 524
RW: 2, 50, 306, 636
LW: 2, 50, 266, 524
RW: 2, 50, 306, 636
LW: 2, 50, 266, 524
RW: 2, 50, 307, 636
LW: 2, 50, 266, 524
RW: 2, 50, 307, 636
LW: 2, 50, 267, 524
RW: 2, 50, 307, 636
LW: 2, 50, 267, 524
RW: 2, 50, 308, 636
LW: 2, 50, 267, 524
RW: 2, 50, 308, 636
LW: 2, 50, 268, 524
RW: 2, 50, 309, 636
LW: 2, 50, 268, 524
RW: 2, 50, 309, 637
LW: 2, 50, 268, 515
RW: 2, 50, 309, 637
LW: 2, 50, 268, 515
RW: 2, 50, 309, 637
LW: 2, 50, 269, 515
RW: 2, 50, 310, 637
LW: 2, 50, 269, 515
RW: 2, 50, 310, 637
LW: 2, 50, 269, 515
RW: 2, 50, 311, 637
LW: 2, 50, 270, 515
RW: 2, 50, 311, 637
LW: 2, 50, 270, 515
RW: 2, 50, 311, 637
LW: 2, 50, 270, 515
RW: 2, 50, 312, 637
LW: 2, 50, 271, 515
RW: 2, 50, 312, 637
LW: 2, 50, 271, 515
RW: 2, 50, 313, 637
LW: 2, 50, 271, 515
RW: 2, 50, 313, 637
LW: 2, 50, 271, 515
RW: 2, 50, 313, 637
LW: 2, 50, 272, 515
RW: 2, 50, 314, 637
LW: 2, 50, 272, 515
RW: 2, 50, 314, 637
LW: 2, 50, 272, 515
RW: 2, 50, 315, 637
LW: 2, 50, 273, 515
RW: 2, 50, 315, 637
LW: 2, 50, 273, 515
RW: 2, 50, 315, 637
LW: 2, 50, 273, 515
RW: 2, 50, 315, 637
LW: 2, 50, 273, 515
RW: 2, 50, 316, 636
LW: 2, 50, 274, 515
RW: 2, 50, 316, 636
LW: 2, 50, 274, 515
RW: 2, 50, 317, 636
LW: 2, 50, 274, 515
RW: 2, 50, 317, 636
LW: 2, 50, 275, 515
RW: 2, 50, 317, 636
LW: 2, 50, 275, 515
RW: 2, 50, 318, 636
LW: 2, 50, 275, 515
RW: 2, 50, 318, 636
LW: 2, 50, 275, 515
RW: 2, 50, 319, 636
LW: 2, 50, 276, 515
RW: 2, 50, 319, 636
LW: 2, 50, 276, 515
RW: 2, 50, 319, 636
LW: 2, 50, 277, 515
RW: 2, 50, 319, 636
LW: 2, 50, 277, 515
RW: 2, 50, 320, 636
LW: 2, 50, 277, 515
RW: 2, 50, 320, 636
LW: 2, 50, 277, 515
RW: 2, 50, 321, 636
LW: 2, 50, 278, 515
RW: 2, 50, 321, 636
LW: 2, 50, 278, 515
RW: 2, 50, 321, 636
LW: 2, 50, 278, 515
RW: 2, 50, 322, 636
LW: 2, 50, 279, 515
RW: 2, 50, 322, 636
LW: 2, 50, 279, 517
RW: 2, 50, 323, 639
LW: 2, 50, 279, 517
RW: 2, 50, 323, 639
LW: 2, 50, 279, 517
RW: 2, 50, 323, 639
LW: 2, 50, 280, 517
RW: 2, 50, 323, 639
LW: 2, 50, 280, 517
RW: 2, 50, 324, 639
LW: 2, 50, 280, 517
RW: 2, 50, 324, 639
LW: 2, 50, 281, 517
RW: 2, 50, 325, 639
LW: 2, 50, 281, 517
RW: 2, 50, 325, 639
LW: 2, 50, 281, 517
RW: 2, 50, 325, 639
LW: 2, 50, 281, 517
RW: 2, 50, 326, 639
LW: 2, 50, 282, 517
RW: 2, 50, 326, 639
LW: 2, 50, 282, 517
RW: 2, 50, 327, 639
LW: 2, 50, 282, 517
RW: 2, 50, 327, 639
LW: 2, 50, 283, 517
RW: 2, 50, 327, 639
LW: 2, 50, 283, 517
RW: 2, 50, 328, 639
LW: 2, 50, 283, 517
RW: 2, 50, 328, 639
LW: 2, 50, 283, 517
RW: 2, 50, 329, 639
LW: 2, 50, 284, 517
RW: 2, 50, 329, 639
LW: 2, 50, 284, 517
RW: 2, 50, 329, 639
LW: 2, 50, 284, 516
RW: 2, 50, 329, 638
LW: 2, 50, 285, 516
RW: 2, 50, 330, 638
LW: 2, 50, 285, 516
RW: 2, 50, 330, 638
LW: 2, 50, 285, 516
RW: 2, 50, 331, 638
LW: 2, 50, 285, 516
RW: 2, 50, 331, 638
LW: 2, 50, 286, 516
RW: 2, 50, 331, 638
LW: 2, 50, 286, 516
RW: 2, 50, 332, 638
LW: 2, 50, 287, 516
RW: 2, 50, 332, 638
LW: 2, 50, 287, 516
RW: 2, 50, 333, 638
LW: 2, 50, 287, 516
RW: 2, 50, 333, 638
LW: 2, 50, 287, 516
RW: 2, 50, 333, 638
LW: 2, 50, 288, 516
RW: 2, 50, 333, 638
LW: 2, 50, 288, 516
RW: 2, 50, 334, 638
LW: 2, 50, 288, 516
RW: 2, 50, 335, 638
LW: 2, 50, 289, 516
RW: 2, 50, 335, 638
LW: 2, 50, 289, 516
RW: 2, 50, 335, 638
LW: 2, 50, 289, 516
RW: 2, 50, 335, 638
LW: 2, 50, 289, 516
RW: 2, 50, 336, 638
LW: 2, 50, 290, 517
RW: 2, 50, 336, 648
LW: 2, 50, 290, 517
RW: 2, 50, 337, 648
LW: 2, 50, 290, 517
RW: 2, 50, 337, 648
LW: 2, 50, 291, 517
RW: 2, 50, 337, 648
LW: 2, 50, 291, 517
RW: 2, 50, 338, 648
LW: 2, 50, 291, 517
RW: 2, 50, 338, 648
LW: 2, 50, 291, 517
RW: 2, 50, 339, 648
LW: 2, 50, 292, 517
RW: 2, 50, 339, 648
LW: 2, 50, 292, 517
RW: 2, 50, 339, 648
LW: 2, 50, 293, 517
RW: 2, 50, 339, 648
LW: 2, 50, 293, 517
RW: 2, 50, 340, 648
LW: 2, 50, 293, 517
RW: 2, 50, 340, 648
LW: 2, 50, 293, 517
RW: 2, 50, 341, 648
LW: 2, 50, 294, 517
RW: 2, 50, 341, 648
LW: 2, 50, 294, 517
RW: 2, 50, 341, 648
LW: 2, 50, 294, 517
RW: 2, 50, 342, 648
LW: 2, 50, 295, 517
RW: 2, 50, 342, 648
LW: 2, 50, 295, 517
RW: 2, 50, 343, 648
LW: 2, 50, 295, 517
RW: 2, 50, 343, 643
LW: 2, 50, 295, 511
RW: 2, 50, 343, 643
LW: 2, 50, 296, 511
RW: 2, 50, 343, 643
LW: 2, 50, 296, 511
RW: 2, 50, 344, 643
LW: 2, 50, 296, 511
RW: 2, 50, 345, 643
LW: 2, 50, 297, 511
RW: 2, 50, 345, 643
LW: 2, 50, 297, 511
RW: 2, 50, 345, 643
LW: 2, 50, 297, 511
RW: 2, 50, 345, 643
LW: 2, 50, 297, 511
RW: 2, 50, 346, 643
LW: 2, 50, 298, 511
RW: 2, 50, 346, 643
LW: 2, 50, 298, 511
RW: 2, 50, 347, 643
LW: 2, 50, 299, 511
RW: 2, 50, 347, 643
LW: 2, 50, 299, 511
RW: 2, 50, 347, 643
LW: 2, 50, 299, 511
RW: 2, 50, 348, 643
LW: 2, 50, 299, 511
RW: 2, 50, 348, 643
LW: 2, 50, 300, 511
RW: 2, 50, 349, 643
LW: 2, 50, 300, 511
RW: 2, 50, 349, 643
LW: 2, 50, 300, 511
RW: 2, 50, 349, 643
LW: 2, 50, 300, 511
RW: 2, 50, 349, 643
LW: 2, 50, 301, 511
RW: 2, 50, 350, 643
LW: 2, 50, 301, 516
RW: 2, 50, 350, 648
LW: 2, 50, 301, 516
RW: 2, 50, 351, 648
LW: 2, 50, 302, 516
RW: 2, 50, 351, 648
LW: 2, 50, 302, 516
RW: 2, 50, 351, 648
LW: 2, 50, 302, 516
RW: 2, 50, 352, 648
LW: 2, 50, 303, 516
RW: 2, 50, 352, 648
LW: 2, 50, 303, 516
RW: 2, 50, 353, 648
LW: 2, 50, 303, 516
RW: 2, 50, 353, 648
LW: 2, 50, 303, 516
RW: 2, 50, 353, 648
LW: 2, 50, 304, 516
RW: 2, 50, 354, 648
LW: 2, 50, 304, 516
RW: 2, 50, 354, 648
LW: 2, 50, 304, 516
RW: 2, 50, 355, 648
LW: 2, 50, 305, 516
RW: 2, 50, 355, 648
LW: 2, 50, 305, 516
RW: 2, 50, 355, 648
LW: 2, 50, 305, 516
RW: 2, 50, 355, 648
LW: 2, 50, 305, 516
RW: 2, 50, 356, 648
LW: 2, 50, 306, 516
RW: 2, 50, 356, 648
LW: 2, 50, 306, 516
RW: 2, 50, 357, 648
LW: 2, 50, 306, 516
RW: 2, 50, 357, 649
LW: 2, 50, 307, 508
RW: 2, 50, 357, 649
LW: 2, 50, 307, 508
RW: 2, 50, 358, 649
LW: 2, 50, 307, 508
RW: 2, 50, 358, 649
LW: 2, 50, 307, 508
RW: 2, 50, 359, 649
LW: 2, 50, 308, 508
RW: 2, 50, 359, 649
LW: 2, 50, 308, 508
RW: 2, 50, 359, 649
LW: 2, 50, 308, 508
RW: 2, 50, 359, 649
LW: 2, 50, 309, 508
RW: 2, 50, 360, 649
LW: 2, 50, 309, 508
RW: 2, 50, 361, 649
LW: 2, 50, 309, 508
RW: 2, 50, 361, 649
LW: 2, 50, 309, 508
RW: 2, 50, 361, 649
LW: 2, 50, 310, 508
RW: 2, 50, 361, 649
LW: 2, 50, 310, 508
RW: 2, 50, 362, 649
LW: 2, 50, 311, 508
RW: 2, 50, 362, 649
LW: 2, 50, 311, 508
RW: 2, 50, 363, 649
LW: 2, 50, 311, 508
RW: 2, 50, 363, 649
LW: 2, 50, 311, 508
RW: 2, 50, 363, 649
LW: 2, 50, 312, 508
RW: 2, 50, 364, 649
LW: 2, 50, 312, 508
RW: 2, 50, 364, 648
LW: 2, 50, 312, 516
RW: 2, 50, 365, 648
LW: 2, 50, 313, 516
RW: 2, 50, 365, 648
LW: 2, 50, 313, 516
RW: 2, 50, 365, 648
LW: 2, 50, 313, 516
RW: 2, 50, 365, 648
LW: 2, 50, 313, 516
RW: 2, 50, 366, 648
LW: 2, 50, 314, 516
RW: 2, 50, 366, 648
LW: 2, 50, 314, 516
RW: 2, 50, 367, 648
LW: 2, 50, 314, 516
RW: 2, 50, 367, 648
LW: 2, 50, 315, 516
RW: 2, 50, 367, 648
LW: 2, 50, 315, 516
RW: 2, 50, 368, 648
LW: 2, 50, 315, 516
RW: 2, 50, 368, 648
LW: 2, 50, 315, 516
RW: 2, 50, 369, 648
LW: 2, 50, 316, 516
RW: 2, 50, 369, 648
LW: 2, 50, 316, 516
RW: 2, 50, 369, 648
LW: 2, 50, 316, 516
RW: 2, 50, 369, 648
LW: 2, 50, 317, 516
RW: 2, 50, 370, 648
LW: 2, 50, 317, 516
RW: 2, 50, 370, 648
LW: 2, 50, 317, 516
RW: 2, 50, 371, 648
LW: 2, 50, 317, 516
RW: 2, 50, 371, 646
LW: 2, 50, 318, 506
RW: 2, 50, 371, 646
LW: 2, 50, 318, 506
RW: 2, 50, 372, 646
LW: 2, 50, 318, 506
RW: 2, 50, 372, 646
LW: 2, 50, 319, 506
RW: 2, 50, 373, 646
LW: 2, 50, 319, 506
RW: 2, 50, 373, 646
LW: 2, 50, 319, 506
RW: 2, 50, 373, 646
LW: 2, 50, 319, 506
RW: 2, 50, 374, 646
LW: 2, 50, 320, 506
RW: 2, 50, 374, 646
LW: 2, 50, 320, 506
RW: 2, 50, 375, 646
LW: 2, 50, 321, 506
RW: 2, 50, 375, 646
LW: 2, 50, 321, 506
RW: 2, 50, 375, 646
LW: 2, 50, 321, 506
RW: 2, 50, 375, 646
LW: 2, 50, 321, 506
RW: 2, 50, 376, 646
LW: 2, 50, 322, 506
RW: 2, 50, 376, 646
LW: 2, 50, 322, 506
RW: 2, 50, 377, 646
LW: 2, 50, 322, 506
RW: 2, 50, 377, 646
LW: 2, 50, 323, 506
RW: 2, 50, 377, 646
LW: 2, 50, 323, 506
RW: 2, 50, 378, 638
LW: 2, 50, 323, 516
RW: 2, 50, 378, 638
LW: 2, 50, 323, 516
RW: 2, 50, 379, 638
LW: 2, 50, 324, 516
RW: 2, 50, 379, 638
LW: 2, 50, 324, 516
RW: 2, 50, 379, 638
LW: 2, 50, 324, 516
RW: 2, 50, 380, 638
LW: 2, 50, 325, 516
RW: 2, 50, 380, 638
LW: 2, 50, 325, 516
RW: 2, 50, 381, 638
LW: 2, 50, 325, 516
RW: 2, 50, 381, 638
LW: 2, 50, 325, 516
RW: 2, 50, 381, 638
LW: 2, 50, 326, 516
RW: 2, 50, 381, 638
LW: 2, 50, 326, 516
RW: 2, 50, 382, 638
LW: 2, 50, 326, 516
RW: 2, 50, 382, 638
LW: 2, 50, 327, 516
RW: 2, 50, 383, 638
LW: 2, 50, 327, 516
RW: 2, 50, 383, 638
LW: 2, 50, 327, 516
RW: 2, 50, 383, 638
LW: 2, 50, 327, 516
RW: 2, 50, 384, 638
LW: 2, 50, 328, 516
RW: 2, 50, 384, 638
LW: 2, 50, 328, 516
RW: 2, 50, 385, 638
LW: 2, 50, 328, 516
RW: 2, 50, 385, 638
LW: 2, 50, 329, 523
RW: 2, 50, 385, 654
LW: 2, 50, 329, 523
RW: 2, 50, 385, 654
LW: 2, 50, 329, 523
RW: 2, 50, 386, 654
LW: 2, 50, 329, 523
RW: 2, 50, 387, 654
LW: 2, 50, 330, 523
RW: 2, 50, 387, 654
LW: 2, 50, 330, 523
RW: 2, 50, 387, 654
LW: 2, 50, 330, 523
RW: 2, 50, 387, 654
LW: 2, 50, 331, 523
RW: 2, 50, 388, 654
LW: 2, 50, 331, 523
RW: 2, 50, 388, 654
LW: 2, 50, 331, 523
RW: 2, 50, 389, 654
LW: 2, 50, 332, 523
RW: 2, 50, 389, 654
LW: 2, 50, 332, 523
RW: 2, 50, 389, 654
LW: 2, 50, 332, 523
RW: 2, 50, 390, 654
LW: 2, 50, 333, 523
RW: 2, 50, 390, 654
LW: 2, 50, 333, 523
RW: 2, 50, 391, 654
LW: 2, 50, 333, 523
RW: 2, 50, 391, 654
LW: 2, 50, 333, 523
RW: 2, 50, 391, 654
LW: 2, 50, 334, 523
RW: 2, 50, 391, 654
LW: 2, 50, 334, 523
RW: 2, 50, 392, 652
LW: 2, 50, 334, 512
RW: 2, 50, 393, 652
LW: 2, 50, 335, 512
RW: 2, 50, 393, 652
LW: 2, 50, 335, 512
RW: 2, 50, 393, 652
LW: 2, 50, 335, 512
RW: 2, 50, 393, 652
LW: 2, 50, 335, 512
RW: 2, 50, 394, 652
LW: 2, 50, 336, 512
RW: 2, 50, 394, 652
LW: 2, 50, 336, 512
RW: 2, 50, 395, 652
LW: 2, 50, 337, 512
RW: 2, 50, 395, 652
LW: 2, 50, 337, 512
RW: 2, 50, 395, 652
LW: 2, 50, 337, 512
RW: 2, 50, 396, 652
LW: 2, 50, 337, 512
RW: 2, 50, 396, 652
LW: 2, 50, 337, 512
RW: 2, 50, 397, 652
LW: 2, 50, 338, 512
RW: 2, 50, 397, 652
LW: 2, 50, 338, 512
RW: 2, 50, 397, 652
LW: 2, 50, 339, 512
RW: 2, 50, 397, 652
LW: 2, 50, 339, 512
RW: 2, 50, 398, 652
LW: 2, 50, 339, 512
RW: 2, 50, 398, 652
LW: 2, 50, 339, 512
RW: 2, 50, 399, 652
LW: 2, 50, 339, 513
RW: 2, 50, 399, 653
LW: 2, 50, 340, 513
RW: 2, 50, 399, 653
LW: 2, 50, 340, 513
RW: 2, 50, 400, 653
LW: 2, 50, 341, 513
RW: 2, 50, 400, 653
LW: 2, 50, 341, 513
RW: 2, 50, 401, 653
LW: 2, 50, 341, 513
RW: 2, 50, 401, 653
LW: 2, 50, 341, 513
RW: 2, 50, 401, 653
LW: 2, 50, 341, 513
RW: 2, 50, 402, 653
LW: 2, 50, 342, 513
RW: 2, 50, 402, 653
LW: 2, 50, 342, 513
RW: 2, 50, 403, 653
LW: 2, 50, 343, 513
RW: 2, 50, 403, 653
LW: 2, 50, 343, 513
RW: 2, 50, 403, 653
LW: 2, 50, 343, 513
RW: 2, 50, 403, 653
LW: 2, 50, 343, 513
RW: 2, 50, 404, 653
LW: 2, 50, 343, 513
RW: 2, 50, 404, 653
LW: 2, 50, 344, 513
RW: 2, 50, 405, 653
LW: 2, 50, 344, 513
RW: 2, 50, 405, 653
LW: 2, 50, 345, 513
RW: 2, 50, 405, 653
LW: 2, 50, 345, 513
RW: 2, 50, 406, 653
LW: 2, 50, 345, 511
RW: 2, 50, 406, 650
LW: 2, 50, 345, 511
RW: 2, 50, 407, 650
LW: 2, 50, 346, 511
RW: 2, 50, 407, 650
LW: 2, 50, 346, 511
RW: 2, 50, 407, 650
LW: 2, 50, 346, 511
RW: 2, 50, 407, 650
LW: 2, 50, 347, 511
RW: 2, 50, 408, 650
LW: 2, 50, 347, 511
RW: 2, 50, 408, 650
LW: 2, 50, 347, 511
RW: 2, 50, 409, 650
LW: 2, 50, 347, 511
RW: 2, 50, 409, 650
LW: 2, 50, 348, 511
RW: 2, 50, 409, 650
LW: 2, 50, 348, 511
RW: 2, 50, 410, 650
LW: 2, 50, 348, 511
RW: 2, 50, 410, 650
LW: 2, 50, 349, 511
RW: 2, 50, 411, 650
LW: 2, 50, 349, 511
RW: 2, 50, 411, 650
LW: 2, 50, 349, 511
RW: 2, 50, 411, 650
LW: 2, 50, 349, 511
RW: 2, 50, 412, 650
LW: 2, 50, 350, 511
RW: 2, 50, 412, 650
LW: 2, 50, 350, 511
RW: 2, 50, 412, 650
LW: 2, 50, 350, 511
RW: 2, 50, 413, 650
LW: 2, 50, 351, 520
RW: 2, 50, 413, 650
LW: 2, 50, 351, 520
RW: 2, 50, 413, 650
LW: 2, 50, 351, 520
RW: 2, 50, 414, 650
LW: 2, 50, 351, 520
RW: 2, 50, 414, 650
LW: 2, 50, 352, 520
RW: 2, 50, 415, 650
LW: 2, 50, 352, 520
RW: 2, 50, 415, 650
LW: 2, 50, 352, 520
RW: 2, 50, 415, 650
LW: 2, 50, 353, 520
RW: 2, 50, 416, 650
LW: 2, 50, 353, 520
RW: 2, 50, 416, 650
LW: 2, 50, 353, 520
RW: 2, 50, 417, 650
LW: 2, 50, 353, 520
RW: 2, 50, 417, 650
LW: 2, 50, 354, 520
RW: 2, 50, 417, 650
LW: 2, 50, 354, 520
RW: 2, 50, 418, 650
LW: 2, 50, 355, 520
RW: 2, 50, 418, 650
LW: 2, 50, 355, 520
RW: 2, 50, 419, 650
LW: 2, 50, 355, 520
RW: 2, 50, 419, 650
LW: 2, 50, 355, 520
RW: 2, 50, 419, 650
LW: 2, 50, 355, 520
RW: 2, 50, 419, 650
LW: 2, 50, 356, 513
RW: 2, 50, 420, 644
LW: 2, 50, 356, 513
RW: 2, 50, 420, 644
LW: 2, 50, 357, 513
RW: 2, 50, 421, 644
LW: 2, 50, 357, 513
RW: 2, 50, 421, 644
LW: 2, 50, 357, 513
RW: 2, 50, 421, 644
LW: 2, 50, 357, 513
RW: 2, 50, 422, 644
LW: 2, 50, 358, 513
RW: 2, 50, 422, 644
LW: 2, 50, 358, 513
RW: 2, 50, 423, 644
LW: 2, 50, 358, 513
RW: 2, 50, 423, 644
LW: 2, 50, 359, 513
RW: 2, 50, 423, 644
LW: 2, 50, 359, 513
RW: 2, 50, 423, 644
LW: 2, 50, 359, 513
RW: 2, 50, 424, 644
LW: 2, 50, 359, 513
RW: 2, 50, 424, 644
LW: 2, 50, 360, 513
RW: 2, 50, 425, 644
LW: 2, 50, 360, 513
RW: 2, 50, 425, 644
LW: 2, 50, 360, 513
RW: 2, 50, 425, 644
LW: 2, 50, 361, 513
RW: 2, 50, 426, 644
LW: 2, 50, 361, 513
RW: 2, 50, 426, 644
LW: 2, 50, 361, 513
RW: 2, 50, 427, 644
LW: 2, 50, 361, 514
RW: 2, 50, 427, 644
LW: 2, 50, 362, 514
RW: 2, 50, 427, 644
LW: 2, 50, 362, 514
RW: 2, 50, 428, 644
LW: 2, 50, 363, 514
RW: 2, 50, 429, 644
LW: 2, 50, 363, 514
RW: 2, 50, 429, 644
LW: 2, 50, 364, 514
RW: 2, 50, 430, 644
LW: 2, 50, 364, 514
RW: 2, 50, 431, 644
LW: 2, 50, 365, 514
RW: 2, 50, 431, 644
LW: 2, 50, 365, 514
RW: 2, 50, 432, 644
LW: 2, 50, 366, 514
RW: 2, 50, 433, 644
LW: 2, 50, 366, 514
RW: 2, 50, 433, 646
LW: 2, 50, 367, 516
RW: 2, 50, 434, 646
LW: 2, 50, 367, 516
RW: 2, 50, 435, 646
LW: 2, 50, 368, 516
RW: 2, 50, 435, 646
LW: 2, 50, 368, 516
RW: 2, 50, 435, 646
LW: 2, 50, 369, 516
RW: 2, 50, 436, 646
LW: 2, 50, 369, 516
RW: 2, 50, 437, 646
LW: 2, 50, 370, 516
RW: 2, 50, 437, 646
LW: 2, 50, 370, 516
RW: 2, 50, 438, 646
LW: 2, 50, 371, 516
RW: 2, 50, 439, 646
LW: 2, 50, 371, 516
RW: 2, 50, 439, 646
LW: 2, 50, 372, 516
RW: 2, 50, 440, 646
LW: 2, 50, 372, 516
RW: 2, 50, 441, 645
LW: 2, 50, 373, 515
RW: 2, 50, 441, 645
LW: 2, 50, 373, 515
RW: 2, 50, 442, 645
LW: 2, 50, 373, 515
RW: 2, 50, 442, 645
LW: 2, 50, 374, 515
RW: 2, 50, 443, 645
LW: 2, 50, 375, 515
RW: 2, 50, 443, 645
LW: 2, 50, 375, 515
RW: 2, 50, 444, 645
LW: 2, 50, 375, 515
RW: 2, 50, 445, 645
LW: 2, 50, 376, 515
RW: 2, 50, 445, 645
LW: 2, 50, 377, 515
RW: 2, 50, 446, 645
LW: 2, 50, 377, 515
RW: 2, 50, 447, 645
LW: 2, 50, 377, 515
RW: 2, 50, 447, 653
LW: 2, 50, 378, 504
RW: 2, 50, 448, 653
LW: 2, 50, 378, 504
RW: 2, 50, 449, 653
LW: 2, 50, 379, 504
RW: 2, 50, 449, 653
LW: 2, 50, 379, 504
RW: 2, 50, 450, 653
LW: 2, 50, 380, 504
RW: 2, 50, 451, 653
LW: 2, 50, 380, 504
RW: 2, 50, 451, 653
LW: 2, 50, 381, 504
RW: 2, 50, 452, 653
LW: 2, 50, 381, 504
RW: 2, 50, 452, 653
LW: 2, 50, 382, 504
RW: 2, 50, 453, 653
LW: 2, 50, 382, 504
RW: 2, 50, 453, 653
LW: 2, 50, 383, 504
RW: 2, 50, 454, 647
LW: 2, 50, 383, 506
RW: 2, 50, 455, 647
LW: 2, 50, 384, 506
RW: 2, 50, 455, 647
LW: 2, 50, 384, 506
RW: 2, 50, 456, 647
LW: 2, 50, 385, 506
RW: 2, 50, 457, 647
LW: 2, 50, 385, 506
RW: 2, 50, 457, 647
LW: 2, 50, 386, 506
RW: 2, 50, 458, 647
LW: 2, 50, 386, 506
RW: 2, 50, 459, 647
LW: 2, 50, 387, 506
RW: 2, 50, 459, 647
LW: 2, 50, 387, 506
RW: 2, 50, 460, 647
LW: 2, 50, 388, 506
RW: 2, 50, 461, 647
LW: 2, 50, 388, 506
RW: 2, 50, 461, 648
LW: 2, 50, 389, 507
RW: 2, 50, 461, 648
LW: 2, 50, 389, 507
RW: 2, 50, 462, 648
LW: 2, 50, 390, 507
RW: 2, 50, 463, 648
LW: 2, 50, 390, 507
RW: 2, 50, 463, 648
LW: 2, 50, 391, 507
RW: 2, 50, 464, 648
LW: 2, 50, 391, 507
RW: 2, 50, 465, 648
LW: 2, 50, 392, 507
RW: 2, 50, 465, 648
LW: 2, 50, 392, 507
RW: 2, 50, 466, 648
LW: 2, 50, 393, 507
RW: 2, 50, 467, 648
LW: 2, 50, 393, 507
RW: 2, 50, 467, 648
LW: 2, 50, 394, 507
RW: 2, 50, 468, 637
LW: 2, 50, 394, 515
RW: 2, 50, 468, 637
LW: 2, 50, 395, 515
RW: 2, 50, 469, 637
LW: 2, 50, 395, 515
RW: 2, 50, 469, 637
LW: 2, 50, 395, 515
RW: 2, 50, 470, 637
LW: 2, 50, 396, 515
RW: 2, 50, 471, 637
LW: 2, 50, 397, 515
RW: 2, 50, 471, 637
LW: 2, 50, 397, 515
RW: 2, 50, 472, 637
LW: 2, 50, 397, 515
RW: 2, 50, 473, 637
LW: 2, 50, 398, 515
RW: 2, 50, 473, 637
LW: 2, 50, 399, 515
RW: 2, 50, 474, 637
LW: 2, 50, 399, 515
RW: 2, 50, 475, 647
LW: 2, 50, 399, 506
RW: 2, 50, 475, 647
LW: 2, 50, 400, 506
RW: 2, 50, 476, 647
LW: 2, 50, 401, 506
RW: 2, 50, 477, 647
LW: 2, 50, 401, 506
RW: 2, 50, 477, 647
LW: 2, 50, 401, 506
RW: 2, 50, 478, 647
LW: 2, 50, 402, 506
RW: 2, 50, 478, 647
LW: 2, 50, 403, 506
RW: 2, 50, 479, 647
LW: 2, 50, 403, 506
RW: 2, 50, 479, 647
LW: 2, 50, 403, 506
RW: 2, 50, 480, 647
LW: 2, 50, 404, 506
RW: 2, 50, 481, 647
LW: 2, 50, 404, 506
RW: 2, 50, 481, 647
LW: 2, 50, 405, 506
RW: 2, 50, 482, 635
LW: 2, 50, 405, 503
RW: 2, 50, 483, 635
LW: 2, 50, 406, 503
RW: 2, 50, 483, 635
LW: 2, 50, 406, 503
RW: 2, 50, 484, 635
LW: 2, 50, 407, 503
RW: 2, 50, 485, 635
LW: 2, 50, 407, 503
RW: 2, 50, 485, 635
LW: 2, 50, 408, 503
RW: 2, 50, 485, 635
LW: 2, 50, 408, 503
RW: 2, 50, 486, 635
LW: 2, 50, 409, 503
RW: 2, 50, 487, 635
LW: 2, 50, 409, 503
RW: 2, 50, 487, 635
LW: 2, 50, 410, 503
RW: 2, 50, 488, 635
LW: 2, 50, 410, 503
RW: 2, 50, 489, 645
LW: 2, 50, 411, 504
RW: 2, 50, 489, 645
LW: 2, 50, 411, 504
RW: 2, 50, 490, 645
LW: 2, 50, 412, 504
RW: 2, 50, 491, 645
LW: 2, 50, 413, 504
RW: 2, 50, 491, 645
LW: 2, 50, 413, 504
RW: 2, 50, 492, 645
LW: 2, 50, 413, 504
RW: 2, 50, 493, 645
LW: 2, 50, 414, 504
RW: 2, 50, 493, 645
LW: 2, 50, 415, 504
RW: 2, 50, 494, 645
LW: 2, 50, 415, 504
RW: 2, 50, 495, 645
LW: 2, 50, 415, 504
RW: 2, 50, 495, 645
LW: 2, 50, 416, 504
RW: 2, 50, 496, 642
LW: 2, 50, 417, 511
RW: 2, 50, 496, 642
LW: 2, 50, 417, 511
RW: 2, 50, 497, 642
LW: 2, 50, 417, 511
RW: 2, 50, 497, 642
LW: 2, 50, 418, 511
RW: 2, 50, 498, 642
LW: 2, 50, 419, 511
RW: 2, 50, 499, 642
LW: 2, 50, 419, 511
RW: 2, 50, 499, 642
LW: 2, 50, 419, 511
RW: 2, 50, 500, 642
LW: 2, 50, 420, 511
RW: 2, 50, 501, 642
LW: 2, 50, 420, 511
RW: 2, 50, 501, 642
LW: 2, 50, 421, 511
RW: 2, 50, 502, 642
LW: 2, 50, 421, 511
RW: 2, 50, 503, 640
LW: 2, 50, 422, 500
RW: 2, 50, 503, 640
LW: 2, 50, 422, 500
RW: 2, 50, 504, 640
LW: 2, 50, 423, 500
RW: 2, 50, 505, 640
LW: 2, 50, 423, 500
RW: 2, 50, 505, 640
LW: 2, 50, 424, 500
RW: 2, 50, 506, 640
LW: 2, 50, 424, 500
RW: 2, 50, 506, 640
LW: 2, 50, 425, 500
RW: 2, 50, 507, 640
LW: 2, 50, 425, 500
RW: 2, 50, 507, 640
LW: 2, 50, 426, 500
RW: 2, 50, 508, 640
LW: 2, 50, 426, 500
RW: 2, 50, 509, 640
LW: 2, 50, 427, 500
RW: 2, 50, 509, 643
LW: 2, 50, 427, 511
RW: 2, 50, 510, 643
LW: 2, 50, 428, 511
RW: 2, 50, 511, 643
LW: 2, 50, 428, 511
RW: 2, 50, 511, 643
LW: 2, 50, 429, 511
RW: 2, 50, 512, 643
LW: 2, 50, 429, 511
RW: 2, 50, 513, 643
LW: 2, 50, 430, 511
RW: 2, 50, 513, 643
LW: 2, 50, 430, 511
RW: 2, 50, 513, 643
LW: 2, 50, 431, 511
RW: 2, 50, 514, 643
LW: 2, 50, 431, 511
RW: 2, 50, 515, 643
LW: 2, 50, 432, 511
RW: 2, 50, 515, 643
LW: 2, 50, 432, 511
RW: 2, 50, 516, 643
LW: 2, 50, 433, 512
RW: 2, 50, 517, 643
LW: 2, 50, 433, 512
RW: 2, 50, 517, 643
LW: 2, 50, 434, 512
RW: 2, 50, 518, 643
LW: 2, 50, 434, 512
RW: 2, 50, 519, 643
LW: 2, 50, 435, 512
RW: 2, 50, 519, 643
LW: 2, 50, 435, 512
RW: 2, 50, 520, 643
LW: 2, 50, 436, 512
RW: 2, 50, 521, 643
LW: 2, 50, 436, 512
RW: 2, 50, 521, 643
LW: 2, 50, 437, 512
RW: 2, 50, 522, 643
LW: 2, 50, 437, 512
RW: 2, 50, 523, 643
LW: 2, 50, 438, 503
RW: 2, 50, 523, 645
LW: 2, 50, 438, 503
RW: 2, 50, 523, 645
LW: 2, 50, 439, 503
RW: 2, 50, 524, 645
LW: 2, 50, 439, 503
RW: 2, 50, 525, 645
LW: 2, 50, 440, 503
RW: 2, 50, 525, 645
LW: 2, 50, 440, 503
RW: 2, 50, 526, 645
LW: 2, 50, 441, 503
RW: 2, 50, 527, 645
LW: 2, 50, 441, 503
RW: 2, 50, 527, 645
LW: 2, 50, 442, 503
RW: 2, 50, 528, 645
LW: 2, 50, 442, 503
RW: 2, 50, 529, 645
LW: 2, 50, 443, 503
RW: 2, 50, 529, 645
LW: 2, 50, 443, 512
RW: 2, 50, 530, 635
LW: 2, 50, 444, 512
RW: 2, 50, 531, 635
LW: 2, 50, 444, 512
RW: 2, 50, 531, 635
LW: 2, 50, 445, 512
RW: 2, 50, 532, 635
LW: 2, 50, 445, 512
RW: 2, 50, 532, 635
LW: 2, 50, 446, 512
RW: 2, 50, 533, 635
LW: 2, 50, 446, 512
RW: 2, 50, 533, 635
LW: 2, 50, 447, 512
RW: 2, 50, 534, 635
LW: 2, 50, 447, 512
RW: 2, 50, 535, 635
LW: 2, 50, 448, 512
RW: 2, 50, 535, 635
LW: 2, 50, 448, 512
RW: 2, 50, 536, 635
LW: 2, 50, 449, 514
RW: 2, 50, 537, 647
LW: 2, 50, 449, 514
RW: 2, 50, 537, 647
LW: 2, 50, 450, 514
RW: 2, 50, 538, 647
LW: 2, 50, 450, 514
RW: 2, 50, 539, 647
LW: 2, 50, 451, 514
RW: 2, 50, 539, 647
LW: 2, 50, 451, 514
RW: 2, 50, 540, 647
LW: 2, 50, 451, 514
RW: 2, 50, 540, 647
LW: 2, 50, 452, 514
RW: 2, 50, 541, 647
LW: 2, 50, 453, 514
RW: 2, 50, 541, 647
LW: 2, 50, 453, 514
RW: 2, 50, 542, 647
LW: 2, 50, 453, 514
RW: 2, 50, 543, 647
LW: 2, 50, 454, 514
RW: 2, 50, 543, 635
LW: 2, 50, 455, 513
RW: 2, 50, 544, 635
LW: 2, 50, 455, 513
RW: 2, 50, 545, 635
LW: 2, 50, 455, 513
RW: 2, 50, 545, 635
LW: 2, 50, 456, 513
RW: 2, 50, 546, 635
LW: 2, 50, 457, 513
RW: 2, 50, 547, 635
LW: 2, 50, 457, 513
RW: 2, 50, 547, 635
LW: 2, 50, 457, 513
RW: 2, 50, 548, 635
LW: 2, 50, 458, 513
RW: 2, 50, 548, 635
LW: 2, 50, 459, 513
RW: 2, 50, 549, 635
LW: 2, 50, 459, 513
RW: 2, 50, 550, 635
LW: 2, 50, 459, 513
RW: 2, 50, 550, 646
LW: 2, 50, 460, 506
RW: 2, 50, 551, 646
LW: 2, 50, 461, 506
RW: 2, 50, 551, 646
LW: 2, 50, 461, 506
RW: 2, 50, 552, 646
LW: 2, 50, 461, 506
RW: 2, 50, 553, 646
LW: 2, 50, 462, 506
RW: 2, 50, 553, 646
LW: 2, 50, 463, 506
RW: 2, 50, 554, 646
LW: 2, 50, 463, 506
RW: 2, 50, 555, 646
LW: 2, 50, 463, 506
RW: 2, 50, 555, 646
LW: 2, 50, 464, 506
RW: 2, 50, 556, 646
LW: 2, 50, 465, 506
RW: 2, 50, 556, 646
LW: 2, 50, 465, 506
RW: 2, 50, 557, 643
LW: 2, 50, 465, 513
RW: 2, 50, 557, 643
LW: 2, 50, 466, 513
RW: 2, 50, 558, 643
LW: 2, 50, 467, 513
RW: 2, 50, 559, 643
LW: 2, 50, 467, 513
RW: 2, 50, 559, 643
LW: 2, 50, 467, 513
RW: 2, 50, 560, 643
LW: 2, 50, 468, 513
RW: 2, 50, 561, 643
LW: 2, 50, 469, 513
RW: 2, 50, 561, 643
LW: 2, 50, 469, 513
RW: 2, 50, 562, 643
LW: 2, 50, 469, 513
RW: 2, 50, 563, 643
LW: 2, 50, 470, 513
RW: 2, 50, 563, 643
LW: 2, 50, 471, 513
RW: 2, 50, 564, 645
LW: 2, 50, 471, 514
RW: 2, 50, 565, 645
LW: 2, 50, 471, 514
RW: 2, 50, 565, 645
LW: 2, 50, 472, 514
RW: 2, 50, 566, 645
LW: 2, 50, 472, 514
RW: 2, 50, 566, 645
LW: 2, 50, 473, 514
RW: 2, 50, 567, 645
LW: 2, 50, 473, 514
RW: 2, 50, 567, 645
LW: 2, 50, 474, 514
RW: 2, 50, 568, 645
LW: 2, 50, 474, 514
RW: 2, 50, 569, 645
LW: 2, 50, 475, 514
RW: 2, 50, 569, 645
LW: 2, 50, 475, 514
RW: 2, 50, 570, 645
LW: 2, 50, 476, 514
RW: 2, 50, 571, 645
LW: 2, 50, 476, 514
RW: 2, 50, 571, 643
LW: 2, 50, 477, 513
RW: 2, 50, 572, 643
LW: 2, 50, 477, 513
RW: 2, 50, 573, 643
LW: 2, 50, 478, 513
RW: 2, 50, 573, 643
LW: 2, 50, 478, 513
RW: 2, 50, 574, 643
LW: 2, 50, 479, 513
RW: 2, 50, 574, 643
LW: 2, 50, 479, 513
RW: 2, 50, 575, 643
LW: 2, 50, 480, 513
RW: 2, 50, 575, 643
LW: 2, 50, 480, 513
RW: 2, 50, 576, 643
LW: 2, 50, 481, 513
RW: 2, 50, 577, 643
LW: 2, 50, 481, 513
RW: 2, 50, 577, 643
LW: 2, 50, 482, 513
RW: 2, 50, 578, 643
LW: 2, 50, 482, 513
RW: 2, 50, 579, 643
LW: 2, 50, 483, 513
RW: 2, 50, 579, 643
LW: 2, 50, 483, 513
RW: 2, 50, 580, 643
LW: 2, 50, 484, 513
RW: 2, 50, 581, 643
LW: 2, 50, 485, 513
RW: 2, 50, 581, 643
LW: 2, 50, 485, 513
RW: 2, 50, 582, 643
LW: 2, 50, 485, 513
RW: 2, 50, 583, 643
LW: 2, 50, 486, 513
RW: 2, 50, 583, 643
LW: 2, 50, 487, 513
RW: 2, 50, 584, 643
LW: 2, 50, 487, 513
RW: 2, 50, 584, 643
LW: 2, 50, 487, 513
RW: 2, 50, 585, 642
LW: 2, 50, 488, 512
RW: 2, 50, 585, 642
LW: 2, 50, 489, 512
RW: 2, 50, 586, 642
LW: 2, 50, 489, 512
RW: 2, 50, 587, 642
LW: 2, 50, 489, 512
RW: 2, 50, 587, 642
LW: 2, 50, 490, 512
RW: 2, 50, 588, 642
LW: 2, 50, 490, 512
RW: 2, 50, 589, 642
LW: 2, 50, 491, 512
RW: 2, 50, 589, 642
LW: 2, 50, 491, 512
RW: 2, 50, 590, 642
LW: 2, 50, 492, 512
RW: 2, 50, 591, 642
LW: 2, 50, 492, 512
RW: 2, 50, 591, 642
LW: 2, 50, 493, 512
RW: 2, 50, 592, 631
LW: 2, 50, 493, 520
RW: 2, 50, 592, 631
LW: 2, 50, 494, 520
RW: 2, 50, 593, 631
LW: 2, 50, 494, 520
RW: 2, 50, 593, 631
LW: 2, 50, 495, 520
RW: 2, 50, 594, 631
LW: 2, 50, 495, 520
RW: 2, 50, 595, 631
LW: 2, 50, 496, 520
RW: 2, 50, 595, 631
LW: 2, 50, 496, 520
RW: 2, 50, 596, 631
LW: 2, 50, 497, 520
RW: 2, 50, 597, 631
LW: 2, 50, 497, 520
RW: 2, 50, 597, 631
LW: 2, 50, 498, 520
RW: 2, 50, 598, 631
LW: 2, 50, 498, 520
RW: 2, 50, 599, 641
LW: 2, 50, 499, 511
RW: 2, 50, 599, 641
LW: 2, 50, 499, 511
RW: 2, 50, 600, 641
LW: 2, 50, 500, 511
RW: 2, 50, 600, 641
LW: 2, 50, 500, 511
RW: 2, 50, 601, 641
LW: 2, 50, 501, 511
RW: 2, 50, 601, 641
LW: 2, 50, 501, 511
RW: 2, 50, 602, 641
LW: 2, 50, 502, 511
RW: 2, 50, 603, 641
LW: 2, 50, 503, 511
RW: 2, 50, 603, 641
LW: 2, 50, 503, 511
RW: 2, 50, 604, 641
LW: 2, 50, 503, 511
RW: 2, 50, 605, 641
LW: 2, 50, 504, 511
RW: 2, 50, 605, 640
LW: 2, 50, 504, 511
RW: 2, 50, 606, 640
LW: 2, 50, 505, 511
RW: 2, 50, 607, 640
LW: 2, 50, 505, 511
RW: 2, 50, 607, 640
LW: 2, 50, 506, 511
RW: 2, 50, 608, 640
LW: 2, 50, 506, 511
RW: 2, 50, 609, 640
LW: 2, 50, 507, 511
RW: 2, 50, 609, 640
LW: 2, 50, 507, 511
RW: 2, 50, 610, 640
LW: 2, 50, 508, 511
RW: 2, 50, 610, 640
LW: 2, 50, 508, 511
RW: 2, 50, 611, 640
LW: 2, 50, 509, 511
RW: 2, 50, 611, 640
LW: 2, 50, 509, 511
RW: 2, 50, 612, 643
LW: 2, 50, 510, 513
RW: 2, 50, 613, 643
LW: 2, 50, 510, 513
RW: 2, 50, 613, 643
LW: 2, 50, 511, 513
RW: 2, 50, 614, 643
LW: 2, 50, 511, 513
RW: 2, 50, 615, 643
LW: 2, 50, 512, 513
RW: 2, 50, 615, 643
LW: 2, 50, 513, 513
RW: 2, 50, 616, 643
LW: 2, 50, 513, 513
RW: 2, 50, 617, 643
LW: 2, 50, 513, 513
RW: 2, 50, 617, 643
LW: 2, 50, 514, 513
RW: 2, 50, 618, 643
LW: 2, 50, 515, 513
RW: 2, 50, 619, 643
LW: 2, 50, 515, 523
RW: 2, 50, 619, 645
LW: 2, 50, 515, 523
RW: 2, 50, 620, 645
LW: 2, 50, 516, 523
RW: 2, 50, 621, 645
LW: 2, 50, 517, 523
RW: 2, 50, 621, 645
LW: 2, 50, 517, 523
RW: 2, 50, 622, 645
LW: 2, 50, 517, 523
RW: 2, 50, 623, 645
LW: 2, 50, 518, 523
RW: 2, 50, 623, 645
LW: 2, 50, 519, 523
RW: 2, 50, 623, 645
LW: 2, 50, 519, 523
RW: 2, 50, 624, 645
LW: 2, 50, 519, 523
RW: 2, 50, 625, 645
LW: 2, 50, 520, 523
RW: 2, 50, 625, 645
LW: 2, 50, 521, 516
RW: 2, 50, 626, 638
LW: 2, 50, 521, 516
RW: 2, 50, 627, 638
LW: 2, 50, 521, 516
RW: 2, 50, 627, 638
LW: 2, 50, 522, 516
RW: 2, 50, 628, 638
LW: 2, 50, 522, 516
RW: 2, 50, 629, 638
LW: 2, 50, 523, 516
RW: 2, 50, 629, 638
LW: 2, 50, 523, 516
RW: 2, 50, 630, 638
LW: 2, 50, 524, 516
RW: 2, 50, 631, 638
LW: 2, 50, 525, 516
RW: 2, 50, 631, 638
LW: 2, 50, 525, 516
RW: 2, 50, 632, 638
LW: 2, 50, 525, 516
RW: 2, 50, 633, 640
LW: 2, 50, 526, 518
RW: 2, 50, 633, 640
LW: 2, 50, 526, 518
RW: 2, 50, 634, 640
LW: 2, 50, 527, 518
RW: 2, 50, 634, 640
LW: 2, 50, 527, 518
RW: 2, 50, 635, 640
LW: 2, 50, 528, 518
RW: 2, 50, 635, 640
LW: 2, 50, 529, 518
RW: 2, 50, 636, 640
LW: 2, 50, 529, 518
RW: 2, 50, 637, 640
LW: 2, 50, 529, 518
RW: 2, 50, 637, 640
LW: 2, 50, 530, 518
RW: 2, 50, 638, 640
LW: 2, 50, 531, 518
RW: 2, 50, 639, 640
LW: 2, 50, 531, 518
RW: 2, 50, 639, 643
LW: 2, 50, 531, 520
RW: 2, 50, 640, 643
LW: 2, 50, 532, 520
RW: 2, 50, 641, 643
LW: 2, 50, 533, 520
RW: 2, 50, 641, 643
LW: 2, 50, 533, 520
RW: 2, 50, 642, 643
LW: 2, 50, 533, 520
RW: 2, 50, 642, 643
LW: 2, 50, 534, 520
RW: 2, 50, 643, 643
LW: 2, 50, 535, 520
RW: 2, 50, 643, 643
LW: 2, 50, 535, 520
RW: 2, 50, 644, 643
LW: 2, 50, 535, 520
RW: 2, 50, 645, 643
LW: 2, 50, 536, 520
RW: 2, 50, 645, 643
LW: 2, 50, 537, 520
RW: 2, 50, 646, 643
LW: 2, 50, 537, 520
RW: 2, 50, 647, 642
LW: 2, 50, 537, 520
RW: 2, 50, 647, 642
LW: 2, 50, 538, 520
RW: 2, 50, 648, 642
LW: 2, 50, 539, 520
RW: 2, 50, 649, 642
LW: 2, 50, 539, 520
RW: 2, 50, 649, 642
LW: 2, 50, 539, 520
RW: 2, 50, 650, 642
LW: 2, 50, 540, 520
RW: 2, 50, 651, 642
LW: 2, 50, 541, 520
RW: 2, 50, 651, 642
LW: 2, 50, 541, 520
RW: 2, 50, 652, 642
LW: 2, 50, 541, 520
RW: 2, 50, 652, 642
LW: 2, 50, 542, 520
RW: 2, 50, 653, 644
LW: 2, 50, 543, 521
RW: 2, 50, 653, 644
LW: 2, 50, 543, 521
RW: 2, 50, 654, 644
LW: 2, 50, 543, 521
RW: 2, 50, 655, 644
LW: 2, 50, 544, 521
RW: 2, 50, 655, 644
LW: 2, 50, 545, 521
RW: 2, 50, 656, 644
LW: 2, 50, 545, 521
RW: 2, 50, 657, 644
LW: 2, 50, 545, 521
RW: 2, 50, 657, 644
LW: 2, 50, 546, 521
RW: 2, 50, 658, 644
LW: 2, 50, 547, 521
RW: 2, 50, 659, 644
LW: 2, 50, 547, 521
RW: 2, 50, 659, 644
LW: 2, 50, 547, 521
RW: 2, 50, 660, 644
LW: 2, 50, 548, 520
RW: 2, 50, 660, 652
LW: 2, 50, 549, 520
RW: 2, 50, 661, 652
LW: 2, 50, 549, 520
RW: 2, 50, 661, 652
LW: 2, 50, 549, 520
RW: 2, 50, 662, 652
LW: 2, 50, 550, 520
RW: 2, 50, 663, 652
LW: 2, 50, 551, 520
RW: 2, 50, 663, 652
LW: 2, 50, 551, 520
RW: 2, 50, 664, 652
LW: 2, 50, 551, 520
RW: 2, 50, 665, 652
LW: 2, 50, 552, 520
RW: 2, 50, 665, 652
LW: 2, 50, 553, 520
RW: 2, 50, 666, 652
LW: 2, 50, 553, 520
RW: 2, 50, 667, 652
LW: 2, 50, 554, 520
RW: 2, 50, 667, 653
LW: 2, 50, 554, 520
RW: 2, 50, 668, 653
LW: 2, 50, 555, 520
RW: 2, 50, 669, 653
LW: 2, 50, 555, 520
RW: 2, 50, 669, 653
LW: 2, 50, 556, 520
RW: 2, 50, 670, 653
LW: 2, 50, 556, 520
RW: 2, 50, 670, 653
LW: 2, 50, 557, 520
RW: 2, 50, 671, 653
LW: 2, 50, 557, 520
RW: 2, 50, 671, 653
LW: 2, 50, 558, 520
RW: 2, 50, 672, 653
LW: 2, 50, 558, 520
RW: 2, 50, 673, 653
LW: 2, 50, 559, 520
RW: 2, 50, 673, 653
LW: 2, 50, 559, 520
RW: 0, 41, 674, 651
LW: 2, 50, 560, 519
RW: 0, 41, 675, 651
LW: 2, 50, 560, 519
RW: 0, 41, 675, 651
LW: 2, 50, 561, 519
RW: 0, 41, 676, 651
LW: 2, 50, 561, 519
RW: 0, 41, 677, 651
LW: 2, 50, 562, 519
RW: 0, 41, 677, 651
LW: 2, 50, 562, 519
RW: 0, 41, 678, 651
LW: 2, 50, 563, 519
RW: 0, 41, 679, 651
LW: 2, 50, 563, 519
RW: 0, 41, 679, 651
LW: 2, 50, 564, 519
RW: 0, 41, 679, 651
LW: 2, 50, 564, 519
RW: 0, 41, 680, 651
LW: 2, 50, 565, 519
RW: 0, 23, 681, 651
LW: 2, 50, 565, 528
RW: 0, 23, 681, 651
LW: 2, 50, 566, 528
RW: 0, 23, 682, 651
LW: 2, 50, 566, 528
RW: 0, 23, 683, 651
LW: 2, 50, 567, 528
RW: 0, 23, 683, 651
LW: 2, 50, 567, 528
RW: 0, 23, 684, 651
LW: 2, 50, 568, 528
RW: 0, 23, 685, 651
LW: 2, 50, 568, 528
RW: 0, 23, 685, 651
LW: 2, 50, 569, 528
RW: 0, 23, 686, 651
LW: 2, 50, 569, 528
RW: 0, 23, 686, 651
LW: 2, 50, 570, 528
RW: 0, 23, 687, 651
LW: 2, 50, 570, 528
RW: 0, 15, 687, 640
LW: 2, 50, 571, 517
RW: 0, 15, 688, 640
LW: 2, 50, 571, 517
RW: 0, 15, 689, 640
LW: 2, 50, 572, 517
RW: 0, 15, 689, 640
LW: 2, 50, 572, 517
RW: 0, 15, 690, 640
LW: 2, 50, 573, 517
RW: 0, 15, 691, 640
LW: 2, 50, 573, 517
RW: 0, 15, 691, 640
LW: 2, 50, 574, 517
RW: 0, 15, 691, 640
LW: 2, 50, 574, 517
RW: 0, 15, 692, 640
LW: 2, 50, 575, 517
RW: 0, 15, 693, 640
LW: 2, 50, 575, 517
RW: 0, 15, 693, 640
LW: 2, 50, 576, 517
RW: 0, 0, 694, 640
LW: 2, 50, 577, 526
RW: 0, 0, 695, 640
LW: 2, 50, 577, 526
RW: 0, 0, 695, 640
LW: 2, 50, 577, 526
RW: 0, 0, 695, 640
LW: 2, 50, 578, 526
RW: 0, 0, 696, 640
LW: 2, 50, 579, 526
RW: 0, 0, 697, 640
LW: 2, 50, 579, 526
RW: 0, 0, 697, 640
LW: 2, 50, 579, 526
RW: 0, 0, 697, 640
LW: 2, 50, 580, 526
RW: 0, 0, 698, 640
LW: 2, 50, 581, 526
RW: 0, 0, 699, 640
LW: 2, 50, 581, 526
RW: 0, 0, 699, 640
LW: 2, 50, 581, 526
RW: 0, -14, 699, 626
LW: 2, 50, 582, 523
RW: 0, -14, 700, 626
LW: 2, 50, 583, 523
RW: 0, -14, 701, 626
LW: 2, 50, 583, 523
RW: 0, -14, 701, 626
LW: 2, 50, 584, 523
RW: 0, -14, 701, 626
LW: 2, 50, 584, 523
RW: 0, -14, 702, 626
LW: 2, 50, 585, 523
RW: 0, -14, 703, 626
LW: 2, 50, 585, 523
RW: 0, -14, 703, 626
LW: 2, 50, 586, 523
RW: 0, -14, 703, 626
LW: 2, 50, 586, 523
RW: 0, -14, 704, 626
LW: 2, 50, 587, 523
RW: 0, -14, 704, 626
LW: 2, 50, 587, 523
RW: 0, -29, 705, 617
LW: 2, 50, 588, 523
RW: 0, -29, 705, 617
LW: 2, 50, 588, 523
RW: 0, -29, 705, 617
LW: 2, 50, 589, 523
RW: 0, -29, 706, 617
LW: 2, 50, 589, 523
RW: 0, -29, 707, 617
LW: 2, 50, 590, 523
RW: 0, -29, 707, 617
LW: 2, 50, 590, 523
RW: 0, -29, 707, 617
LW: 2, 50, 591, 523
RW: 0, -29, 707, 617
LW: 2, 50, 591, 523
RW: 0, -29, 708, 617
LW: 2, 50, 592, 523
RW: 0, -29, 708, 617
LW: 2, 50, 592, 523
RW: 0, -29, 709, 617
LW: 2, 50, 593, 523
RW: 0, -29, 709, 617
LW: 2, 50, 593, 523
RW: 0, -25, 709, 587
LW: 2, 50, 594, 521
RW: 0, -25, 710, 587
LW: 2, 50, 594, 521
RW: 0, -25, 710, 587
LW: 2, 50, 595, 521
RW: 0, -25, 711, 587
LW: 2, 50, 595, 521
RW: 0, -25, 711, 587
LW: 2, 50, 596, 521
RW: 0, -25, 711, 587
LW: 2, 50, 596, 521
RW: 0, -25, 711, 587
LW: 2, 50, 597, 521
RW: 0, -25, 712, 587
LW: 2, 50, 597, 521
RW: 0, -25, 712, 587
LW: 2, 50, 598, 521
RW: 0, -25, 712, 587
LW: 2, 50, 598, 521
RW: 0, -25, 713, 587
LW: 2, 50, 599, 521
RW: 0, -35, 713, 558
LW: 2, 50, 599, 529
RW: 0, -35, 713, 558
LW: 2, 50, 600, 529
RW: 0, -35, 713, 558
LW: 2, 50, 600, 529
RW: 0, -35, 713, 558
LW: 2, 50, 601, 529
RW: 0, -35, 714, 558
LW: 2, 50, 601, 529
RW: 0, -35, 714, 558
LW: 2, 50, 602, 529
RW: 0, -35, 714, 558
LW: 2, 50, 602, 529
RW: 0, -35, 715, 558
LW: 2, 50, 603, 529
RW: 0, -35, 715, 558
LW: 2, 50, 603, 529
RW: 0, -35, 715, 558
LW: 2, 50, 604, 529
RW: 0, -35, 715, 558
LW: 2, 50, 604, 529
RW: 0, -26, 715, 511
LW: 2, 50, 605, 520
RW: 0, -26, 716, 511
LW: 2, 50, 605, 520
RW: 0, -26, 716, 511
LW: 2, 50, 606, 520
RW: 0, -26, 716, 511
LW: 2, 50, 606, 520
RW: 0, -26, 716, 511
LW: 2, 50, 607, 520
RW: 0, -26, 717, 511
LW: 2, 50, 607, 520
RW: 0, -26, 717, 511
LW: 2, 50, 608, 520
RW: 0, -26, 717, 511
LW: 2, 50, 608, 520
RW: 0, -26, 717, 511
LW: 2, 50, 609, 520
RW: 0, -26, 717, 511
LW: 2, 50, 609, 520
RW: 0, -26, 717, 511
LW: 2, 50, 610, 520
RW: 0, -31, 717, 464
LW: 2, 50, 610, 529
RW: 0, -31, 717, 464
LW: 2, 50, 611, 529
RW: 0, -31, 717, 464
LW: 2, 50, 611, 529
RW: 0, -31, 718, 464
LW: 2, 50, 612, 529
RW: 0, -31, 718, 464
LW: 2, 50, 612, 529
RW: 0, -31, 718, 464
LW: 2, 50, 613, 529
RW: 0, -31, 718, 464
LW: 2, 50, 613, 529
RW: 0, -31, 718, 464
LW: 2, 50, 614, 529
RW: 0, -31, 718, 464
LW: 2, 50, 614, 529
RW: 0, -31, 719, 464
LW: 2, 50, 615, 529
RW: 0, -36, 719, 419
LW: 2, 50, 615, 522
RW: 0, -36, 719, 419
LW: 2, 50, 616, 522
RW: 0, -36, 719, 419
LW: 2, 50, 617, 522
RW: 0, -36, 719, 419
LW: 2, 50, 617, 522
RW: 0, -36, 719, 419
LW: 2, 50, 617, 522
RW: 0, -36, 719, 419
LW: 2, 50, 618, 522
RW: 0, -36, 719, 419
LW: 2, 50, 619, 522
RW: 0, -36, 719, 419
LW: 2, 50, 619, 522
RW: 0, -36, 719, 419
LW: 2, 50, 619, 522
RW: 0, -36, 719, 419
LW: 2, 50, 620, 522
RW: 0, -36, 719, 419
LW: 2, 50, 621, 522
RW: 0, -22, 719, 353
LW: 2, 50, 621, 522
RW: 0, -22, 719, 353
LW: 2, 50, 621, 522
RW: 0, -22, 719, 353
LW: 2, 50, 622, 522
RW: 0, -22, 719, 353
LW: 2, 50, 623, 522
RW: 0, -22, 719, 353
LW: 2, 50, 623, 522
RW: 0, -22, 719, 353
LW: 2, 50, 623, 522
RW: 0, -22, 719, 353
LW: 2, 50, 624, 522
RW: 0, -22, 719, 353
LW: 2, 50, 625, 522
RW: 0, -22, 719, 353
LW: 2, 50, 625, 522
RW: 0, -22, 719, 353
LW: 2, 50, 625, 522
RW: 0, -22, 719, 353
LW: 2, 50, 626, 522
RW: 0, -22, 719, 297
LW: 2, 50, 627, 523
RW: 0, -22, 719, 297
LW: 2, 50, 627, 523
RW: 0, -22, 719, 297
LW: 2, 50, 627, 523
RW: 0, -22, 719, 297
LW: 2, 50, 628, 523
RW: 0, -22, 719, 297
LW: 2, 50, 629, 523
RW: 0, -22, 719, 297
LW: 2, 50, 629, 523
RW: 0, -22, 719, 297
LW: 2, 50, 629, 523
RW: 0, -22, 719, 297
LW: 2, 50, 630, 523
RW: 0, -22, 719, 297
LW: 2, 50, 631, 523
RW: 0, -22, 719, 297
LW: 2, 50, 631, 523
RW: 0, -22, 719, 297
LW: 2, 50, 631, 523
RW: 0, -22, 719, 240
LW: 2, 50, 632, 522
RW: 0, -22, 719, 240
LW: 2, 50, 633, 522
RW: 0, -22, 719, 240
LW: 2, 50, 633, 522
RW: 0, -22, 719, 240
LW: 2, 50, 633, 522
RW: 0, -22, 719, 240
LW: 2, 50, 634, 522
RW: 0, -22, 719, 240
LW: 2, 50, 634, 522
RW: 0, -22, 719, 240
LW: 2, 50, 635, 522
RW: 0, -22, 719, 240
LW: 2, 50, 635, 522
RW: 0, -22, 719, 240
LW: 2, 50, 636, 522
RW: 0, -22, 719, 240
LW: 2, 50, 636, 522
RW: 0, -22, 719, 240
LW: 2, 50, 637, 522
RW: 0, -22, 719, 187
LW: 2, 50, 637, 516
RW: 0, -22, 719, 187
LW: 2, 50, 638, 516
RW: 0, -22, 719, 187
LW: 2, 50, 638, 516
RW: 0, -22, 719, 187
LW: 2, 50, 639, 516
RW: 0, -22, 719, 187
LW: 2, 50, 639, 516
RW: 0, -22, 719, 187
LW: 2, 50, 640, 516
RW: 0, -22, 719, 187
LW: 2, 50, 640, 516
RW: 0, -22, 719, 187
LW: 2, 50, 641, 516
RW: 0, -22, 719, 187
LW: 2, 50, 641, 516
RW: 0, -22, 719, 187
LW: 2, 50, 642, 516
RW: 0, -22, 719, 187
LW: 2, 50, 642, 516
RW: 0, -22, 719, 187
LW: 2, 50, 643, 516
RW: 0, -22, 719, 130
LW: 2, 50, 643, 523
RW: 0, -22, 719, 130
LW: 2, 50, 644, 523
RW: 0, -22, 719, 130
LW: 2, 50, 644, 523
RW: 0, -22, 719, 130
LW: 2, 50, 645, 523
RW: 0, -22, 719, 130
LW: 2, 50, 645, 523
RW: 0, -22, 719, 130
LW: 2, 50, 646, 523
RW: 0, -22, 718, 130
LW: 2, 50, 646, 523
RW: 0, -22, 718, 130
LW: 2, 50, 647, 523
RW: 0, -22, 718, 130
LW: 2, 50, 647, 523
RW: 0, -22, 718, 130
LW: 2, 50, 648, 523
RW: 0, -22, 718, 130
LW: 2, 50, 648, 517
RW: 0, -13, 718, 84
LW: 2, 50, 649, 517
RW: 0, -13, 718, 84
LW: 2, 50, 649, 517
RW: 0, -13, 718, 84
LW: 2, 50, 650, 517
RW: 0, -13, 718, 84
LW: 2, 50, 650, 517
RW: 0, -13, 718, 84
LW: 2, 50, 651, 517
RW: 0, -13, 718, 84
LW: 2, 50, 651, 517
RW: 0, -13, 718, 84
LW: 2, 50, 652, 517
RW: 0, -13, 717, 84
LW: 2, 50, 652, 517
RW: 0, -13, 717, 84
LW: 2, 50, 653, 517
RW: 0, -13, 717, 84
LW: 2, 50, 653, 517
RW: 0, -13, 717, 84
LW: 2, 50, 654, 517
RW: 0, -10, 717, 38
LW: 2, 50, 654, 515
RW: 0, -10, 717, 38
LW: 2, 50, 655, 515
RW: 0, -10, 717, 38
LW: 2, 50, 655, 515
RW: 0, -10, 717, 38
LW: 2, 50, 656, 515
RW: 0, -10, 717, 38
LW: 2, 50, 656, 515
RW: 0, -10, 717, 38
LW: 2, 50, 657, 515
RW: 0, -10, 717, 38
LW: 2, 50, 657, 515
RW: 0, -10, 717, 38
LW: 2, 50, 658, 515
RW: 0, -10, 717, 38
LW: 2, 50, 658, 515
RW: 0, -10, 717, 38
LW: 2, 50, 659, 515
RW: 0, -10, 717, 38
LW: 2, 50, 659, 515
RW: 0, -17, 717, 19
LW: 2, 50, 660, 515
RW: 0, -17, 717, 19
LW: 2, 50, 660, 515
RW: 0, -17, 717, 19
LW: 2, 50, 661, 515
RW: 0, -17, 717, 19
LW: 2, 50, 661, 515
RW: 0, -17, 717, 19
LW: 2, 50, 662, 515
RW: 0, -17, 717, 19
LW: 2, 50, 662, 515
RW: 0, -17, 716, 19
LW: 2, 50, 663, 515
RW: 0, -17, 716, 19
LW: 2, 50, 663, 515
RW: 0, -17, 716, 19
LW: 2, 50, 663, 515
RW: 0, -17, 716, 19
LW: 2, 50, 664, 515
RW: 0, -17, 716, 19
LW: 2, 50, 665, 515
RW: 0, -8, 716, -8
LW: 2, 50, 665, 513
RW: 0, -8, 716, -8
LW: 2, 50, 666, 513
RW: 0, -8, 716, -8
LW: 2, 50, 666, 513
RW: 0, -8, 716, -8
LW: 2, 50, 667, 513
RW: 0, -8, 716, -8
LW: 2, 50, 667, 513
RW: 0, -8, 715, -8
LW: 2, 50, 667, 513
RW: 0, -8, 715, -8
LW: 2, 50, 668, 513
RW: 0, -8, 715, -8
LW: 2, 50, 669, 513
RW: 0, -8, 715, -8
LW: 2, 50, 669, 513
RW: 0, -8, 715, -8
LW: 2, 50, 669, 513
RW: 0, -8, 715, -8
LW: 2, 50, 670, 513
RW: 0, -5, 715, -36
LW: 2, 50, 671, 512
RW: 0, -5, 715, -36
LW: 2, 50, 671, 512
RW: 0, -5, 715, -36
LW: 2, 50, 671, 512
RW: 0, -5, 715, -36
LW: 2, 50, 672, 512
RW: 0, -5, 715, -36
LW: 2, 50, 673, 512
RW: 0, -5, 715, -36
LW: 2, 50, 673, 512
RW: 0, -5, 715, -36
LW: 2, 50, 673, 512
RW: 0, -5, 715, -36
LW: 2, 50, 674, 512
RW: 0, -5, 715, -36
LW: 2, 50, 674, 512
RW: 0, -5, 715, -36
LW: 2, 50, 675, 512
RW: 0, -5, 715, -36
LW: 2, 50, 675, 512
RW: 0, -5, 715, -36
LW: 0, 43, 676, 502
RW: 0, -12, 715, -36
LW: 0, 43, 676, 502
RW: 0, -12, 715, -36
LW: 0, 43, 677, 502
RW: 0, -12, 714, -36
LW: 0, 43, 677, 502
RW: 0, -12, 714, -36
LW: 0, 43, 678, 502
RW: 0, -12, 714, -36
LW: 0, 43, 678, 502
RW: 0, -12, 714, -36
LW: 0, 43, 679, 502
RW: 0, -12, 714, -36
LW: 0, 43, 679, 502
RW: 0, -12, 714, -36
LW: 0, 43, 680, 502
RW: 0, -12, 714, -36
LW: 0, 43, 680, 502
RW: 0, -12, 714, -36
LW: 0, 43, 681, 502
RW: 0, -12, 714, -36
LW: 0, 37, 681, 511
RW: 0, -3, 714, -46
LW: 0, 37, 681, 511
RW: 0, -3, 714, -46
LW: 0, 37, 682, 511
RW: 0, -3, 713, -46
LW: 0, 37, 683, 511
RW: 0, -3, 713, -46
LW: 0, 37, 683, 511
RW: 0, -3, 713, -46
LW: 0, 37, 683, 511
RW: 0, -3, 713, -46
LW: 0, 37, 684, 511
RW: 0, -3, 713, -46
LW: 0, 37, 684, 511
RW: 0, -3, 713, -46
LW: 0, 37, 685, 511
RW: 0, -3, 713, -46
LW: 0, 37, 685, 511
RW: 0, -3, 713, -46
LW: 0, 37, 686, 511
RW: 0, -3, 713, -46
LW: 0, 25, 686, 502
RW: 0, 0, 713, -55
LW: 0, 25, 687, 502
RW: 0, 0, 713, -55
LW: 0, 25, 687, 502
RW: 0, 0, 713, -55
LW: 0, 25, 687, 502
RW: 0, 0, 713, -55
LW: 0, 25, 688, 502
RW: 0, 0, 713, -55
LW: 0, 25, 689, 502
RW: 0, 0, 713, -55
LW: 0, 25, 689, 502
RW: 0, 0, 713, -55
LW: 0, 25, 689, 502
RW: 0, 0, 713, -55
LW: 0, 25, 690, 502
RW: 0, 0, 713, -55
LW: 0, 25, 690, 502
RW: 0, 0, 713, -55
LW: 0, 25, 691, 502
RW: 0, -7, 713, -55
LW: 0, 12, 691, 502
RW: 0, -7, 713, -55
LW: 0, 12, 691, 502
RW: 0, -7, 713, -55
LW: 0, 12, 692, 502
RW: 0, -7, 713, -55
LW: 0, 12, 692, 502
RW: 0, -7, 713, -55
LW: 0, 12, 693, 502
RW: 0, -7, 712, -55
LW: 0, 12, 693, 502
RW: 0, -7, 712, -55
LW: 0, 12, 693, 502
RW: 0, -7, 712, -55
LW: 0, 12, 694, 502
RW: 0, -7, 712, -55
LW: 0, 12, 694, 502
RW: 0, -7, 712, -55
LW: 0, 12, 695, 502
RW: 0, -7, 712, -55
LW: 0, 12, 695, 502
RW: 0, 2, 712, -65
LW: 0, 9, 695, 486
RW: 0, 2, 712, -65
LW: 0, 9, 696, 486
RW: 0, 2, 712, -65
LW: 0, 9, 696, 486
RW: 0, 2, 712, -65
LW: 0, 9, 696, 486
RW: 0, 2, 712, -65
LW: 0, 9, 697, 486
RW: 0, 2, 712, -65
LW: 0, 9, 697, 486
RW: 0, 2, 712, -65
LW: 0, 9, 697, 486
RW: 0, 2, 712, -65
LW: 0, 9, 697, 486
RW: 0, 2, 712, -65
LW: 0, 9, 698, 486
RW: 0, 2, 711, -65
LW: 0, 9, 698, 486
RW: 0, 2, 711, -65
LW: 0, 9, 699, 486
RW: 0, 4, 711, -65
LW: 0, 0, 699, 475
RW: 0, 4, 711, -65
LW: 0, 0, 699, 475
RW: 0, 4, 711, -65
LW: 0, 0, 699, 475
RW: 0, 4, 711, -65
LW: 0, 0, 700, 475
RW: 0, 4, 711, -65
LW: 0, 0, 700, 475
RW: 0, 4, 711, -65
LW: 0, 0, 700, 475
RW: 0, 4, 711, -65
LW: 0, 0, 701, 475
RW: 0, 4, 711, -65
LW: 0, 0, 701, 475
RW: 0, 4, 711, -65
LW: 0, 0, 701, 475
RW: 0, 4, 711, -65
LW: 0, 0, 701, 475
RW: 0, 4, 711, -65
LW: 0, 0, 702, 475
RW: 0, -2, 711, -56
LW: 0, -1, 702, 450
RW: 0, -2, 711, -56
LW: 0, -1, 702, 450
RW: 0, -2, 711, -56
LW: 0, -1, 703, 450
RW: 0, -2, 711, -56
LW: 0, -1, 703, 450
RW: 0, -2, 711, -56
LW: 0, -1, 703, 450
RW: 0, -2, 711, -56
LW: 0, -1, 703, 450
RW: 0, -2, 711, -56
LW: 0, -1, 703, 450
RW: 0, -2, 711, -56
LW: 0, -1, 703, 450
RW: 0, -2, 711, -56
LW: 0, -1, 704, 450
RW: 0, -2, 711, -56
LW: 0, -1, 704, 450
RW: 0, -2, 711, -56
LW: 0, -1, 704, 450
RW: 0, -2, 711, -56
LW: 0, 1, 704, 421
RW: 0, -2, 711, -56
LW: 0, 1, 705, 421
RW: 0, -2, 711, -56
LW: 0, 1, 705, 421
RW: 0, -2, 711, -56
LW: 0, 1, 705, 421
RW: 0, -2, 711, -56
LW: 0, 1, 705, 421
RW: 0, -2, 711, -56
LW: 0, 1, 705, 421
RW: 0, -2, 711, -56
LW: 0, 1, 705, 421
RW: 0, -2, 711, -56
LW: 0, 1, 705, 421
RW: 0, -2, 711, -56
LW: 0, 1, 706, 421
RW: 0, -2, 711, -56
LW: 0, 1, 706, 421
RW: 0, -2, 711, -47
LW: 0, -4, 706, 386
RW: 0, -2, 711, -47
LW: 0, -4, 706, 386
RW: 0, -2, 711, -47
LW: 0, -4, 706, 386
RW: 0, -2, 711, -47
LW: 0, -4, 707, 386
RW: 0, -2, 711, -47
LW: 0, -4, 707, 386
RW: 0, -2, 711, -47
LW: 0, -4, 707, 386
RW: 0, -2, 711, -47
LW: 0, -4, 707, 386
RW: 0, -2, 711, -47
LW: 0, -4, 707, 386
RW: 0, -2, 711, -47
LW: 0, -4, 707, 386
RW: 0, -2, 711, -47
LW: 0, -4, 707, 386
RW: 0, -2, 711, -47
LW: 0, -4, 707, 386
RW: 0, -2, 711, -47
LW: 0, 0, 707, 348
RW: 0, -2, 711, -37
LW: 0, 0, 708, 348
RW: 0, -2, 711, -37
LW: 0, 0, 708, 348
RW: 0, -2, 711, -37
LW: 0, 0, 708, 348
RW: 0, -2, 711, -37
LW: 0, 0, 708, 348
RW: 0, -2, 711, -37
LW: 0, 0, 708, 348
RW: 0, -2, 711, -37
LW: 0, 0, 708, 348
RW: 0, -2, 711, -37
LW: 0, 0, 708, 348
RW: 0, -2, 711, -37
LW: 0, 0, 709, 348
RW: 0, -2, 711, -37
LW: 0, 0, 709, 348
RW: 0, -2, 711, -37
LW: 0, 0, 709, 348
RW: 0, -2, 711, -37
LW: 0, -11, 709, 321
RW: 0, -2, 711, -37
LW: 0, -11, 709, 321
RW: 0, -2, 711, -37
LW: 0, -11, 709, 321
RW: 0, -2, 711, -37
LW: 0, -11, 709, 321
RW: 0, -2, 711, -37
LW: 0, -11, 709, 321
RW: 0, -2, 711, -37
LW: 0, -11, 709, 321
RW: 0, -2, 711, -37
LW: 0, -11, 709, 321
RW: 0, -2, 711, -37
LW: 0, -11, 709, 321
RW: 0, -2, 711, -37
LW: 0, -11, 709, 321
RW: 0, -2, 711, -37
LW: 0, -11, 709, 321
RW: 0, -2, 711, -37
LW: 0, -11, 709, 321
RW: 0, -2, 711, -28
LW: 0, 2, 709, 265
RW: 0, -2, 711, -28
LW: 0, 2, 709, 265
RW: 0, -2, 711, -28
LW: 0, 2, 709, 265
RW: 0, -2, 711, -28
LW: 0, 2, 709, 265
RW: 0, -2, 711, -28
LW: 0, 2, 710, 265
RW: 0, -2, 711, -28
LW: 0, 2, 710, 265
RW: 0, -2, 711, -28
LW: 0, 2, 710, 265
RW: 0, -2, 711, -28
LW: 0, 2, 710, 265
RW: 0, -2, 711, -28
LW: 0, 2, 710, 265
RW: 0, -2, 711, -28
LW: 0, 2, 710, 265
RW: 0, -2, 711, -28
LW: 0, 2, 710, 265
RW: 0, -2, 711, -18
LW: 0, -7, 710, 227
RW: 0, -2, 711, -18
LW: 0, -7, 710, 227
RW: 0, -2, 711, -18
LW: 0, -7, 710, 227
RW: 0, -2, 711, -18
LW: 0, -7, 710, 227
RW: 0, -2, 711, -18
LW: 0, -7, 710, 227
RW: 0, -2, 711, -18
LW: 0, -7, 710, 227
RW: 0, -2, 711, -18
LW: 0, -7, 710, 227
RW: 0, -2, 711, -18
LW: 0, -7, 710, 227
RW: 0, -2, 711, -18
LW: 0, -7, 710, 227
RW: 0, -2, 711, -18
LW: 0, -7, 710, 227
RW: 0, -2, 711, -18
LW: 0, 0, 710, 179
RW: 0, -2, 711, -18
LW: 0, 0, 710, 179
RW: 0, -2, 711, -18
LW: 0, 0, 710, 179
RW: 0, -2, 711, -18
LW: 0, 0, 710, 179
RW: 0, -2, 711, -18
LW: 0, 0, 710, 179
RW: 0, -2, 711, -18
LW: 0, 0, 710, 179
RW: 0, -2, 711, -18
LW: 0, 0, 710, 179
RW: 0, -2, 711, -18
LW: 0, 0, 710, 179
RW: 0, -2, 711, -18
LW: 0, 0, 710, 179
RW: 0, -2, 711, -18
LW: 0, 0, 710, 179
RW: 0, -2, 711, -18
LW: 0, 0, 710, 179
RW: 0, -2, 711, -9
LW: 0, 0, 710, 141
RW: 0, -2, 711, -9
LW: 0, 0, 710, 141
RW: 0, -2, 711, -9
LW: 0, 0, 710, 141
RW: 0, -2, 711, -9
LW: 0, 0, 710, 141
RW: 0, -2, 711, -9
LW: 0, 0, 710, 141
RW: 0, -2, 711, -9
LW: 0, 0, 710, 141
RW: 0, -2, 711, -9
LW: 0, 0, 710, 141
RW: 0, -2, 711, -9
LW: 0, 0, 710, 141
RW: 0, -2, 711, -9
LW: 0, 0, 710, 141
RW: 0, -2, 711, -9
LW: 0, 0, 710, 141
RW: 0, -2, 711, -9
LW: 0, 0, 710, 141
RW: 0, -2, 711, 0
LW: 0, 0, 710, 104
RW: 0, -2, 711, 0
LW: 0, 0, 710, 104
RW: 0, -2, 711, 0
LW: 0, 0, 710, 104
RW: 0, -2, 711, 0
LW: 0, 0, 710, 104
RW: 0, -2, 711, 0
LW: 0, 0, 710, 104
RW: 0, -2, 711, 0
LW: 0, 0, 710, 104
RW: 0, -2, 711, 0
LW: 0, 0, 710, 104
RW: 0, -2, 711, 0
LW: 0, 0, 710, 104
RW: 0, -2, 711, 0
LW: 0, 0, 710, 104
RW: 0, -2, 711, 0
LW: 0, 0, 710, 104
RW: 0, -2, 711, 0
LW: 0, 0, 710, 104
RW: 0, -2, 711, 0
LW: 0, 0, 710, 75
RW: 0, -2, 711, 0
LW: 0, 0, 709, 75
RW: 0, -2, 711, 0
LW: 0, 0, 709, 75
RW: 0, -2, 711, 0
LW: 0, 0, 709, 75
RW: 0, -2, 711, 0
LW: 0, 0, 709, 75
RW: 0, -2, 711, 0
LW: 0, 0, 709, 75
RW: 0, -2, 711, 0
LW: 0, 0, 709, 75
RW: 0, -2, 711, 0
LW: 0, 0, 709, 75
RW: 0, -2, 711, 0
LW: 0, 0, 709, 75
RW: 0, -2, 711, 0
LW: 0, 0, 709, 75
RW: 0, -2, 711, 0
LW: 0, 0, 709, 75
RW: 0, -2, 711, 0
LW: 0, 9, 709, 47
RW: 0, -2, 711, 0
LW: 0, 9, 709, 47
RW: 0, -2, 711, 0
LW: 0, 9, 709, 47
RW: 0, -2, 711, 0
LW: 0, 9, 709, 47
RW: 0, -2, 711, 0
LW: 0, 9, 709, 47
RW: 0, -2, 711, 0
LW: 0, 9, 709, 47
RW: 0, -2, 711, 0
LW: 0, 9, 709, 47
RW: 0, -2, 711, 0
LW: 0, 9, 709, 47
RW: 0, -2, 711, 0
LW: 0, 9, 709, 47
RW: 0, -2, 711, 0
LW: 0, 9, 709, 47
RW: 0, -2, 711, 0
LW: 0, 9, 709, 47
RW: 0, -2, 711, 0
LW: 0, 2, 709, 28
RW: 0, -2, 711, 0
LW: 0, 2, 709, 28
RW: 0, -2, 711, 0
LW: 0, 2, 709, 28
RW: 0, -2, 711, 0
LW: 0, 2, 709, 28
RW: 0, -2, 711, 0
LW: 0, 2, 709, 28
RW: 0, -2, 711, 0
LW: 0, 2, 709, 28
RW: 0, -2, 711, 0
LW: 0, 2, 709, 28
RW: 0, -2, 711, 0
LW: 0, 2, 709, 28
RW: 0, -2, 711, 0
LW: 0, 2, 709, 28
RW: 0, -2, 711, 0
LW: 0, 2, 709, 28
RW: 0, -2, 711, 0
LW: 0, 2, 709, 28
RW: 0, -2, 711, 0
LW: 0, 2, 709, 19
RW: 0, -2, 711, 0
LW: 0, 2, 709, 19
RW: 0, -2, 711, 0
LW: 0, 2, 709, 19
RW: 0, -2, 711, 0
LW: 0, 2, 709, 19
RW: 0, -2, 711, 0
LW: 0, 2, 709, 19
RW: 0, -2, 711, 0
LW: 0, 2, 709, 19
RW: 0, -2, 711, 0
LW: 0, 2, 709, 19
RW: 0, -2, 711, 0
LW: 0, 2, 709, 19
RW: 0, -2, 711, 0
LW: 0, 2, 709, 19
RW: 0, -2, 711, 0
LW: 0, 2, 709, 19
RW: 0, -2, 711, 0
LW: 0, 2, 709, 19
RW: 0, -2, 711, 0
LW: 0, 2, 709, 0
RW: 0, -2, 711, 0
LW: 0, 2, 709, 0
RW: 0, -2, 711, 0
LW: 0, 2, 709, 0
RW: 0, -2, 711, 0
LW: 0, 2, 709, 0
RW: 0, -2, 711, 0
LW: 0, 2, 709, 0
RW: 0, -2, 711, 0
LW: 0, 2, 709, 0
RW: 0, -2, 711, 0
LW: 0, 2, 709, 0
RW: 0, -2, 711, 0
LW: 0, 2, 709, 0
RW: 0, -2, 711, 0
LW: 0, 2, 709, 0
RW: 0, -2, 711, 0
LW: 0, 2, 709, 0
RW: 0, -2, 711, 0
LW: 0, 2, 709, 0
RW: 0, -2, 711, 0
LW: 0, 2, 709, 0
RW: 0, -2, 711, 0
LW: 0, 2, 709, 0
RW: 0, -2, 711, 0
LW: 0, 2, 709, 0
RW: 0, -2, 711, 0
LW: 0, 2, 709, 0
RW: 0, -2, 711, 0
LW: 0, 2, 709, 0
RW: 0, -2, 711, 0
LW: 0, 2, 709, 0
RW: 0, -2, 711, 0
LW: 0, 2, 709, 0
RW: 0, -2, 711, 0
LW: 0, 2, 709, 0
RW: 0, -2, 711, 0
LW: 0, 2, 709, 0
RW: 0, -2, 711, 0
LW: 0, 2, 709, 0
RW: 0, -2, 711, 0
LW: 0, 2, 709, 0
RW: 0, -2, 711, 0
LW: 0, 2, 709, -9
RW: 0, -2, 711, 0
LW: 0, 2, 709, -9
RW: 0, -2, 711, 0
LW: 0, 2, 709, -9
RW: 0, -2, 711, 0
LW: 0, 2, 709, -9
RW: 0, -2, 711, 0
LW: 0, 2, 709, -9
RW: 0, -2, 711, 0
LW: 0, 2, 709, -9
RW: 0, -2, 711, 0
LW: 0, 2, 709, -9
RW: 0, -2, 711, 0
LW: 0, 2, 709, -9
RW: 0, -2, 711, 0
LW: 0, 2, 709, -9
RW: 0, -2, 711, 0
LW: 0, 2, 709, -9
RW: 0, -2, 711, 0
LW: 0, 2, 709, -9
RW: 0, -2, 711, 0
LW: 0, 2, 709, -9
RW: 0, -2, 711, 0
LW: 0, 2, 709, -9
RW: 0, -2, 711, 0
LW: 0, 2, 709, -9
RW: 0, -2, 711, 0
LW: 0, 2, 709, -9
RW: 0, -2, 711, 0
LW: 0, 2, 709, -9
RW: 0, -2, 711, 0
LW: 0, 2, 709, -9
RW: 0, -2, 711, 0
LW: 0, 2, 709, -9
RW: 0, -2, 711, 0
LW: 0, 2, 709, -9
RW: 0, -2, 711, 0
LW: 0, 2, 709, -9
RW: 0, -2, 711, 0
LW: 0, 2, 709, -9
RW: 0, -2, 711, 0
LW: 0, 2, 709, -9
RW: 0, -2, 711, 0
LW: 0, 2, 709, -9
RW: 0, -2, 711, 0
LW: 0, 2, 709, -9
RW: 0, -2, 711, 0
LW: 0, 2, 709, -9
RW: 0, -2, 711, 0
LW: 0, 2, 709, -9
RW: 0, -2, 711, 0
LW: 0, 2, 709, -9
RW: 0, -2, 711, 0
LW: 0, 2, 709, -9
RW: 0, -2, 711, 0
LW: 0, 2, 709, -9
RW: 0, -2, 711, 0
LW: 0, 2, 709, -9
RW: 0, -2, 711, 0
LW: 0, 2, 709, -9
RW: 0, -2, 711, 0
LW: 0, 2, 709, -9
RW: 0, -2, 711, 0
LW: 0, 2, 709, -9
RW: 0, -2, 711, 0
LW: 0, 2, 709, -9
RW: 0, -2, 711, 0
LW: 0, 2, 709, -9
RW: 0, -2, 711, 0
LW: 0, 2, 709, -9
RW: 0, -2, 711, 0
LW: 0, 2, 709, -9
RW: 0, -2, 711, 0
LW: 0, 2, 709, -9
RW: 0, -2, 711, 0
LW: 0, 2, 709, -9
RW: 0, -2, 711, 0
LW: 0, 2, 709, -9
RW: 0, -2, 711, 0
LW: 0, 2, 709, -9
RW: 0, -2, 711, 0
LW: 0, 2, 709, -9
RW: 0, -2, 711, 0
LW: 0, 2, 709, -9
RW: 0, -2, 711, 0
LW: 0, 2, 709, -9
RW: 0, -2, 711, 0
LW: 0, 2, 709, -9
RW: 0, -2, 711, 0
LW: 0, 2, 709, -9
RW: 0, -2, 711, 0
LW: 0, 2, 709, -9
RW: 0, -2, 711, 0
LW: 0, 2, 709, -9
RW: 0, -2, 711, 0
LW: 0, 2, 709, -9
RW: 0, -2, 711, 0
LW: 0, 2, 709, -9
RW: 0, -2, 711, 0
LW: 0, 2, 709, -9
RW: 0, -2, 711, 0
LW: 0, 2, 709, -9
RW: 0, -2, 711, 0
LW: 0, 2, 709, -9
RW: 0, -2, 711, 0
LW: 0, 2, 709, 0
RW: 0, -2, 711, 0
LW: 0, 2, 709, 0
RW: 0, -2, 711, 0
LW: 0, 2, 709, 0
RW: 0, -2, 711, 0
LW: 0, 2, 709, 0
RW: 0, -2, 711, 0
LW: 0, 2, 709, 0
RW: 0, -2, 711, 0
LW: 0, 2, 709, 0
RW: 0, -2, 711, 0
LW: 0, 2, 709, 0
RW: 0, -2, 711, 0
LW: 0, 2, 709, 0
RW: 0, -2, 711, 0
LW: 0, 2, 709, 0
RW: 0, -2, 711, 0
LW: 0, 2, 709, 0
RW: 0, -2, 711, 0
LW: 0, 2, 709, 0
RW: 0, -2, 711, 0
LW: 0, 2, 709, 0
RW: 0, -2, 711, 0
LW: 0, 2, 709, 0
RW: 0, -2, 711, 0
LW: 0, 2, 709, 0
RW: 0, -2, 711, 0
LW: 0, 2, 709, 0
RW: 0, -2, 711, 0
LW: 0, 2, 709, 0
RW: 0, -2, 711, 0
LW: 0, 2, 709, 0
RW: 0, -2, 711, 0
LW: 0, 2, 709, 0
RW: 0, -2, 711, 0
LW: 0, 2, 709, 0
RW: 0, -2, 711, 0
LW: 0, 2, 709, 0
RW: 0, -2, 711, 0
LW: 0, 2, 709, 0
RW: 0, -2, 711, 0
LW: 0, 2, 709, 0
RW: 0, -2, 711, 0
LW: 0, 2, 709, 0
RW: 0, -2, 711, 0
LW: 0, 2, 709, 0
RW: 0, -2, 711, 0
LW: 0, 2, 709, 0
RW: 0, -2, 711, 0
LW: 0, 2, 709, 0
RW: 0, -2, 711, 0
LW: 0, 2, 709, 0
RW: 0, -2, 711, 0
LW: 0, 2, 709, 0
RW: 0, -2, 711, 0
LW: 0, 2, 709, 0
RW: 0, -2, 711, 0
LW: 0, 2, 709, 0
RW: 0, -2, 711, 0
LW: 0, 2, 709, 0
RW: 0, -2, 711, 0
LW: 0, 2, 709, 0
RW: 0, -2, 711, 0
LW: 0, 2, 709, 0
RW: 0, -2, 711, 0
LW: 0, 2, 709, 0
RW: 0, -2, 711, 0
LW: 0, 2, 709, 0
RW: 0, -2, 711, 0
LW: 0, 2, 709, 0
RW: 0, -2, 711, 0
LW: 0, 2, 709, 0
RW: 0, -2, 711, 0
LW: 0, 2, 709, 0
RW: 0, -2, 711, 0
LW: 0, 2, 709, 0
RW: 0, -2, 711, 0
LW: 0, 2, 709, 0
RW: 0, -2, 711, 0
LW: 0, 2, 709, 0
RW: 0, -2, 711, 0
LW: 0, 2, 709, 0
RW: 0, -2, 711, 0
LW: 0, 2, 709, 0
RW: 0, -2, 711, 0
LW: 0, 2, 709, 0
RW: 0, -2, 711, 0
LW: 0, 2, 709, 0
RW: 0, -2, 711, 0
LW: 0, 2, 709, 0
RW: 0, -2, 711, 0
LW: 0, 2, 709, 0
RW: 0, -2, 711, 0
LW: 0, 2, 709, 0
RW: 0, -2, 711, 0
LW: 0, 2, 709, 0
RW: 0, -2, 711, 0
LW: 0, 2, 709, 0
RW: 0, -2, 711, 0
LW: 0, 2, 709, 0
RW: 0, -2, 711, 0
LW: 0, 2, 709, 0
RW: 0, -2, 711, 0
LW: 0, 2, 709, 0
RW: 0, -2, 711, 0
LW: 0, 2, 709, 0
RW: 0, -2, 711, 0
LW: 0, 2, 709, 0
RW: 0, -2, 711, 0
LW: 0, 2, 709, 0
RW: 0, -2, 711, 0
LW: 0, 2, 709, 0
RW: 0, -2, 711, 0
LW: 0, 2, 709, 0
RW: 0, -2, 711, 0
LW: 0, 2, 709, 0
RW: 0, -2, 711, 0
LW: 0, 2, 709, 0
RW: 0, -2, 711, 0
LW: 0, 2, 709, 0
RW: 0, -2, 711, 0
LW: 0, 2, 709, 0
RW: 0, -2, 711, 0
LW: 0, 2, 709, 0
RW: 0, -2, 711, 0
LW: 0, 2, 709, 0
RW: 0, -2, 711, 0
LW: 0, 2, 709, 0
RW: 0, -2, 711, 0
LW: 0, 2, 709, 0
RW: 0, -2, 711, 0
LW: 0, 2, 709, 0
RW: 0, -2, 711, 0
LW: 0, 2, 709, 0
RW: 0, -2, 711, 0
LW: 0, 2, 709, 0
RW: 0, -2, 711, 0
LW: 0, 2, 709, 0
RW: 0, -2, 711, 0
LW: 0, 2, 709, 0
RW: 0, -2, 711, 0
LW: 0, 2, 709, 0
RW: 0, -2, 711, 0
LW: 0, 2, 709, 0
RW: 0, -2, 711, 0
LW: 0, 2, 709, 0
RW: 0, -2, 711, 0
LW: 0, 2, 709, 0
RW: 0, -2, 711, 0
LW: 0, 2, 709, 0
RW: 0, -2, 711, 0
LW: 0, 2, 709, 0
RW: 0, -2, 711, 0
LW: 0, 2, 709, 0
RW: 0, -2, 711, 0
LW: 0, 2, 709, 0
RW: 0, -2, 711, 0
LW: 0, 2, 709, 0
RW: 0, -2, 711, 0
LW: 0, 2, 709, 0
RW: 0, -2, 711, 0
LW: 0, 2, 709, 0
RW: 0, -2, 711, 0
LW: 0, 2, 709, 0
RW: 0, -2, 711, 0
LW: 0, 2, 709, 0
RW: 0, -2, 711, 0
LW: 0, 2, 709, 0
RW: 0, -2, 711, 0
LW: 0, 2, 709, 0
RW: 0, -2, 711, 0
LW: 0, 2, 709, 0
RW: 0, -2, 711, 0
LW: 0, 2, 709, 0
RW: 0, -2, 711, 0
LW: 0, 2, 709, 0
RW: 0, -2, 711, 0
LW: 0, 2, 709, 0
RW: 0, -2, 711, 0
LW: 0, 2, 709, 0
RW: 0, -2, 711, 0
LW: 0, 2, 709, 0
RW: 0, -2, 711, 0
LW: 0, 2, 709, 0
RW: 0, -2, 711, 0
LW: 0, 2, 709, 0
RW: 0, -2, 711, 0
LW: 0, 2, 709, 0
RW: 0, -2, 711, 0
LW: 0, 2, 709, 0
RW: 0, -2, 711, 0
LW: 0, 2, 709, 0
RW: 0, -2, 711, 0
LW: 0, 2, 709, 0
RW: 0, -2, 711, 0
LW: 0, 2, 709, 0
RW: 0, -2, 711, 0
LW: 0, 2, 709, 0
RW: 0, -2, 711, 0
LW: 0, 2, 709, 0
RW: 0, -2, 711, 0
LW: 0, 2, 709, 0
RW: 0, -2, 711, 0
LW: 0, 2, 709, 0
RW: 0, -2, 711, 0
LW: 0, 2, 709, 0
RW: 0, -2, 711, 0
LW: 0, 2, 709, 0
RW: 0, -2, 711, 0
LW: 0, 2, 709, 0
RW: 0, -2, 711, 0
LW: 0, 2, 709, 0
RW: 0, -2, 711, 0
LW: 0, 2, 709, 0
RW: 0, -2, 711, 0
LW: 0, 2, 709, 0
RW: 0, -2, 711, 0
LW: 0, 2, 709, 0
RW: 0, -2, 711, 0
LW: 0, 2, 709, 0
RW: 0, -2, 711, 0
LW: 0, 2, 709, 0
RW: 0, -2, 711, 0
LW: 0, 2, 709, 0
RW: 0, -2, 711, 0
LW: 0, 2, 709, 0
RW: 0, -2, 711, 0
LW: 0, 2, 709, 0
RW: 0, -2, 711, 0
LW: 0, 2, 709, 0
RW: 0, -2, 711, 0
LW: 0, 2, 709, 0
RW: 0, -2, 711, 0
LW: 0, 2, 709, 0
RW: 0, -2, 711, 0
LW: 0, 2, 709, 0
RW: 0, -2, 711, 0
LW: 0, 2, 709, 0
RW: 0, -2, 711, 0
LW: 0, 2, 709, 0
RW: 0, -2, 711, 0
LW: 0, 2, 709, 0
RW: 0, -2, 711, 0
LW: 0, 2, 709, 0
RW: 0, -2, 711, 0
LW: 0, 2, 709, 0
RW: 0, -2, 711, 0
LW: 0, 2, 709, 0
RW: 0, -2, 711, 0
LW: 0, 2, 709, 0
RW: 0, -2, 711, 0
LW: 0, 2, 709, 0
RW: 0, -2, 711, 0
LW: 0, 2, 709, 0
RW: 0, -2, 711, 0
LW: 0, 2, 709, 0
RW: 0, -2, 711, 0
LW: 0, 2, 709, 0
RW: 0, -2, 711, 0
LW: 0, 2, 709, 0
RW: 0, -2, 711, 0
LW: 0, 2, 709, 0
RW: 0, -2, 711, 0
LW: 0, 2, 709, 0
RW: 0, -2, 711, 0
LW: 0, 2, 709, 0
RW: 0, -2, 711, 0
LW: 0, 2, 709, 0
RW: 0, -2, 711, 0
LW: 0, 2, 709, 0
RW: 0, -2, 711, 0
LW: 0, 2, 709, 0
RW: 0, -2, 711, 0
LW: 0, 2, 709, 0
RW: 0, -2, 711, 0
LW: 0, 2, 709, 0
RW: 0, -2, 711, 0
LW: 0, 2, 709, 0
RW: 0, -2, 711, 0
LW: 0, 2, 709, 0
RW: 0, -2, 711, 0
LW: 0, 2, 709, 0
RW: 0, -2, 711, 0
LW: 0, 2, 709, 0
RW: 0, -2, 711, 0
LW: 0, 2, 709, 0
RW: 0, -2, 711, 0
LW: 0, 2, 709, 0
RW: 0, -2, 711, 0
LW: 0, 2, 709, 0
RW: 0, -2, 711, 0
LW: 0, 2, 709, 0
RW: 0, -2, 711, 0
LW: 0, 2, 709, 0
RW: 0, -2, 711, 0
LW: 0, 2, 709, 0
RW: 0, -2, 711, 0
LW: 0, 2, 709, 0
RW: 0, -2, 711, 0
LW: 0, 2, 709, 0
RW: 0, -2, 711, 0
LW: 0, 2, 709, 0
RW: 0, -2, 711, 0
LW: 0, 2, 709, 0
RW: 0, -2, 711, 0
LW: 0, 2, 709, 0
RW: 0, -2, 711, 0
LW: 0, 2, 709, 0
RW: 0, -2, 711, 0
LW: 0, 2, 709, 0
RW: 0, -2, 711, 0
LW: 0, 2, 709, 0
RW: 0, -2, 711, 0
LW: 0, 2, 709, 0
RW: 0, -2, 711, 0
LW: 0, 2, 709, 0
RW: 0, -2, 711, 0
LW: 0, 2, 709, 0
RW: 0, -2, 711, 0
LW: 0, 2, 709, 0
RW: 0, -2, 711, 0
LW: 0, 2, 709, 0
RW: 0, -2, 711, 0
LW: 0, 2, 709, 0
RW: 0, -2, 711, 0
LW: 0, 2, 709, 0
RW: 0, -2, 711, 0
LW: 0, 2, 709, 0
RW: 0, -2, 711, 0
LW: 0, 2, 709, 0
RW: 0, -2, 711, 0
LW: 0, 2, 709, 0
RW: 0, -2, 711, 0
LW: 0, 2, 709, 0
RW: 0, -2, 711, 0
LW: 0, 2, 709, 0
RW: 0, -2, 711, 0
LW: 0, 2, 709, 0
RW: 0, -2, 711, 0
LW: 0, 2, 709, 0
RW: 0, -2, 711, 0
LW: 0, 2, 709, 0
RW: 0, -2, 711, 0
LW: 0, 2, 709, 0
RW: 0, -2, 711, 0
LW: 0, 2, 709, 0
RW: 0, -2, 711, 0
LW: 0, 2, 709, 0
RW: 0, -2, 711, 0
LW: 0, 2, 709, 0
RW: 0, -2, 711, 0
LW: 0, 2, 709, 0
RW: 0, -2, 711, 0
LW: 0, 2, 709, 0
RW: 0, -2, 711, 0
LW: 0, 2, 709, 0
RW: 0, -2, 711, 0
LW: 0, 2, 709, 0
RW: 0, -2, 711, 0
LW: 0, 2, 709, 0
RW: 0, -2, 711, 0
LW: 0, 2, 709, 0
RW: 0, -2, 711, 0
LW: 0, 2, 709, 0
RW: 0, -2, 711, 0
LW: 0, 2, 709, 0
RW: 0, -2, 711, 0
LW: 0, 2, 709, 0
RW: 0, -2, 711, 0
LW: 0, 2, 709, 0
RW: 0, -2, 711, 0
LW: 0, 2, 709, 0
RW: 0, -2, 711, 0
LW: 0, 2, 709, 0
RW: 0, -2, 711, 0
LW: 0, 2, 709, 0
RW: 0, -2, 711, 0
LW: 0, 2, 709, 0
RW: 0, -2, 711, 0
LW: 0, 2, 709, 0
RW: 0, -2, 711, 0
LW: 0, 2, 709, 0
RW: 0, -2, 711, 0
LW: 0, 2, 709, 0
RW: 0, -2, 711, 0
LW: 0, 2, 709, 0
RW: 0, -2, 711, 0
LW: 0, 2, 709, 0
RW: 0, -2, 711, 0
LW: 0, 2, 709, 0
RW: 0, -2, 711, 0
LW: 0, 2, 709, 0
RW: 0, -2, 711, 0
LW: 0, 2, 709, 0
RW: 0, -2, 711, 0
LW: 0, 2, 709, 0
RW: 0, -2, 711, 0
LW: 0, 2, 709, 0
RW: 0, -2, 711, 0
LW: 0, 2, 709, 0
RW: 0, -2, 711, 0
LW: 0, 2, 709, 0
RW: 0, -2, 711, 0
LW: 0, 2, 709, 0
RW: 0, -2, 711, 0
LW: 0, 2, 709, 0
RW: 0, -2, 711, 0
LW: 0, 2, 709, 0
RW: 0, -2, 711, 0
LW: 0, 2, 709, 0
RW: 0, -2, 711, 0
LW: 0, 2, 709, 0
RW: 0, -2, 711, 0
LW: 0, 2, 709, 0
RW: 0, -2, 711, 0
LW: 0, 2, 709, 0
RW: 0, -2, 711, 0
LW: 0, 2, 709, 0
RW: 0, -2, 711, 0
LW: 0, 2, 709, 0
RW: 0, -2, 711, 0
LW: 0, 2, 709, 0
RW: 0, -2, 711, 0
LW: 0, 2, 709, 0
RW: 0, -2, 711, 0
LW: 0, 2, 709, 0
RW: 0, -2, 711, 0
LW: 0, 2, 709, 0
RW: 0, -2, 711, 0
LW: 0, 2, 709, 0
RW: 0, -2, 711, 0
LW: 0, 2, 709, 0
RW: 0, -2, 711, 0
LW: 0, 2, 709, 0
RW: 0, -2, 711, 0
LW: 0, 2, 709, 0
RW: 0, -2, 711, 0
LW: 0, 2, 709, 0
RW: 0, -2, 711, 0
LW: 0, 2, 709, 0
RW: 0, -2, 711, 0
LW: 0, 2, 709, 0
RW: 0, -2, 711, 0
LW: 0, 2, 709, 0
RW: 0, -2, 711, 0
LW: 0, 2, 709, 0
RW: 0, -2, 711, 0
LW: 0, 2, 709, 0
RW: 0, -2, 711, 0
LW: 0, 2, 709, 0
RW: 0, -2, 711, 0
LW: 0, 2, 709, 0
RW: 0, -2, 711, 0
LW: 0, 2, 709, 0
RW: 0, -2, 711, 0
LW: 0, 2, 709, 0
RW: 0, -2, 711, 0
LW: 0, 2, 709, 0
RW: 0, -2, 711, 0
LW: 0, 2, 709, 0
RW: 0, -2, 711, 0
LW: 0, 2, 709, 0
RW: 0, -2, 711, 0
LW: 0, 2, 709, 0
RW: 0, -2, 711, 0
LW: 0, 2, 709, 0
RW: 0, -2, 711, 0
LW: 0, 2, 709, 0
RW: 0, -2, 711, 0
LW: 0, 2, 709, 0
RW: 0, -2, 711, 0
LW: 0, 2, 709, 0
RW: 0, -2, 711, 0
LW: 0, 2, 709, 0
RW: 0, -2, 711, 0
LW: 0, 2, 709, 0
RW: 0, -2, 711, 0
LW: 0, 2, 709, 0
RW: 0, -2, 711, 0
LW: 0, 2, 709, 0
RW: 0, -2, 711, 0
LW: 0, 2, 709, 0
RW: 0, -2, 711, 0
LW: 0, 2, 709, 0
RW: 0, -2, 711, 0
LW: 0, 2, 709, 0
RW: 0, -2, 711, 0
LW: 0, 2, 709, 0
RW: 0, -2, 711, 0
LW: 0, 2, 709, 0
RW: 0, -2, 711, 0
LW: 0, 2, 709, 0
RW: 0, -2, 711, 0
LW: 0, 2, 709, 0
RW: 0, -2, 711, 0
LW: 0, 2, 709, 0
RW: 0, -2, 711, 0
LW: 0, 2, 709, 0
RW: 0, -2, 711, 0
LW: 0, 2, 709, 0
RW: 0, -2, 711, 0
LW: 0, 2, 709, 0
RW: 0, -2, 711, 0
LW: 0, 2, 709, 0
RW: 0, -2, 711, 0
LW: 0, 2, 709, 0
RW: 0, -2, 711, 0
LW: 0, 2, 709, 0
RW: 0, -2, 711, 0
LW: 0, 2, 709, 0
RW: 0, -2, 711, 0
LW: 0, 2, 709, 0
RW: 0, -2, 711, 0
LW: 0, 2, 709, 0
RW: 0, -2, 711, 0
LW: 0, 2, 709, 0
RW: 0, -2, 711, 0
LW: 0, 2, 709, 0
RW: 0, -2, 711, 0
LW: 0, 2, 709, 0
RW: 0, -2, 711, 0
LW: 0, 2, 709, 0
RW: 0, -2, 711, 0
LW: 0, 2, 709, 0
RW: 0, -2, 711, 0
LW: 0, 2, 709, 0
RW: 0, -2, 711, 0
LW: 0, 2, 709, 0
RW: 0, -2, 711, 0
LW: 0, 2, 709, 0
RW: 0, -2, 711, 0
LW: 0, 2, 709, 0
RW: 0, -2, 711, 0
LW: 0, 2, 709, 0
RW: 0, -2, 711, 0
LW: 0, 2, 709, 0
RW: 0, -2, 711, 0
LW: 0, 2, 709, 0
RW: 0, -2, 711, 0
LW: 0, 2, 709, 0
RW: 0, -2, 711, 0
LW: 0, 2, 709, 0
RW: 0, -2, 711, 0
LW: 0, 2, 709, 0
RW: 0, -2, 711, 0
LW: 0, 2, 709, 0
RW: 0, -2, 711, 0
LW: 0, 2, 709, 0
RW: 0, -2, 711, 0
LW: 0, 2, 709, 0
RW: 0, -2, 711, 0
LW: 0, 2, 709, 0
RW: 0, -2, 711, 0
LW: 0, 2, 709, 0
RW: 0, -2, 711, 0
LW: 0, 2, 709, 0
RW: 0, -2, 711, 0
LW: 0, 2, 709, 0
RW: 0, -2, 711, 0
LW: 0, 2, 709, 0
RW: 0, -2, 711, 0
LW: 0, 2, 709, 0
RW: 0, -2, 711, 0
LW: 0, 2, 709, 0
RW: 0, -2, 711, 0
LW: 0, 2, 709, 0
RW: 0, -2, 711, 0
LW: 0, 2, 709, 0
RW: 0, -2, 711, 0
LW: 0, 2, 709, 0
RW: 0, -2, 711, 0
LW: 0, 2, 709, 0
RW: 0, -2, 711, 0
LW: 0, 2, 709, 0
RW: 0, -2, 711, 0
LW: 0, 2, 709, 0
RW: 0, -2, 711, 0
LW: 0, 2, 709, 0
RW: 0, -2, 711, 0
LW: 0, 2, 709, 0
RW: 0, -2, 711, 0
LW: 0, 2, 709, 0
RW: 0, -2, 711, 0
LW: 0, 2, 709, 0
RW: 0, -2, 711, 0
LW: 0, 2, 709, 0
RW: 0, -2, 711, 0
LW: 0, 2, 709, 0
RW: 0, -2, 711, 0
LW: 0, 2, 709, 0
RW: 0, -2, 711, 0
LW: 0, 2, 709, 0
RW: 0, -2, 711, 0
LW: 0, 2, 709, 0
RW: 0, -2, 711, 0
LW: 0, 2, 709, 0
RW: 0, -2, 711, 0
LW: 0, 2, 709, 0
RW: 0, -2, 711, 0
LW: 0, 2, 709, 0
RW: 0, -2, 711, 0
LW: 0, 2, 709, 0
RW: 0, -2, 711, 0
LW: 0, 2, 709, 0
RW: 0, -2, 711, 0
LW: 0, 2, 709, 0
RW: 0, -2, 711, 0
LW: 0, 2, 709, 0
RW: 0, -2, 711, 0
LW: 0, 2, 709, 0
RW: 0, -2, 711, 0
LW: 0, 2, 709, 0
RW: 0, -2, 711, 0
LW: 0, 2, 709, 0
RW: 0, -2, 711, 0
LW: 0, 2, 709, 0
RW: 0, -2, 711, 0
LW: 0, 2, 709, 0
RW: 0, -2, 711, 0
LW: 0, 2, 709, 0
RW: 0, -2, 711, 0
LW: 0, 2, 709, 0
RW: 0, -2, 711, 0
LW: 0, 2, 709, 0
RW: 0, -2, 711, 0
LW: 0, 2, 709, 0
RW: 0, -2, 711, 0
LW: 0, 2, 709, 0
RW: 0, -2, 711, 0
LW: 0, 2, 709, 0
RW: 0, -2, 711, 0
LW: 0, 2, 709, 0
RW: 0, -2, 711, 0
LW: 0, 2, 709, 0
RW: 0, -2, 711, 0
LW: 0, 2, 709, 0
RW: 0, -2, 711, 0
LW: 0, 2, 709, 0
RW: 0, -2, 711, 0
LW: 0, 2, 709, 0
RW: 0, -2, 711, 0
LW: 0, 2, 709, 0
RW: 0, -2, 711, 0
LW: 0, 2, 709, 0
RW: 0, -2, 711, 0
LW: 0, 2, 709, 0
RW: 0, -2, 711, 0
LW: 0, 2, 709, 0
RW: 0, -2, 711, 0
LW: 0, 2, 709, 0
RW: 0, -2, 711, 0
LW: 0, 2, 709, 0
RW: 0, -2, 711, 0
LW: 0, 2, 709, 0
RW: 0, -2, 711, 0
LW: 0, 2, 709, 0
RW: 0, -2, 711, 0
LW: 0, 2, 709, 0
RW: 0, -2, 711, 0
LW: 0, 2, 709, 0
RW: 0, -2, 711, 0
LW: 0, 2, 709, 0
RW: 0, -2, 711, 0
LW: 0, 2, 709, 0
RW: 0, -2, 711, 0
LW: 0, 2, 709, 0
RW: 0, -2, 711, 0
LW: 0, 2, 709, 0
RW: 0, -2, 711, 0
LW: 0, 2, 709, 0
RW: 0, -2, 711, 0
LW: 0, 2, 709, 0
RW: 0, -2, 711, 0
LW: 0, 2, 709, 0
RW: 0, -2, 711, 0
LW: 0, 2, 709, 0
RW: 0, -2, 711, 0
LW: 0, 2, 709, 0
RW: 0, -2, 711, 0
LW: 0, 2, 709, 0
RW: 0, -2, 711, 0
LW: 0, 2, 709, 0
RW: 0, -2, 711, 0
LW: 0, 2, 709, 0
RW: 0, -2, 711, 0
LW: 0, 2, 709, 0
RW: 0, -2, 711, 0
LW: 0, 2, 709, 0
RW: 0, -2, 711, 0
LW: 0, 2, 709, 0
RW: 0, -2, 711, 0
LW: 0, 2, 709, 0
RW: 0, -2, 711, 0
LW: 0, 2, 709, 0
RW: 0, -2, 711, 0
LW: 0, 2, 709, 0
RW: 0, -2, 711, 0
LW: 0, 2, 709, 0
RW: 0, -2, 711, 0
LW: 0, 2, 709, 0
RW: 0, -2, 711, 0
LW: 0, 2, 709, 0
RW: 0, -2, 711, 0
LW: 0, 2, 709, 0
RW: 0, -2, 711, 0
LW: 0, 2, 709, 0
RW: 0, -2, 711, 0
LW: 0, 2, 709, 0
RW: 0, -2, 711, 0
LW: 0, 2, 709, 0
RW: 0, -2, 711, 0
LW: 0, 2, 709, 0
RW: 0, -2, 711, 0
LW: 0, 2, 709, 0
RW: 0, -2, 711, 0
LW: 0, 2, 709, 0
RW: 0, -2, 711, 0
LW: 0, 2, 709, 0
RW: 0, -2, 711, 0
LW: 0, 2, 709, 0
RW: 0, -2, 711, 0
LW: 0, 2, 709, 0
RW: 0, -2, 711, 0
LW: 0, 2, 709, 0
RW: 0, -2, 711, 0
LW: 0, 2, 709, 0
RW: 0, -2, 711, 0
LW: 0, 2, 709, 0
RW: 0, -2, 711, 0
LW: 0, 2, 709, 0
RW: 0, -2, 711, 0
LW: 0, 2, 709, 0
RW: 0, -2, 711, 0
LW: 0, 2, 709, 0
RW: 0, -2, 711, 0
LW: 0, 2, 709, 0
RW: 0, -2, 711, 0
LW: 0, 2, 709, 0
RW: 0, -2, 711, 0
LW: 0, 2, 709, 0
RW: 0, -2, 711, 0
LW: 0, 2, 709, 0
RW: 0, -2, 711, 0
LW: 0, 2, 709, 0
RW: 0, -2, 711, 0
LW: 0, 2, 709, 0
RW: 0, -2, 711, 0
LW: 0, 2, 709, 0
RW: 0, -2, 711, 0
LW: 0, 2, 709, 0
RW: 0, -2, 711, 0
LW: 0, 2, 709, 0
RW: 0, -2, 711, 0
LW: 0, 2, 709, 0
RW: 0, -2, 711, 0
LW: 0, 2, 709, 0
RW: 0, -2, 711, 0
LW: 0, 2, 709, 0
RW: 0, -2, 711, 0
LW: 0, 2, 709, 0
RW: 0, -2, 711, 0
LW: 0, 2, 709, 0
RW: 0, -2, 711, 0
LW: 0, 2, 709, 0
RW: 0, -2, 711, 0
LW: 0, 2, 709, 0
RW: 0, -2, 711, 0
LW: 0, 2, 709, 0
RW: 0, -2, 711, 0
LW: 0, 2, 709, 0
RW: 0, -2, 711, 0
LW: 0, 2, 709, 0
RW: 0, -2, 711, 0
LW: 0, 2, 709, 0
RW: 0, -2, 711, 0
LW: 0, 2, 709, 0
RW: 0, -2, 711, 0
LW: 0, 2, 709, 0
RW: 0, -2, 711, 0
LW: 0, 2, 709, 0
RW: 0, -2, 711, 0
LW: 0, 2, 709, 0
RW: 0, -2, 711, 0
LW: 0, 2, 709, 0
RW: 0, -2, 711, 0
LW: 0, 2, 709, 0
RW: 0, -2, 711, 0
LW: 0, 2, 709, 0
RW: 0, -2, 711, 0
LW: 0, 2, 709, 0
RW: 0, -2, 711, 0
LW: 0, 2, 709, 0
RW: 0, -2, 711, 0
LW: 0, 2, 709, 0
RW: 0, -2, 711, 0
LW: 0, 2, 709, 0
RW: 0, -2, 711, 0
LW: 0, 2, 709, 0
RW: 0, -2, 711, 0
LW: 0, 2, 709, 0
RW: 0, -2, 711, 0
LW: 0, 2, 709, 0
RW: 0, -2, 711, 0
LW: 0, 2, 709, 0
RW: 0, -2, 711, 0
LW: 0, 2, 709, 0
RW: 0, -2, 711, 0
LW: 0, 2, 709, 0
RW: 0, -2, 711, 0
LW: 0, 2, 709, 0
RW: 0, -2, 711, 0
LW: 0, 2, 709, 0
RW: 0, -2, 711, 0
LW: 0, 2, 709, 0
RW: 0, -2, 711, 0
LW: 0, 2, 709, 0
RW: 0, -2, 711, 0
LW: 0, 2, 709, 0
RW: 0, -2, 711, 0
LW: 0, 2, 709, 0
RW: 0, -2, 711, 0
LW: 0, 2, 709, 0
RW: 0, -2, 711, 0
LW: 0, 2, 709, 0
RW: 0, -2, 711, 0
LW: 0, 2, 709, 0
RW: 0, -2, 711, 0
LW: 0, 2, 709, 0
RW: 0, -2, 711, 0
LW: 0, 2, 709, 0
RW: 0, -2, 711, 0
LW: 0, 2, 709, 0
RW: 0, -2, 711, 0
LW: 0, 2, 709, 0
RW: 0, -2, 711, 0
LW: 0, 2, 709, 0
RW: 0, -2, 711, 0
LW: 0, 2, 709, 0
RW: 0, -2, 711, 0
LW: 0, 2, 709, 0
RW: 0, -2, 711, 0
LW: 0, 2, 709, 0
RW: 0, -2, 711, 0
LW: 0, 2, 709, 0
RW: 0, -2, 711, 0
LW: 0, 2, 709, 0
RW: 0, -2, 711, 0
LW: 0, 2, 709, 0
RW: 0, -2, 711, 0
LW: 0, 2, 709, 0
RW: 0, -2, 711, 0
LW: 0, 2, 709, 0
RW: 0, -2, 711, 0
LW: 0, 2, 709, 0
RW: 0, -2, 711, 0
LW: 0, 2, 709, 0
RW: 0, -2, 711, 0
LW: 0, 2, 709, 0
RW: 0, -2, 711, 0
LW: 0, 2, 709, 0
RW: 0, -2, 711, 0
LW: 0, 2, 709, 0
RW: 0, -2, 711, 0
LW: 0, 2, 709, 0
RW: 0, -2, 711, 0
LW: 0, 2, 709, 0
RW: 0, -2, 711, 0
LW: 0, 2, 709, 0
RW: 0, -2, 711, 0
LW: 0, 2, 709, 0
RW: 0, -2, 711, 0
LW: 0, 2, 709, 0
RW: 0, -2, 711, 0
LW: 0, 2, 709, 0
RW: 0, -2, 711, 0
LW: 0, 2, 709, 0
RW: 0, -2, 711, 0
LW: 0, 2, 709, 0
RW: 0, -2, 711, 0
LW: 0, 2, 709, 0
RW: 0, -2, 711, 0
LW: 0, 2, 709, 0
RW: 0, -2, 711, 0
LW: 0, 2, 709, 0
RW: 0, -2, 711, 0
LW: 0, 2, 709, 0
RW: 0, -2, 711, 0
LW: 0, 2, 709, 0
RW: 0, -2, 711, 0
LW: 0, 2, 709, 0
RW: 0, -2, 711, 0
LW: 0, 2, 709, 0
RW: 0, -2, 711, 0
LW: 0, 2, 709, 0
RW: 0, -2, 711, 0
LW: 0, 2, 709, 0
RW: 0, -2, 711, 0
LW: 0, 2, 709, 0
RW: 0, -2, 711, 0
LW: 0, 2, 709, 0
RW: 0, -2, 711, 0
LW: 0, 2, 709, 0
RW: 0, -2, 711, 0
LW: 0, 2, 709, 0
RW: 0, -2, 711, 0
LW: 0, 2, 709, 0
RW: 0, -2, 711, 0
LW: 0, 2, 709, 0
RW: 0, -2, 711, 0
LW: 0, 2, 709, 0
RW: 0, -2, 711, 0
LW: 0, 2, 709, 0
RW: 0, -2, 711, 0
LW: 0, 2, 709, 0
RW: 0, -2, 711, 0
LW: 0, 2, 709, 0
RW: 0, -2, 711, 0
LW: 0, 2, 709, 0
RW: 0, -2, 711, 0
LW: 0, 2, 709, 0
RW: 0, -2, 711, 0
LW: 0, 2, 709, 0
RW: 0, -2, 711, 0
LW: 0, 2, 709, 0
RW: 0, -2, 711, 0
LW: 0, 2, 709, 0
RW: 0, -2, 711, 0
LW: 0, 2, 709, 0
RW: 0, -2, 711, 0
LW: 0, 2, 709, 0
RW: 0, -2, 711, 0
LW: 0, 2, 709, 0
RW: 0, -2, 711, 0
LW: 0, 2, 709, 0
RW: 0, -2, 711, 0
LW: 0, 2, 709, 0
RW: 0, -2, 711, 0
LW: 0, 2, 709, 0
RW: 0, -2, 711, 0
LW: 0, 2, 709, 0
RW: 0, -2, 711, 0
LW: 0, 2, 709, 0
RW: 0, -2, 711, 0
LW: 0, 2, 709, 0
RW: 0, -2, 711, 0
LW: 0, 2, 709, 0
RW: 0, -2, 711, 0
LW: 0, 2, 709, 0
RW: 0, -2, 711, 0
LW: 0, 2, 709, 0
RW: 0, -2, 711, 0
LW: 0, 2, 709, 0
RW: 0, -2, 711, 0
LW: 0, 2, 709, 0
RW: 0, -2, 711, 0
LW: 0, 2, 709, 0
RW: 0, -2, 711, 0
LW: 0, 2, 709, 0
RW: 0, -2, 711, 0
LW: 0, 2, 709, 0
RW: 0, -2, 711, 0
LW: 0, 2, 709, 0
RW: 0, -2, 711, 0
LW: 0, 2, 709, 0
RW: 0, -2, 711, 0
LW: 0, 2, 709, 0
RW: 0, -2, 711, 0
LW: 0, 2, 709, 0
RW: 0, -2, 711, 0
LW: 0, 2, 709, 0
RW: 0, -2, 711, 0
LW: 0, 2, 709, 0
RW: 0, -2, 711, 0
LW: 0, 2, 709, 0
RW: 0, -2, 711, 0
LW: 0, 2, 709, 0
RW: 0, -2, 711, 0
LW: 0, 2, 709, 0
RW: 0, -2, 711, 0
LW: 0, 2, 709, 0
RW: 0, -2, 711, 0
LW: 0, 2, 709, 0
RW: 0, -2, 711, 0
LW: 0, 2, 709, 0
RW: 0, -2, 711, 0
LW: 0, 2, 709, 0
RW: 0, -2, 711, 0
LW: 0, 2, 709, 0
RW: 0, -2, 711, 0
LW: 0, 2, 709, 0
RW: 0, -2, 711, 0
LW: 0, 2, 709, 0
RW: 0, -2, 711, 0
LW: 0, 2, 709, 0
RW: 0, -2, 711, 0
LW: 0, 2, 709, 0
RW: 0, -2, 711, 0
LW: 0, 2, 709, 0
RW: 0, -2, 711, 0
LW: 0, 2, 709, 0
RW: 0, -2, 711, 0
LW: 0, 2, 709, 0
RW: 0, -2, 711, 0
LW: 0, 2, 709, 0
RW: 0, -2, 711, 0
LW: 0, 2, 709, 0
RW: 0, -2, 711, 0
LW: 0, 2, 709, 0
RW: 0, -2, 711, 0
LW: 0, 2, 709, 0
RW: 0, -2, 711, 0
LW: 0, 2, 709, 0
RW: 0, -2, 711, 0
LW: 0, 2, 709, 0
RW: 0, -2, 711, 0
LW: 0, 2, 709, 0
RW: 0, -2, 711, 0
LW: 0, 2, 709, 0
RW: 0, -2, 711, 0
LW: 0, 2, 709, 0
RW: 0, -2, 711, 0
LW: 0, 2, 709, 0
RW: 0, -2, 711, 0
LW: 0, 2, 709, 0
RW: 0, -2, 711, 0
LW: 0, 2, 709, 0
RW: 0, -2, 711, 0
LW: 0, 2, 709, 0
RW: 0, -2, 711, 0
LW: 0, 2, 709, 0
RW: 0, -2, 711, 0
LW: 0, 2, 709, 0
RW: 0, -2, 711, 0
LW: 0, 2, 709, 0
RW: 0, -2, 711, 0
LW: 0, 2, 709, 0
RW: 0, -2, 711, 0
LW: 0, 2, 709, 0
RW: 0, -2, 711, 0
LW: 0, 2, 709, 0
RW: 0, -2, 711, 0
LW: 0, 2, 709, 0
RW: 0, -2, 711, 0
LW: 0, 2, 709, 0
RW: 0, -2, 711, 0
LW: 0, 2, 709, 0
RW: 0, -2, 711, 0
LW: 0, 2, 709, 0
RW: 0, -2, 711, 0
LW: 0, 2, 709, 0
RW: 0, -2, 711, 0
LW: 0, 2, 709, 0
RW: 0, -2, 711, 0
LW: 0, 2, 709, 0
RW: 0, -2, 711, 0
LW: 0, 2, 709, 0
RW: 0, -2, 711, 0
LW: 0, 2, 709, 0
RW: 0, -2, 711, 0
LW: 0, 2, 709, 0
RW: 0, -2, 711, 0
LW: 0, 2, 709, 0
RW: 0, -2, 711, 0
LW: 0, 2, 709, 0
RW: 0, -2, 711, 0
LW: 0, 2, 709, 0
RW: 0, -2, 711, 0
LW: 0, 2, 709, 0
RW: 0, -2, 711, 0
LW: 0, 2, 709, 0
RW: 0, -2, 711, 0
LW: 0, 2, 709, 0
RW: 0, -2, 711, 0
LW: 0, 2, 709, 0
RW: 0, -2, 711, 0
LW: 0, 2, 709, 0
RW: 0, -2, 711, 0
LW: 0, 2, 709, 0
RW: 0, -2, 711, 0
LW: 0, 2, 709, 0
RW: 0, -2, 711, 0
LW: 0, 2, 709, 0
RW: 0, -2, 711, 0
LW: 0, 2, 709, 0
RW: 0, -2, 711, 0
LW: 0, 2, 709, 0
RW: 0, -2, 711, 0
LW: 0, 2, 709, 0
RW: 0, -2, 711, 0
LW: 0, 2, 709, 0
RW: 0, -2, 711, 0
LW: 0, 2, 709, 0
RW: 0, -2, 711, 0
LW: 0, 2, 709, 0
RW: 0, -2, 711, 0
LW: 0, 2, 709, 0
RW: 0, -2, 711, 0
LW: 0, 2, 709, 0
RW: 0, -2, 711, 0
LW: 0, 2, 709, 0
RW: 0, -2, 711, 0
LW: 0, 2, 709, 0
RW: 0, -2, 711, 0
LW: 0, 2, 709, 0
RW: 0, -2, 711, 0
LW: 0, 2, 709, 0
RW: 0, -2, 711, 0
LW: 0, 2, 709, 0
RW: 0, -2, 711, 0
LW: 0, 2, 709, 0
RW: 0, -2, 711, 0
LW: 0, 2, 709, 0
RW: 0, -2, 711, 0
LW: 0, 2, 709, 0
RW: 0, -2, 711, 0
LW: 0, 2, 709, 0
RW: 0, -2, 711, 0
LW: 0, 2, 709, 0
RW: 0, -2, 711, 0
LW: 0, 2, 709, 0
RW: 0, -2, 711, 0
LW: 0, 2, 709, 0
RW: 0, -2, 711, 0
LW: 0, 2, 709, 0
RW: 0, -2, 711, 0
LW: 0, 2, 709, 0
RW: 0, -2, 711, 0
LW: 0, 2, 709, 0
RW: 0, -2, 711, 0
LW: 0, 2, 709, 0
RW: 0, -2, 711, 0
LW: 0, 2, 709, 0
RW: 0, -2, 711, 0
LW: 0, 2, 709, 0
RW: 0, -2, 711, 0
LW: 0, 2, 709, 0
RW: 0, -2, 711, 0
LW: 0, 2, 709, 0
RW: 0, -2, 711, 0
LW: 0, 2, 709, 0
RW: 0, -2, 711, 0
LW: 0, 2, 709, 0
RW: 0, -2, 711, 0
LW: 0, 2, 709, 0
RW: 0, -2, 711, 0
LW: 0, 2, 709, 0
RW: 0, -2, 711, 0
LW: 0, 2, 709, 0
RW: 0, -2, 711, 0
LW: 0, 2, 709, 0
RW: 0, -2, 711, 0
LW: 0, 2, 709, 0
RW: 0, -2, 711, 0
LW: 0, 2, 709, 0
RW: 0, -2, 711, 0
LW: 0, 2, 709, 0
RW: 0, -2, 711, 0
LW: 0, 2, 709, 0
RW: 0, -2, 711, 0
LW: 0, 2, 709, 0
RW: 0, -2, 711, 0
LW: 0, 2, 709, 0
RW: 0, -2, 711, 0
LW: 0, 2, 709, 0
RW: 0, -2, 711, 0
LW: 0, 2, 709, 0
RW: 0, -2, 711, 0
LW: 0, 2, 709, 0
RW: 0, -2, 711, 0
LW: 0, 2, 709, 0
RW: 0, -2, 711, 0
LW: 0, 2, 709, 0
RW: 0, -2, 711, 0
LW: 0, 2, 709, 0
RW: 0, -2, 711, 0
LW: 0, 2, 709, 0
RW: 0, -2, 711, 0
LW: 0, 2, 709, 0
RW: 0, -2, 711, 0
LW: 0, 2, 709, 0
RW: 0, -2, 711, 0
LW: 0, 2, 709, 0
RW: 0, -2, 711, 0
LW: 0, 2, 709, 0
RW: 0, -2, 711, 0
LW: 0, 2, 709, 0
RW: 0, -2, 711, 0
LW: 0, 2, 709, 0
RW: 0, -2, 711, 0
LW: 0, 2, 709, 0
RW: 0, -2, 711, 0
LW: 0, 2, 709, 0
RW: 0, -2, 711, 0
LW: 0, 2, 709, 0
RW: 0, -2, 711, 0
LW: 0, 2, 709, 0
RW: 0, -2, 711, 0
LW: 0, 2, 709, 0
RW: 0, -2, 711, 0
LW: 0, 2, 709, 0
RW: 0, -2, 711, 0
LW: 0, 2, 709, 0
RW: 0, -2, 711, 0
LW: 0, 2, 709, 0
RW: 0, -2, 711, 0
LW: 0, 2, 709, 0
RW: 0, -2, 711, 0
LW: 0, 2, 709, 0
RW: 0, -2, 711, 0
LW: 0, 2, 709, 0
RW: 0, -2, 711, 0
LW: 0, 2, 709, 0
RW: 0, -2, 711, 0
LW: 0, 2, 709, 0
RW: 0, -2, 711, 0
LW: 0, 2, 709, 0
RW: 0, -2, 711, 0
LW: 0, 2, 709, 0
RW: 0, -2, 711, 0
LW: 0, 2, 709, 0
RW: 0, -2, 711, 0
LW: 0, 2, 709, 0
RW: 0, -2, 711, 0
LW: 0, 2, 709, 0
RW: 0, -2, 711, 0
LW: 0, 2, 709, 0
RW: 0, -2, 711, 0
LW: 0, 2, 709, 0
RW: 0, -2, 711, 0
LW: 0, 2, 709, 0
RW: 0, -2, 711, 0
LW: 0, 2, 709, 0
RW: 0, -2, 711, 0
LW: 0, 2, 709, 0
RW: 0, -2, 711, 0
LW: 0, 2, 709, 0
RW: 0, -2, 711, 0
LW: 0, 2, 709, 0
RW: 0, -2, 711, 0
LW: 0, 2, 709, 0
RW: 0, -2, 711, 0
LW: 0, 2, 709, 0
RW: 0, -2, 711, 0
LW: 0, 2, 709, 0
RW: 0, -2, 711, 0
LW: 0, 2, 709, 0
RW: 0, -2, 711, 0
LW: 0, 2, 709, 0
RW: 0, -2, 711, 0
LW: 0, 2, 709, 0
RW: 0, -2, 711, 0
LW: 0, 2, 709, 0
RW: 0, -2, 711, 0
LW: 0, 2, 709, 0
RW: 0, -2, 711, 0
LW: 0, 2, 709, 0
RW: 0, -2, 711, 0
LW: 0, 2, 709, 0
RW: 0, -2, 711, 0
LW: 0, 2, 709, 0
RW: 0, -2, 711, 0
LW: 0, 2, 709, 0
RW: 0, -2, 711, 0
LW: 0, 2, 709, 0
RW: 0, -2, 711, 0
LW: 0, 2, 709, 0
RW: 0, -2, 711, 0
LW: 0, 2, 709, 0
RW: 0, -2, 711, 0
LW: 0, 2, 709, 0
RW: 0, -2, 711, 0
LW: 0, 2, 709, 0
RW: 0, -2, 711, 0
LW: 0, 2, 709, 0
RW: 0, -2, 711, 0
LW: 0, 2, 709, 0
RW: 0, -2, 711, 0
LW: 0, 2, 709, 0
RW: 0, -2, 711, 0
LW: 0, 2, 709, 0
RW: 0, -2, 711, 0
LW: 0, 2, 709, 0
RW: 0, -2, 711, 0
LW: 0, 2, 709, 0
RW: 0, -2, 711, 0
LW: 0, 2, 709, 0
RW: 0, -2, 711, 0
LW: 0, 2, 709, 0
RW: 0, -2, 711, 0
LW: 0, 2, 709, 0
RW: 0, -2, 711, 0
LW: 0, 2, 709, 0
RW: 0, -2, 711, 0
LW: 0, 2, 709, 0
RW: 0, -2, 711, 0
LW: 0, 2, 709, 0
RW: 0, -2, 711, 0
LW: 0, 2, 709, 0
RW: 0, -2, 711, 0
LW: 0, 2, 709, 0
RW: 0, -2, 711, 0
LW: 0, 2, 709, 0
RW: 0, -2, 711, 0
LW: 0, 2, 709, 0
RW: 0, -2, 711, 0
LW: 0, 2, 709, 0
RW: 0, -2, 711, 0
LW: 0, 2, 709, 0
RW: 0, -2, 711, 0
LW: 0, 2, 709, 0
RW: 0, -2, 711, 0
LW: 0, 2, 709, 0
RW: 0, -2, 711, 0
LW: 0, 2, 709, 0
RW: 0, -2, 711, 0
LW: 0, 2, 709, 0
RW: 0, -2, 711, 0
LW: 0, 2, 709, 0
RW: 0, -2, 711, 0
LW: 0, 2, 709, 0
RW: 0, -2, 711, 0
LW: 0, 2, 709, 0
RW: 0, -2, 711, 0
LW: 0, 2, 709, 0
RW: 0, -2, 711, 0
LW: 0, 2, 709, 0
RW: 0, -2, 711, 0
LW: 0, 2, 709, 0
RW: 0, -2, 711, 0
LW: 0, 2, 709, 0
RW: 0, -2, 711, 0
LW: 0, 2, 709, 0
RW: 0, -2, 711, 0
LW: 0, 2, 709, 0
RW: 0, -2, 711, 0
LW: 0, 2, 709, 0
RW: 0, -2, 711, 0
LW: 0, 2, 709, 0
RW: 0, -2, 711, 0
LW: 0, 2, 709, 0
RW: 0, -2, 711, 0
LW: 0, 2, 709, 0
RW: 0, -2, 711, 0
LW: 0, 2, 709, 0
RW: 0, -2, 711, 0
LW: 0, 2, 709, 0
RW: 0, -2, 711, 0
LW: 0, 2, 709, 0
RW: 0, -2, 711, 0
LW: 0, 2, 709, 0
RW: 0, -2, 711, 0
LW: 0, 2, 709, 0
RW: 0, -2, 711, 0
LW: 0, 2, 709, 0
RW: 0, -2, 711, 0
LW: 0, 2, 709, 0
RW: 0, -2, 711, 0
LW: 0, 2, 709, 0
RW: 0, -2, 711, 0
LW: 0, 2, 709, 0
RW: 0, -2, 711, 0
LW: 0, 2, 709, 0
RW: 0, -2, 711, 0
LW: 0, 2, 709, 0
RW: 0, -2, 711, 0
LW: 0, 2, 709, 0
RW: 0, -2, 711, 0
LW: 0, 2, 709, 0
RW: 0, -2, 711, 0
LW: 0, 2, 709, 0
RW: 0, -2, 711, 0
LW: 0, 2, 709, 0
RW: 0, -2, 711, 0
LW: 0, 2, 709, 0
RW: 0, -2, 711, 0
LW: 0, 2, 709, 0
RW: 0, -2, 711, 0
LW: 0, 2, 709, 0
RW: 0, -2, 711, 0
LW: 0, 2, 709, 0
RW: 0, -2, 711, 0
LW: 0, 2, 709, 0
RW: 0, -2, 711, 0
LW: 0, 2, 709, 0
RW: 0, -2, 711, 0
LW: 0, 2, 709, 0
RW: 0, -2, 711, 0
LW: 0, 2, 709, 0
RW: 0, -2, 711, 0
LW: 0, 2, 709, 0
RW: 0, -2, 711, 0
LW: 0, 2, 709, 0
RW: 0, -2, 711, 0
LW: 0, 2, 709, 0
RW: 0, -2, 711, 0
LW: 0, 2, 709, 0
RW: 0, -2, 711, 0
LW: 0, 2, 709, 0
RW: 0, -2, 711, 0
LW: 0, 2, 709, 0
RW: 0, -2, 711, 0
LW: 0, 2, 709, 0
RW: 0, -2, 711, 0
LW: 0, 2, 709, 0
RW: 0, -2, 711, 0
LW: 0, 2, 709, 0
RW: 0, -2, 711, 0
LW: 0, 2, 709, 0
RW: 0, -2, 711, 0
LW: 0, 2, 709, 0
RW: 0, -2, 711, 0
LW: 0, 2, 709, 0
RW: 0, -2, 711, 0
LW: 0, 2, 709, 0
RW: 0, -2, 711, 0
LW: 0, 2, 709, 0
RW: 0, -2, 711, 0
LW: 0, 2, 709, 0
RW: 0, -2, 711, 0
LW: 0, 2, 709, 0
RW: 0, -2, 711, 0
LW: 0, 2, 709, 0
RW: 0, -2, 711, 0
LW: 0, 2, 709, 0
RW: 0, -2, 711, 0
LW: 0, 2, 709, 0
RW: 0, -2, 711, 0
LW: 0, 2, 709, 0
RW: 0, -2, 711, 0
LW: 0, 2, 709, 0
RW: 0, -2, 711, 0
LW: 0, 2, 709, 0
RW: 0, -2, 711, 0
LW: 0, 2, 709, 0
RW: 0, -2, 711, 0
LW: 0, 2, 709, 0
RW: 0, -2, 711, 0
LW: 0, 2, 709, 0
RW: 0, -2, 711, 0
LW: 0, 2, 709, 0
RW: 0, -2, 711, 0
LW: 0, 2, 709, 0
RW: 0, -2, 711, 0
LW: 0, 2, 709, 0
RW: 0, -2, 711, 0
LW: 0, 2, 709, 0
RW: 0, -2, 711, 0
LW: 0, 2, 709, 0
RW: 0, -2, 711, 0
LW: 0, 2, 709, 0
RW: 0, -2, 711, 0
LW: 0, 2, 709, 0
RW: 0, -2, 711, 0
LW: 0, 2, 709, 0
RW: 0, -2, 711, 0
LW: 0, 2, 709, 0
RW: 0, -2, 711, 0
LW: 0, 2, 709, 0
RW: 0, -2, 711, 0
LW: 0, 2, 709, 0
RW: 0, -2, 711, 0
LW: 0, 2, 709, 0
RW: 0, -2, 711, 0
LW: 0, 2, 709, 0
RW: 0, -2, 711, 0
LW: 0, 2, 709, 0
RW: 0, -2, 711, 0
LW: 0, 2, 709, 0
RW: 0, -2, 711, 0
LW: 0, 2, 709, 0
RW: 0, -2, 711, 0
LW: 0, 2, 709, 0
RW: 0, -2, 711, 0
LW: 0, 2, 709, 0
RW: 0, -2, 711, 0
LW: 0, 2, 709, 0
RW: 0, -2, 711, 0
LW: 0, 2, 709, 0
RW: 0, -2, 711, 0
LW: 0, 2, 709, 0
RW: 0, -2, 711, 0
LW: 0, 2, 709, 0
RW: 0, -2, 711, 0
LW: 0, 2, 709, 0
RW: 0, -2, 711, 0
LW: 0, 2, 709, 0
RW: 0, -2, 711, 0
LW: 0, 2, 709, 0
RW: 0, -2, 711, 0
LW: 0, 2, 709, 0
RW: 0, -2, 711, 0
LW: 0, 2, 709, 0
RW: 0, -2, 711, 0
LW: 0, 2, 709, 0
RW: 0, -2, 711, 0
LW: 0, 2, 709, 0
RW: 0, -2, 711, 0
LW: 0, 2, 709, 0
RW: 0, -2, 711, 0
LW: 0, 2, 709, 0
RW: 0, -2, 711, 0
LW: 0, 2, 709, 0
RW: 0, -2, 711, 0
LW: 0, 2, 709, 0
RW: 0, -2, 711, 0
LW: 0, 2, 709, 0
RW: 0, -2, 711, 0
LW: 0, 2, 709, 0
RW: 0, -2, 711, 0
LW: 0, 2, 709, 0
RW: 0, -2, 711, 0
LW: 0, 2, 709, 0
RW: 0, -2, 711, 0
LW: 0, 2, 709, 0
RW: 0, -2, 711, 0
LW: 0, 2, 709, 0
RW: 0, -2, 711, 0
LW: 0, 2, 709, 0
RW: 0, -2, 711, 0
LW: 0, 2, 709, 0
RW: 0, -2, 711, 0
LW: 0, 2, 709, 0
RW: 0, -2, 711, 0
LW: 0, 2, 709, 0
RW: 0, -2, 711, 0
LW: 0, 2, 709, 0
RW: 0, -2, 711, 0
LW: 0, 2, 709, 0
RW: 0, -2, 711, 0
LW: 0, 2, 709, 0
RW: 0, -2, 711, 0
LW: 0, 2, 709, 0
RW: 0, -2, 711, 0
LW: 0, 2, 709, 0
RW: 0, -2, 711, 0
LW: 0, 2, 709, 0
RW: 0, -2, 711, 0
LW: 0, 2, 709, 0
RW: 0, -2, 711, 0
LW: 0, 2, 709, 0
RW: 0, -2, 711, 0
LW: 0, 2, 709, 0
RW: 0, -2, 711, 0
LW: 0, 2, 709, 0
RW: 0, -2, 711, 0
LW: 0, 2, 709, 0
RW: 0, -2, 711, 0
LW: 0, 2, 709, 0
RW: 0, -2, 711, 0
LW: 0, 2, 709, 0
RW: 0, -2, 711, 0
LW: 0, 2, 709, 0
RW: 0, -2, 711, 0
LW: 0, 2, 709, 0
RW: 0, -2, 711, 0
LW: 0, 2, 709, 0
RW: 0, -2, 711, 0
LW: 0, 2, 709, 0
RW: 0, -2, 711, 0
LW: 0, 2, 709, 0
RW: 0, -2, 711, 0
LW: 0, 2, 709, 0
RW: 0, -2, 711, 0
LW: 0, 2, 709, 0
RW: 0, -2, 711, 0
LW: 0, 2, 709, 0
RW: 0, -2, 711, 0
LW: 0, 2, 709, 0
RW: 0, -2, 711, 0
LW: 0, 2, 709, 0
RW: 0, -2, 711, 0
LW: 0, 2, 709, 0
RW: 0, -2, 711, 0
LW: 0, 2, 709, 0
RW: 0, -2, 711, 0
LW: 0, 2, 709, 0
RW: 0, -2, 711, 0
LW: 0, 2, 709, 0
RW: 0, -2, 711, 0
LW: 0, 2, 709, 0
RW: 0, -2, 711, 0
LW: 0, 2, 709, 0
RW: 0, -2, 711, 0
LW: 0, 2, 709, 0
RW: 0, -2, 711, 0
LW: 0, 2, 709, 0
RW: 0, -2, 711, 0
LW: 0, 2, 709, 0
RW: 0, -2, 711, 0
LW: 0, 2, 709, 0
RW: 0, -2, 711, 0
LW: 0, 2, 709, 0
RW: 0, -2, 711, 0
LW: 0, 2, 709, 0
RW: 0, -2, 711, 0
LW: 0, 2, 709, 0
RW: 0, -2, 711, 0
LW: 0, 2, 709, 0
RW: 0, -2, 711, 0
LW: 0, 2, 709, 0
RW: 0, -2, 711, 0
LW: 0, 2, 709, 0
RW: 0, -2, 711, 0
LW: 0, 2, 709, 0
RW: 0, -2, 711, 0
LW: 0, 2, 709, 0
RW: 0, -2, 711, 0
LW: 0, 2, 709, 0
RW: 0, -2, 711, 0
LW: 0, 2, 709, 0
RW: 0, -2, 711, 0
LW: 0, 2, 709, 0
RW: 0, -2, 711, 0
LW: 0, 2, 709, 0
RW: 0, -2, 711, 0
LW: 0, 2, 709, 0
RW: 0, -2, 711, 0
LW: 0, 2, 709, 0
RW: 0, -2, 711, 0
LW: 0, 2, 709, 0
RW: 0, -2, 711, 0
LW: 0, 2, 709, 0
RW: 0, -2, 711, 0
LW: 0, 2, 709, 0
RW: 0, -2, 711, 0
LW: 0, 2, 709, 0
RW: 0, -2, 711, 0
LW: 0, 2, 709, 0
RW: 0, -2, 711, 0
LW: 0, 2, 709, 0
RW: 0, -2, 711, 0
LW: 0, 2, 709, 0
RW: 0, -2, 711, 0
LW: 0, 2, 709, 0
RW: 0, -2, 711, 0
LW: 0, 2, 709, 0
RW: 0, -2, 711, 0
LW: 0, 2, 709, 0
RW: 0, -2, 711, 0
LW: 0, 2, 709, 0
RW: 0, -2, 711, 0
LW: 0, 2, 709, 0
RW: 0, -2, 711, 0
LW: 0, 2, 709, 0
RW: 0, -2, 711, 0
LW: 0, 2, 709, 0
RW: 0, -2, 711, 0
LW: 0, 2, 709, 0
RW: 0, -2, 711, 0
LW: 0, 2, 709, 0
RW: 0, -2, 711, 0
LW: 0, 2, 709, 0
RW: 0, -2, 711, 0
LW: 0, 2, 709, 0
RW: 0, -2, 711, 0
LW: 0, 2, 709, 0
RW: 0, -2, 711, 0
LW: 0, 2, 709, 0
RW: 0, -2, 711, 0
LW: 0, 2, 709, 0
RW: 0, -2, 711, 0
LW: 0, 2, 709, 0
RW: 0, -2, 711, 0
LW: 0, 2, 709, 0
RW: 0, -2, 711, 0
LW: 0, 2, 709, 0
RW: 0, -2, 711, 0
LW: 0, 2, 709, 0
RW: 0, -2, 711, 0
LW: 0, 2, 709, 0
RW: 0, -2, 711, 0
LW: 0, 2, 709, 0
RW: 0, -2, 711, 0
LW: 0, 2, 709, 0
RW: 0, -2, 711, 0
LW: 0, 2, 709, 0
RW: 0, -2, 711, 0
LW: 0, 2, 709, 0
RW: 0, -2, 711, 0
LW: 0, 2, 709, 0
RW: 0, -2, 711, 0
LW: 0, 2, 709, 0
RW: 0, -2, 711, 0
LW: 0, 2, 709, 0
RW: 0, -2, 711, 0
LW: 0, 2, 709, 0
RW: 0, -2, 711, 0
LW: 0, 2, 709, 0
RW: 0, -2, 711, 0
LW: 0, 2, 709, 0
RW: 0, -2, 711, 0
LW: 0, 2, 709, 0
RW: 0, -2, 711, 0
LW: 0, 2, 709, 0
RW: 0, -2, 711, 0
LW: 0, 2, 709, 0
RW: 0, -2, 711, 0
LW: 0, 2, 709, 0
RW: 0, -2, 711, 0
LW: 0, 2, 709, 0
RW: 0, -2, 711, 0
LW: 0, 2, 709, 0
RW: 0, -2, 711, 0
LW: 0, 2, 709, 0
RW: 0, -2, 711, 0
LW: 0, 2, 709, 0
RW: 0, -2, 711, 0
LW: 0, 2, 709, 0
RW: 0, -2, 711, 0
LW: 0, 2, 709, 0
RW: 0, -2, 711, 0
LW: 0, 2, 709, 0
RW: 0, -2, 711, 0
LW: 0, 2, 709, 0
RW: 0, -2, 711, 0
LW: 0, 2, 709, 0
RW: 0, -2, 711, 0
LW: 0, 2, 709, 0
RW: 0, -2, 711, 0
LW: 0, 2, 709, 0
RW: 0, -2, 711, 0
LW: 0, 2, 709, 0
RW: 0, -2, 711, 0
LW: 0, 2, 709, 0
RW: 0, -2, 711, 0
LW: 0, 2, 709, 0
RW: 0, -2, 711, 0
LW: 0, 2, 709, 0
RW: 0, -2, 711, 0
LW: 0, 2, 709, 0
RW: 0, -2, 711, 0
LW: 0, 2, 709, 0
RW: 0, -2, 711, 0
LW: 0, 2, 709, 0
RW: 0, -2, 711, 0
LW: 0, 2, 709, 0
RW: 0, -2, 711, 0
LW: 0, 2, 709, 0
RW: 0, -2, 711, 0
LW: 0, 2, 709, 0
RW: 0, -2, 711, 0
LW: 0, 2, 709, 0
RW: 0, -2, 711, 0
LW: 0, 2, 709, 0
RW: 0, -2, 711, 0
LW: 0, 2, 709, 0
RW: 0, -2, 711, 0
LW: 0, 2, 709, 0
RW: 0, -2, 711, 0
LW: 0, 2, 709, 0
RW: 0, -2, 711, 0
LW: 0, 2, 709, 0
RW: 0, -2, 711, 0
LW: 0, 2, 709, 0
RW: 0, -2, 711, 0
LW: 0, 2, 709, 0
RW: 0, -2, 711, 0
LW: 0, 2, 709, 0
RW: 0, -2, 711, 0
LW: 0, 2, 709, 0
RW: 0, -2, 711, 0
LW: 0, 2, 709, 0
RW: 0, -2, 711, 0
LW: 0, 2, 709, 0
RW: 0, -2, 711, 0
LW: 0, 2, 709, 0
RW: 0, -2, 711, 0
LW: 0, 2, 709, 0
RW: 0, -2, 711, 0
LW: 0, 2, 709, 0
RW: 0, -2, 711, 0
LW: 0, 2, 709, 0
RW: 0, -2, 711, 0
LW: 0, 2, 709, 0
RW: 0, -2, 711, 0
LW: 0, 2, 709, 0
RW: 0, -2, 711, 0
LW: 0, 2, 709, 0
RW: 0, -2, 711, 0
LW: 0, 2, 709, 0
RW: 0, -2, 711, 0
LW: 0, 2, 709, 0
RW: 0, -2, 711, 0
LW: 0, 2, 709, 0
RW: 0, -2, 711, 0
LW: 0, 2, 709, 0
RW: 0, -2, 711, 0
LW: 0, 2, 709, 0
RW: 0, -2, 711, 0
LW: 0, 2, 709, 0
RW: 0, -2, 711, 0
LW: 0, 2, 709, 0
RW: 0, -2, 711, 0
LW: 0, 2, 709, 0
RW: 0, -2, 711, 0
LW: 0, 2, 709, 0
RW: 0, -2, 711, 0
LW: 0, 2, 709, 0
RW: 0, -2, 711, 0
LW: 0, 2, 709, 0
RW: 0, -2, 711, 0
LW: 0, 2, 709, 0
RW: 0, -2, 711, 0
LW: 0, 2, 709, 0
RW: 0, -2, 711, 0
LW: 0, 2, 709, 0
RW: 0, -2, 711, 0
LW: 0, 2, 709, 0
RW: 0, -2, 711, 0
LW: 0, 2, 709, 0
RW: 0, -2, 711, 0
LW: 0, 2, 709, 0
RW: 0, -2, 711, 0
LW: 0, 2, 709, 0
RW: 0, -2, 711, 0
LW: 0, 2, 709, 0
RW: 0, -2, 711, 0
LW: 0, 2, 709, 0
RW: 0, -2, 711, 0
LW: 0, 2, 709, 0
RW: 0, -2, 711, 0
LW: 0, 2, 709, 0
RW: 0, -2, 711, 0
LW: 0, 2, 709, 0
RW: 0, -2, 711, 0
LW: 0, 2, 709, 0
RW: 0, -2, 711, 0
LW: 0, 2, 709, 0
RW: 0, -2, 711, 0
LW: 0, 2, 709, 0
RW: 0, -2, 711, 0
LW: 0, 2, 709, 0
RW: 0, -2, 711, 0
LW: 0, 2, 709, 0
RW: 0, -2, 711, 0
LW: 0, 2, 709, 0
RW: 0, -2, 711, 0
LW: 0, 2, 709, 0
RW: 0, -2, 711, 0
LW: 0, 2, 709, 0
RW: 0, -2, 711, 0
LW: 0, 2, 709, 0
RW: 0, -2, 711, 0
LW: 0, 2, 709, 0
RW: 0, -2, 711, 0
LW: 0, 2, 709, 0
RW: 0, -2, 711, 0
LW: 0, 2, 709, 0
RW: 0, -2, 711, 0
LW: 0, 2, 709, 0
RW: 0, -2, 711, 0
LW: 0, 2, 709, 0
RW: 0, -2, 711, 0
LW: 0, 2, 709, 0
RW: 0, -2, 711, 0
LW: 0, 2, 709, 0
RW: 0, -2, 711, 0
LW: 0, 2, 709, 0
RW: 0, -2, 711, 0
LW: 0, 2, 709, 0
RW: 0, -2, 711, 0
LW: 0, 2, 709, 0
RW: 0, -2, 711, 0
LW: 0, 2, 709, 0
RW: 0, -2, 711, 0
LW: 0, 2, 709, 0
RW: 0, -2, 711, 0
LW: 0, 2, 709, 0
RW: 0, -2, 711, 0
LW: 0, 2, 709, 0
RW: 0, -2, 711, 0
LW: 0, 2, 709, 0
RW: 0, -2, 711, 0
LW: 0, 2, 709, 0
RW: 0, -2, 711, 0
LW: 0, 2, 709, 0
RW: 0, -2, 711, 0
LW: 0, 2, 709, 0
RW: 0, -2, 711, 0
LW: 0, 2, 709, 0
RW: 0, -2, 711, 0
LW: 0, 2, 709, 0
RW: 0, -2, 711, 0
LW: 0, 2, 709, 0
