RW: 0, -2, 0, 0
LW: 0, 0, 0, 9
RW: 0, -2, 0, 0
LW: 0, 0, 0, 9
RW: 0, -2, 0, 0
LW: 0, 0, 0, 9
RW: 0, 16, 0, -6847
LW: 0, 9, 0, -6838
RW: 0, 16, 0, -6847
LW: 0, 9, 0, -6838
RW: 0, 16, 0, -6847
LW: 0, 9, 0, -6838
RW: 0, 16, 0, -6847
LW: 0, 9, 0, -6838
RW: 0, 16, 0, -6847
LW: 0, 9, 0, -6838
RW: 0, 16, 0, -6847
LW: 0, 9, 0, -6838
RW: 0, 16, 0, -6847
LW: 0, 9, 0, -6838
RW: 0, 16, 0, -6847
LW: 0, 9, 0, -6838
RW: 0, 16, 0, -6847
LW: 0, 9, 0, -6838
RW: 0, 16, 0, -6847
LW: 0, 9, 0, -6838
RW: 0, 16, 0, -6847
LW: 0, 9, 0, -6838
RW: 0, 16, 0, -6847
LW: 0, 9, 0, -6838
RW: 0, 16, 0, -6847
LW: 0, 9, 0, -6838
RW: 0, 16, 1, -6847
LW: 0, 9, 0, -6838
RW: 0, 16, 1, -6847
LW: 0, 9, 0, -6838
RW: 0, 16, 1, -6847
LW: 0, 9, 0, -6838
RW: 0, 16, 1, -6847
LW: 0, 9, 0, -6838
RW: 0, 16, 1, -6847
LW: 0, 12, 0, -6838
RW: 0, 2, 1, -6838
LW: 0, 12, 0, -6838
RW: 0, 2, 1, -6838
LW: 0, 12, 0, -6838
RW: 0, 2, 1, -6838
LW: 0, 12, 0, -6838
RW: 0, 2, 1, -6838
LW: 0, 12, 0, -6838
RW: 0, 2, 1, -6838
LW: 0, 12, 0, -6838
RW: 0, 2, 1, -6838
LW: 0, 12, 0, -6838
RW: 0, 2, 1, -6838
LW: 0, 12, 0, -6838
RW: 0, 2, 1, -6838
LW: 0, 12, 1, -6838
RW: 0, 2, 1, -6838
LW: 0, 12, 1, -6838
RW: 0, 2, 1, -6838
LW: 0, 12, 1, -6838
RW: 0, 2, 1, -6838
LW: 0, 12, 1, -6838
RW: 0, 2, 1, -6838
LW: 0, 12, 1, -6838
RW: 0, 2, 1, -6838
LW: 0, 12, 1, -6838
RW: 0, 2, 1, -6838
LW: 0, 12, 1, -6838
RW: 0, 2, 1, -6838
LW: 0, 12, 1, -6838
RW: 0, 2, 1, -6838
LW: 0, 12, 1, -6838
RW: 0, 2, 1, -6838
LW: 0, 12, 1, -6838
RW: 0, 2, 1, -6838
LW: 0, 5, 1, -6819
RW: 0, 12, 1, -6838
LW: 0, 5, 1, -6819
RW: 0, 12, 1, -6838
LW: 0, 5, 1, -6819
RW: 0, 12, 1, -6838
LW: 0, 5, 1, -6819
RW: 0, 12, 1, -6838
LW: 0, 5, 1, -6819
RW: 0, 12, 1, -6838
LW: 0, 5, 1, -6819
RW: 0, 12, 1, -6838
LW: 0, 5, 1, -6819
RW: 0, 12, 1, -6838
LW: 0, 5, 1, -6819
RW: 0, 12, 1, -6838
LW: 0, 5, 1, -6819
RW: 0, 12, 1, -6838
LW: 0, 5, 1, -6819
RW: 0, 12, 1, -6838
LW: 0, 5, 1, -6819
RW: 0, 12, 1, -6838
LW: 0, 5, 1, -6819
RW: 0, 12, 1, -6838
LW: 0, 5, 1, -6819
RW: 0, 12, 1, -6838
LW: 0, 5, 1, -6819
RW: 0, 12, 1, -6838
LW: 0, 5, 1, -6819
RW: 0, 12, 1, -6838
LW: 0, 5, 1, -6819
RW: 0, 12, 1, -6838
LW: 0, 5, 1, -6819
RW: 0, 12, 1, -6838
LW: 0, 5, 1, -6819
RW: 0, 5, 2, -6829
LW: 0, 14, 1, -6819
RW: 0, 5, 2, -6829
LW: 0, 14, 1, -6819
RW: 0, 5, 2, -6829
LW: 0, 14, 1, -6819
RW: 0, 5, 2, -6829
LW: 0, 14, 1, -6819
RW: 0, 5, 2, -6829
LW: 0, 14, 1, -6819
RW: 0, 5, 2, -6829
LW: 0, 14, 1, -6819
RW: 0, 5, 2, -6829
LW: 0, 14, 1, -6819
RW: 0, 5, 2, -6829
LW: 0, 14, 1, -6819
RW: 0, 5, 2, -6829
LW: 0, 14, 1, -6819
RW: 0, 5, 2, -6829
LW: 0, 14, 1, -6819
RW: 0, 5, 2, -6829
LW: 0, 14, 1, -6819
RW: 0, 5, 2, -6829
LW: 0, 14, 1, -6819
RW: 0, 5, 2, -6829
LW: 0, 14, 1, -6819
RW: 0, 5, 2, -6829
LW: 0, 14, 1, -6819
RW: 0, 5, 2, -6829
LW: 0, 14, 2, -6819
RW: 0, 5, 2, -6829
LW: 0, 14, 2, -6819
RW: 0, 5, 2, -6829
LW: 0, 14, 2, -6819
RW: 0, 5, 2, -6829
LW: 0, 14, 2, -6819
RW: 0, 5, 2, -6829
LW: 0, 14, 2, -6819
RW: 0, 14, 2, -6829
LW: 0, 7, 2, -6819
RW: 0, 14, 2, -6829
LW: 0, 7, 2, -6819
RW: 0, 14, 2, -6829
LW: 0, 7, 2, -6819
RW: 0, 14, 2, -6829
LW: 0, 7, 2, -6819
RW: 0, 14, 2, -6829
LW: 0, 7, 2, -6819
RW: 0, 14, 2, -6829
LW: 0, 7, 2, -6819
RW: 0, 14, 2, -6829
LW: 0, 7, 2, -6819
RW: 0, 14, 2, -6829
LW: 0, 7, 2, -6819
RW: 0, 14, 2, -6829
LW: 0, 7, 2, -6819
RW: 0, 14, 2, -6829
LW: 0, 7, 2, -6819
RW: 0, 14, 2, -6829
LW: 0, 7, 2, -6819
RW: 0, 14, 2, -6829
LW: 0, 7, 2, -6819
RW: 0, 14, 2, -6829
LW: 0, 7, 2, -6819
RW: 0, 14, 2, -6829
LW: 0, 7, 2, -6819
RW: 0, 14, 2, -6829
LW: 0, 7, 2, -6819
RW: 0, 14, 2, -6829
LW: 0, 7, 2, -6819
RW: 0, 14, 2, -6829
LW: 0, 7, 2, -6819
RW: 0, 14, 2, -6829
LW: 0, 7, 2, -6819
RW: 0, 14, 2, -6829
LW: 0, 7, 2, -6819
RW: 0, 17, 2, -6829
LW: 0, 17, 2, -6819
RW: 0, 17, 2, -6829
LW: 0, 17, 2, -6819
RW: 0, 17, 2, -6829
LW: 0, 17, 2, -6819
RW: 0, 17, 2, -6829
LW: 0, 17, 2, -6819
RW: 0, 17, 2, -6829
LW: 0, 17, 2, -6819
RW: 0, 17, 2, -6829
LW: 0, 17, 2, -6819
RW: 0, 17, 2, -6829
LW: 0, 17, 2, -6819
RW: 0, 17, 2, -6829
LW: 0, 17, 2, -6819
RW: 0, 17, 2, -6829
LW: 0, 17, 2, -6819
RW: 0, 17, 2, -6829
LW: 0, 17, 2, -6819
RW: 0, 17, 3, -6829
LW: 0, 17, 2, -6819
RW: 0, 17, 3, -6829
LW: 0, 17, 2, -6819
RW: 0, 17, 3, -6829
LW: 0, 17, 2, -6819
RW: 0, 17, 3, -6829
LW: 0, 17, 2, -6819
RW: 0, 17, 3, -6829
LW: 0, 17, 3, -6819
RW: 0, 17, 3, -6829
LW: 0, 17, 3, -6819
RW: 0, 17, 3, -6829
LW: 0, 17, 3, -6819
RW: 0, 17, 3, -6829
LW: 0, 17, 3, -6819
RW: 0, 17, 3, -6829
LW: 0, 17, 3, -6800
RW: 0, 10, 3, -6819
LW: 0, 10, 3, -6800
RW: 0, 10, 3, -6819
LW: 0, 10, 3, -6800
RW: 0, 10, 3, -6819
LW: 0, 10, 3, -6800
RW: 0, 10, 3, -6819
LW: 0, 10, 3, -6800
RW: 0, 10, 3, -6819
LW: 0, 10, 3, -6800
RW: 0, 10, 3, -6819
LW: 0, 10, 3, -6800
RW: 0, 10, 3, -6819
LW: 0, 10, 3, -6800
RW: 0, 10, 4, -6819
LW: 0, 10, 3, -6800
RW: 0, 10, 4, -6819
LW: 0, 10, 3, -6800
RW: 0, 10, 4, -6819
LW: 0, 10, 3, -6800
RW: 0, 10, 4, -6819
LW: 0, 10, 3, -6800
RW: 0, 10, 4, -6819
LW: 0, 10, 3, -6800
RW: 0, 10, 4, -6819
LW: 0, 10, 3, -6800
RW: 0, 10, 4, -6819
LW: 0, 10, 4, -6800
RW: 0, 10, 4, -6819
LW: 0, 10, 4, -6800
RW: 0, 10, 4, -6819
LW: 0, 10, 4, -6800
RW: 0, 10, 4, -6819
LW: 0, 10, 4, -6800
RW: 0, 10, 4, -6819
LW: 0, 10, 4, -6800
RW: 0, 10, 4, -6819
LW: 0, 10, 4, -6800
RW: 0, 10, 4, -6811
LW: 0, 10, 4, -6791
RW: 0, 10, 4, -6811
LW: 0, 10, 4, -6791
RW: 0, 10, 4, -6811
LW: 0, 10, 4, -6791
RW: 0, 10, 4, -6811
LW: 0, 10, 4, -6791
RW: 0, 10, 4, -6811
LW: 0, 10, 4, -6791
RW: 0, 10, 4, -6811
LW: 0, 10, 4, -6791
RW: 0, 10, 4, -6811
LW: 0, 10, 4, -6791
RW: 0, 10, 4, -6811
LW: 0, 10, 4, -6791
RW: 0, 10, 4, -6811
LW: 0, 10, 4, -6791
RW: 0, 10, 4, -6811
LW: 0, 10, 4, -6791
RW: 0, 10, 4, -6811
LW: 0, 10, 4, -6791
RW: 0, 10, 4, -6811
LW: 0, 10, 4, -6791
RW: 0, 10, 4, -6811
LW: 0, 10, 4, -6791
RW: 0, 10, 4, -6811
LW: 0, 10, 4, -6791
RW: 0, 10, 4, -6811
LW: 0, 10, 4, -6791
RW: 0, 10, 4, -6811
LW: 0, 10, 4, -6791
RW: 0, 10, 4, -6811
LW: 0, 10, 4, -6791
RW: 0, 10, 4, -6811
LW: 0, 10, 4, -6791
RW: 0, 10, 5, -6811
LW: 0, 19, 4, -6801
RW: 0, 10, 5, -6801
LW: 0, 19, 4, -6801
RW: 0, 10, 5, -6801
LW: 0, 19, 5, -6801
RW: 0, 10, 5, -6801
LW: 0, 19, 5, -6801
RW: 0, 10, 5, -6801
LW: 0, 19, 5, -6801
RW: 0, 10, 5, -6801
LW: 0, 19, 5, -6801
RW: 0, 10, 5, -6801
LW: 0, 19, 5, -6801
RW: 0, 10, 5, -6801
LW: 0, 19, 5, -6801
RW: 0, 10, 5, -6801
LW: 0, 19, 5, -6801
RW: 0, 10, 5, -6801
LW: 0, 19, 5, -6801
RW: 0, 10, 5, -6801
LW: 0, 19, 5, -6801
RW: 0, 10, 5, -6801
LW: 0, 19, 5, -6801
RW: 0, 10, 5, -6801
LW: 0, 19, 5, -6801
RW: 0, 10, 5, -6801
LW: 0, 19, 5, -6801
RW: 0, 10, 5, -6801
LW: 0, 19, 5, -6801
RW: 0, 10, 6, -6801
LW: 0, 19, 5, -6801
RW: 0, 10, 6, -6801
LW: 0, 19, 6, -6801
RW: 0, 10, 6, -6801
LW: 0, 19, 6, -6801
RW: 0, 10, 6, -6801
LW: 0, 19, 6, -6801
RW: 0, 10, 6, -6801
LW: 0, 19, 6, -6801
RW: 0, 10, 6, -6792
LW: 0, 3, 6, -6783
RW: 0, 10, 6, -6792
LW: 0, 3, 6, -6783
RW: 0, 10, 6, -6792
LW: 0, 3, 6, -6783
RW: 0, 10, 6, -6792
LW: 0, 3, 6, -6783
RW: 0, 10, 6, -6792
LW: 0, 3, 6, -6783
RW: 0, 10, 6, -6792
LW: 0, 3, 6, -6783
RW: 0, 10, 6, -6792
LW: 0, 3, 6, -6783
RW: 0, 10, 6, -6792
LW: 0, 3, 6, -6783
RW: 0, 10, 6, -6792
LW: 0, 3, 6, -6783
RW: 0, 10, 6, -6792
LW: 0, 3, 6, -6783
RW: 0, 10, 6, -6792
LW: 0, 3, 6, -6783
RW: 0, 10, 6, -6792
LW: 0, 3, 6, -6783
RW: 0, 10, 6, -6792
LW: 0, 3, 6, -6783
RW: 0, 10, 6, -6792
LW: 0, 3, 6, -6783
RW: 0, 10, 6, -6792
LW: 0, 3, 6, -6783
RW: 0, 10, 6, -6792
LW: 0, 3, 6, -6783
RW: 0, 10, 6, -6792
LW: 0, 3, 7, -6783
RW: 0, 10, 6, -6792
LW: 0, 3, 7, -6783
RW: 0, 10, 6, -6792
LW: 0, 3, 7, -6783
RW: 0, 19, 6, 55
LW: 0, 10, 7, 63
RW: 0, 19, 6, 55
LW: 0, 10, 7, 63
RW: 0, 19, 6, 55
LW: 0, 10, 7, 63
RW: 0, 19, 6, 55
LW: 0, 10, 7, 63
RW: 0, 19, 6, 55
LW: 0, 10, 7, 63
RW: 0, 19, 6, 55
LW: 0, 10, 7, 63
RW: 0, 19, 7, 55
LW: 0, 10, 7, 63
RW: 0, 19, 7, 55
LW: 0, 10, 7, 63
RW: 0, 19, 7, 55
LW: 0, 10, 7, 63
RW: 0, 19, 7, 55
LW: 0, 10, 7, 63
RW: 0, 19, 7, 55
LW: 0, 10, 7, 63
RW: 0, 19, 7, 55
LW: 0, 10, 7, 63
RW: 0, 19, 7, 55
LW: 0, 10, 8, 63
RW: 0, 19, 7, 55
LW: 0, 10, 8, 63
RW: 0, 19, 7, 55
LW: 0, 10, 8, 63
RW: 0, 19, 7, 55
LW: 0, 10, 8, 63
RW: 0, 19, 7, 55
LW: 0, 10, 8, 63
RW: 0, 19, 7, 55
LW: 0, 10, 8, 63
RW: 0, 19, 7, 55
LW: 0, 10, 8, 73
RW: 0, 12, 7, 55
LW: 0, 10, 8, 73
RW: 0, 12, 7, 55
LW: 0, 10, 8, 73
RW: 0, 12, 8, 55
LW: 0, 10, 8, 73
RW: 0, 12, 8, 55
LW: 0, 10, 8, 73
RW: 0, 12, 8, 55
LW: 0, 10, 8, 73
RW: 0, 12, 8, 55
LW: 0, 10, 8, 73
RW: 0, 12, 8, 55
LW: 0, 10, 8, 73
RW: 0, 12, 8, 55
LW: 0, 10, 8, 73
RW: 0, 12, 8, 55
LW: 0, 10, 8, 73
RW: 0, 12, 8, 55
LW: 0, 10, 8, 73
RW: 0, 12, 8, 55
LW: 0, 10, 8, 73
RW: 0, 12, 8, 55
LW: 0, 10, 8, 73
RW: 0, 12, 8, 55
LW: 0, 10, 8, 73
RW: 0, 12, 8, 55
LW: 0, 10, 8, 73
RW: 0, 12, 8, 55
LW: 0, 10, 8, 73
RW: 0, 12, 8, 55
LW: 0, 10, 8, 73
RW: 0, 12, 8, 55
LW: 0, 10, 8, 73
RW: 0, 12, 8, 55
LW: 0, 10, 9, 73
RW: 0, 22, 8, 64
LW: 0, 19, 9, 73
RW: 0, 22, 8, 64
LW: 0, 19, 9, 73
RW: 0, 22, 8, 64
LW: 0, 19, 9, 73
RW: 0, 22, 8, 64
LW: 0, 19, 9, 73
RW: 0, 22, 8, 64
LW: 0, 19, 9, 73
RW: 0, 22, 8, 64
LW: 0, 19, 9, 73
RW: 0, 22, 8, 64
LW: 0, 19, 9, 73
RW: 0, 22, 8, 64
LW: 0, 19, 9, 73
RW: 0, 22, 8, 64
LW: 0, 19, 9, 73
RW: 0, 22, 8, 64
LW: 0, 19, 9, 73
RW: 0, 22, 8, 64
LW: 0, 19, 9, 73
RW: 0, 22, 9, 64
LW: 0, 19, 9, 73
RW: 0, 22, 9, 64
LW: 0, 19, 9, 73
RW: 0, 22, 9, 64
LW: 0, 19, 9, 73
RW: 0, 22, 9, 64
LW: 0, 19, 10, 73
RW: 0, 22, 9, 64
LW: 0, 19, 10, 73
RW: 0, 22, 9, 64
LW: 0, 19, 10, 73
RW: 0, 22, 9, 64
LW: 0, 19, 10, 73
RW: 0, 22, 9, 64
LW: 0, 19, 10, 73
RW: 0, 15, 9, 64
LW: 0, 12, 10, 82
RW: 0, 15, 9, 64
LW: 0, 12, 10, 82
RW: 0, 15, 9, 64
LW: 0, 12, 10, 82
RW: 0, 15, 9, 64
LW: 0, 12, 10, 82
RW: 0, 15, 9, 64
LW: 0, 12, 10, 82
RW: 0, 15, 10, 64
LW: 0, 12, 10, 82
RW: 0, 15, 10, 64
LW: 0, 12, 10, 82
RW: 0, 15, 10, 64
LW: 0, 12, 10, 82
RW: 0, 15, 10, 64
LW: 0, 12, 10, 82
RW: 0, 15, 10, 64
LW: 0, 12, 10, 82
RW: 0, 15, 10, 64
LW: 0, 12, 10, 82
RW: 0, 15, 10, 64
LW: 0, 12, 10, 82
RW: 0, 15, 10, 64
LW: 0, 12, 10, 82
RW: 0, 15, 10, 64
LW: 0, 12, 10, 82
RW: 0, 15, 10, 64
LW: 0, 12, 10, 82
RW: 0, 15, 10, 64
LW: 0, 12, 11, 82
RW: 0, 15, 10, 64
LW: 0, 12, 11, 82
RW: 0, 15, 10, 64
LW: 0, 12, 11, 82
RW: 0, 15, 10, 64
LW: 0, 12, 11, 82
RW: 0, 15, 10, 73
LW: 0, 12, 11, 82
RW: 0, 15, 10, 73
LW: 0, 12, 11, 82
RW: 0, 15, 10, 73
LW: 0, 12, 11, 82
RW: 0, 15, 10, 73
LW: 0, 12, 11, 82
RW: 0, 15, 10, 73
LW: 0, 12, 11, 82
RW: 0, 15, 10, 73
LW: 0, 12, 11, 82
RW: 0, 15, 10, 73
LW: 0, 12, 11, 82
RW: 0, 15, 10, 73
LW: 0, 12, 11, 82
RW: 0, 15, 10, 73
LW: 0, 12, 11, 82
RW: 0, 15, 10, 73
LW: 0, 12, 11, 82
RW: 0, 15, 10, 73
LW: 0, 12, 12, 82
RW: 0, 15, 11, 73
LW: 0, 12, 12, 82
RW: 0, 15, 11, 73
LW: 0, 12, 12, 82
RW: 0, 15, 11, 73
LW: 0, 12, 12, 82
RW: 0, 15, 11, 73
LW: 0, 12, 12, 82
RW: 0, 15, 11, 73
LW: 0, 12, 12, 82
RW: 0, 15, 11, 73
LW: 0, 12, 12, 82
RW: 0, 15, 11, 73
LW: 0, 12, 12, 82
RW: 0, 15, 11, 83
LW: 0, 12, 12, 92
RW: 0, 15, 11, 83
LW: 0, 12, 12, 92
RW: 0, 15, 11, 83
LW: 0, 12, 12, 92
RW: 0, 15, 11, 83
LW: 0, 12, 12, 92
RW: 0, 15, 11, 83
LW: 0, 12, 12, 92
RW: 0, 15, 11, 83
LW: 0, 12, 12, 92
RW: 0, 15, 12, 83
LW: 0, 12, 12, 92
RW: 0, 15, 12, 83
LW: 0, 12, 12, 92
RW: 0, 15, 12, 83
LW: 0, 12, 12, 92
RW: 0, 15, 12, 83
LW: 0, 12, 12, 92
RW: 0, 15, 12, 83
LW: 0, 12, 12, 92
RW: 0, 15, 12, 83
LW: 0, 12, 12, 92
RW: 0, 15, 12, 83
LW: 0, 12, 12, 92
RW: 0, 15, 12, 83
LW: 0, 12, 12, 92
RW: 0, 15, 12, 83
LW: 0, 12, 12, 92
RW: 0, 15, 12, 83
LW: 0, 12, 13, 92
RW: 0, 15, 12, 83
LW: 0, 12, 13, 92
RW: 0, 15, 12, 83
LW: 0, 12, 13, 92
RW: 0, 15, 12, 83
LW: 0, 12, 13, 92
RW: 0, 15, 12, 83
LW: 0, 12, 13, 92
RW: 0, 15, 12, 83
LW: 0, 12, 13, 92
RW: 0, 15, 12, 83
LW: 0, 12, 13, 92
RW: 0, 15, 12, 83
LW: 0, 12, 13, 92
RW: 0, 15, 12, 83
LW: 0, 12, 13, 92
RW: 0, 15, 12, 83
LW: 0, 12, 13, 92
RW: 0, 15, 12, 83
LW: 0, 12, 13, 92
RW: 0, 15, 12, 83
LW: 0, 12, 13, 92
RW: 0, 15, 12, 83
LW: 0, 12, 13, 92
RW: 0, 15, 12, 83
LW: 0, 12, 13, 92
RW: 0, 15, 12, 83
LW: 0, 12, 14, 92
RW: 0, 15, 13, 83
LW: 0, 12, 14, 92
RW: 0, 15, 13, 83
LW: 0, 12, 14, 92
RW: 0, 15, 13, 83
LW: 0, 12, 14, 92
RW: 0, 15, 13, 83
LW: 0, 12, 14, 92
RW: 0, 15, 13, 83
LW: 0, 12, 14, 92
RW: 0, 15, 13, 83
LW: 0, 12, 14, 92
RW: 0, 15, 13, 83
LW: 0, 12, 14, 92
RW: 0, 15, 13, 83
LW: 0, 12, 14, 92
RW: 0, 15, 13, 83
LW: 0, 12, 14, 92
RW: 0, 15, 13, 83
LW: 0, 12, 14, 92
RW: 0, 15, 13, 83
LW: 0, 12, 14, 92
RW: 0, 15, 13, 83
LW: 0, 12, 14, 92
RW: 0, 15, 13, 83
LW: 0, 12, 14, 92
RW: 0, 15, 14, 83
LW: 0, 12, 14, 92
RW: 0, 15, 14, 83
LW: 0, 12, 14, 92
RW: 0, 15, 14, 83
LW: 0, 12, 14, 92
RW: 0, 15, 14, 83
LW: 0, 12, 14, 92
RW: 0, 15, 14, 83
LW: 0, 12, 14, 92
RW: 0, 15, 14, 83
LW: 0, 12, 14, 92
RW: 0, 15, 14, 83
LW: 0, 12, 14, 92
RW: 0, 15, 14, 83
LW: 0, 12, 14, 92
RW: 0, 15, 14, 83
LW: 0, 12, 14, 92
RW: 0, 15, 14, 83
LW: 0, 12, 14, 92
RW: 0, 15, 14, 83
LW: 0, 12, 15, 92
RW: 0, 15, 14, 83
LW: 0, 12, 15, 92
RW: 0, 15, 14, 83
LW: 0, 12, 15, 92
RW: 0, 15, 14, 83
LW: 0, 12, 15, 92
RW: 0, 15, 14, 83
LW: 0, 12, 15, 101
RW: 0, 15, 14, 83
LW: 0, 12, 15, 101
RW: 0, 15, 14, 83
LW: 0, 12, 15, 101
RW: 0, 15, 14, 83
LW: 0, 12, 15, 101
RW: 0, 15, 14, 83
LW: 0, 12, 15, 101
RW: 0, 15, 14, 83
LW: 0, 12, 15, 101
RW: 0, 15, 14, 83
LW: 0, 12, 15, 101
RW: 0, 15, 14, 83
LW: 0, 12, 15, 101
RW: 0, 15, 14, 83
LW: 0, 12, 15, 101
RW: 0, 15, 14, 83
LW: 0, 12, 15, 101
RW: 0, 15, 15, 83
LW: 0, 12, 15, 101
RW: 0, 15, 15, 83
LW: 0, 12, 15, 101
RW: 0, 15, 15, 83
LW: 0, 12, 16, 101
RW: 0, 15, 15, 83
LW: 0, 12, 16, 101
RW: 0, 15, 15, 83
LW: 0, 12, 16, 101
RW: 0, 15, 15, 83
LW: 0, 12, 16, 101
RW: 0, 15, 15, 83
LW: 0, 12, 16, 101
RW: 0, 15, 15, 83
LW: 0, 12, 16, 101
RW: 0, 15, 15, 83
LW: 0, 12, 16, 101
RW: 0, 15, 15, 83
LW: 0, 12, 16, 92
RW: 0, 15, 15, 83
LW: 0, 12, 16, 92
RW: 0, 15, 16, 83
LW: 0, 12, 16, 92
RW: 0, 15, 16, 83
LW: 0, 12, 16, 92
RW: 0, 15, 16, 83
LW: 0, 12, 16, 92
RW: 0, 15, 16, 83
LW: 0, 12, 16, 92
RW: 0, 15, 16, 83
LW: 0, 12, 16, 92
RW: 0, 15, 16, 83
LW: 0, 12, 16, 92
RW: 0, 15, 16, 83
LW: 0, 12, 16, 92
RW: 0, 15, 16, 83
LW: 0, 12, 16, 92
RW: 0, 15, 16, 83
LW: 0, 12, 16, 92
RW: 0, 15, 16, 83
LW: 0, 12, 16, 92
RW: 0, 15, 16, 83
LW: 0, 12, 16, 92
RW: 0, 15, 16, 83
LW: 0, 12, 16, 92
RW: 0, 15, 16, 83
LW: 0, 12, 16, 92
RW: 0, 15, 16, 83
LW: 0, 12, 16, 92
RW: 0, 15, 16, 83
LW: 0, 12, 16, 92
RW: 0, 15, 16, 83
LW: 0, 12, 17, 92
RW: 0, 15, 16, 83
LW: 0, 12, 17, 92
RW: 0, 15, 16, 83
LW: 0, 12, 17, 92
RW: 0, 15, 16, 92
LW: 0, 12, 17, 92
RW: 0, 15, 16, 92
LW: 0, 12, 17, 92
RW: 0, 15, 16, 92
LW: 0, 12, 17, 92
RW: 0, 15, 16, 92
LW: 0, 12, 17, 92
RW: 0, 15, 16, 92
LW: 0, 12, 17, 92
RW: 0, 15, 17, 92
LW: 0, 12, 17, 92
RW: 0, 15, 17, 92
LW: 0, 12, 17, 92
RW: 0, 15, 17, 92
LW: 0, 12, 17, 92
RW: 0, 15, 17, 92
LW: 0, 12, 17, 92
RW: 0, 15, 17, 92
LW: 0, 12, 17, 92
RW: 0, 15, 17, 92
LW: 0, 12, 17, 92
RW: 0, 15, 17, 92
LW: 0, 12, 17, 92
RW: 0, 15, 17, 92
LW: 0, 12, 18, 92
RW: 0, 15, 17, 92
LW: 0, 12, 18, 92
RW: 0, 15, 17, 92
LW: 0, 12, 18, 92
RW: 0, 15, 17, 92
LW: 0, 12, 18, 92
RW: 0, 15, 17, 92
LW: 0, 12, 18, 92
RW: 0, 15, 18, 92
LW: 0, 12, 18, 92
RW: 0, 5, 18, 102
LW: 0, 12, 18, 92
RW: 0, 5, 18, 102
LW: 0, 12, 18, 92
RW: 0, 5, 18, 102
LW: 0, 12, 18, 92
RW: 0, 5, 18, 102
LW: 0, 12, 18, 92
RW: 0, 5, 18, 102
LW: 0, 12, 18, 92
RW: 0, 5, 18, 102
LW: 0, 12, 18, 92
RW: 0, 5, 18, 102
LW: 0, 12, 18, 92
RW: 0, 5, 18, 102
LW: 0, 12, 18, 92
RW: 0, 5, 18, 102
LW: 0, 12, 18, 92
RW: 0, 5, 18, 102
LW: 0, 12, 18, 92
RW: 0, 5, 18, 102
LW: 0, 12, 18, 92
RW: 0, 5, 18, 102
LW: 0, 12, 18, 92
RW: 0, 5, 18, 102
LW: 0, 12, 18, 92
RW: 0, 5, 18, 102
LW: 0, 12, 18, 92
RW: 0, 5, 18, 102
LW: 0, 12, 18, 92
RW: 0, 5, 18, 102
LW: 0, 12, 18, 92
RW: 0, 5, 18, 102
LW: 0, 12, 18, 92
RW: 0, 5, 18, 102
LW: 0, 12, 18, 92
RW: 0, 5, 18, 102
LW: 0, 12, 19, 92
RW: 0, 22, 18, 93
LW: 0, 12, 19, 92
RW: 0, 22, 18, 93
LW: 0, 12, 19, 92
RW: 0, 22, 19, 93
LW: 0, 12, 19, 92
RW: 0, 22, 19, 93
LW: 0, 12, 19, 92
RW: 0, 22, 19, 93
LW: 0, 12, 19, 92
RW: 0, 22, 19, 93
LW: 0, 12, 19, 92
RW: 0, 22, 19, 93
LW: 0, 12, 19, 92
RW: 0, 22, 19, 93
LW: 0, 12, 19, 92
RW: 0, 22, 19, 93
LW: 0, 12, 19, 92
RW: 0, 22, 19, 93
LW: 0, 12, 19, 92
RW: 0, 22, 19, 93
LW: 0, 12, 19, 92
RW: 0, 22, 19, 93
LW: 0, 12, 19, 92
RW: 0, 22, 19, 93
LW: 0, 12, 19, 92
RW: 0, 22, 19, 93
LW: 0, 12, 19, 92
RW: 0, 22, 20, 93
LW: 0, 12, 19, 92
RW: 0, 22, 20, 93
LW: 0, 12, 20, 92
RW: 0, 22, 20, 93
LW: 0, 12, 20, 92
RW: 0, 22, 20, 93
LW: 0, 12, 20, 92
RW: 0, 22, 20, 93
LW: 0, 12, 20, 92
RW: 0, 5, 20, 102
LW: 0, 12, 20, 92
RW: 0, 5, 20, 102
LW: 0, 12, 20, 92
RW: 0, 5, 20, 102
LW: 0, 12, 20, 92
RW: 0, 5, 20, 102
LW: 0, 12, 20, 92
RW: 0, 5, 20, 102
LW: 0, 12, 20, 92
RW: 0, 5, 20, 102
LW: 0, 12, 20, 92
RW: 0, 5, 20, 102
LW: 0, 12, 20, 92
RW: 0, 5, 20, 102
LW: 0, 12, 20, 92
RW: 0, 5, 20, 102
LW: 0, 12, 20, 92
RW: 0, 5, 20, 102
LW: 0, 12, 20, 92
RW: 0, 5, 20, 102
LW: 0, 12, 20, 92
RW: 0, 5, 20, 102
LW: 0, 12, 20, 92
RW: 0, 5, 20, 102
LW: 0, 12, 20, 92
RW: 0, 5, 20, 102
LW: 0, 12, 20, 92
RW: 0, 5, 20, 102
LW: 0, 12, 20, 92
RW: 0, 5, 20, 102
LW: 0, 12, 20, 92
RW: 0, 5, 21, 102
LW: 0, 12, 20, 92
RW: 0, 5, 21, 102
LW: 0, 12, 20, 92
RW: 0, 5, 21, 102
LW: 0, 31, 20, 83
RW: 0, 22, 21, 101
LW: 0, 31, 21, 83
RW: 0, 22, 21, 101
LW: 0, 31, 21, 83
RW: 0, 22, 21, 101
LW: 0, 31, 21, 83
RW: 0, 22, 21, 101
LW: 0, 31, 21, 83
RW: 0, 22, 21, 101
LW: 0, 31, 21, 83
RW: 0, 22, 21, 101
LW: 0, 31, 21, 83
RW: 0, 22, 21, 101
LW: 0, 31, 21, 83
RW: 0, 22, 21, 101
LW: 0, 31, 21, 83
RW: 0, 22, 21, 101
LW: 0, 31, 21, 83
RW: 0, 22, 22, 101
LW: 0, 31, 21, 83
RW: 0, 22, 22, 101
LW: 0, 31, 21, 83
RW: 0, 22, 22, 101
LW: 0, 31, 21, 83
RW: 0, 22, 22, 101
LW: 0, 31, 21, 83
RW: 0, 22, 22, 101
LW: 0, 31, 21, 83
RW: 0, 22, 22, 101
LW: 0, 31, 22, 83
RW: 0, 22, 22, 101
LW: 0, 31, 22, 83
RW: 0, 22, 22, 101
LW: 0, 31, 22, 83
RW: 0, 22, 22, 101
LW: 0, 31, 22, 83
RW: 0, 22, 22, 101
LW: 0, 8, 22, 92
RW: 0, 15, 22, 101
LW: 0, 8, 22, 92
RW: 0, 15, 22, 101
LW: 0, 8, 22, 92
RW: 0, 15, 22, 101
LW: 0, 8, 22, 92
RW: 0, 15, 22, 101
LW: 0, 8, 22, 92
RW: 0, 15, 22, 101
LW: 0, 8, 22, 92
RW: 0, 15, 22, 101
LW: 0, 8, 22, 92
RW: 0, 15, 22, 101
LW: 0, 8, 22, 92
RW: 0, 15, 22, 101
LW: 0, 8, 22, 92
RW: 0, 15, 22, 101
LW: 0, 8, 22, 92
RW: 0, 15, 22, 101
LW: 0, 8, 22, 92
RW: 0, 15, 22, 101
LW: 0, 8, 22, 92
RW: 0, 15, 22, 101
LW: 0, 8, 23, 92
RW: 0, 15, 23, 101
LW: 0, 8, 23, 92
RW: 0, 15, 23, 101
LW: 0, 8, 23, 92
RW: 0, 15, 23, 101
LW: 0, 8, 23, 92
RW: 0, 15, 23, 101
LW: 0, 8, 23, 92
RW: 0, 15, 23, 101
LW: 0, 8, 23, 92
RW: 0, 15, 23, 101
LW: 0, 8, 23, 92
RW: 0, 15, 23, 101
LW: 0, 8, 23, 92
RW: 0, 15, 23, 101
LW: 0, 15, 23, 92
RW: 0, 15, 23, 101
LW: 0, 15, 23, 92
RW: 0, 15, 23, 101
LW: 0, 15, 23, 92
RW: 0, 15, 23, 101
LW: 0, 15, 23, 92
RW: 0, 15, 24, 101
LW: 0, 15, 24, 92
RW: 0, 15, 24, 101
LW: 0, 15, 24, 92
RW: 0, 15, 24, 101
LW: 0, 15, 24, 92
RW: 0, 15, 24, 101
LW: 0, 15, 24, 92
RW: 0, 15, 24, 101
LW: 0, 15, 24, 92
RW: 0, 15, 24, 101
LW: 0, 15, 24, 92
RW: 0, 15, 24, 101
LW: 0, 15, 24, 92
RW: 0, 15, 24, 101
LW: 0, 15, 24, 92
RW: 0, 15, 24, 101
LW: 0, 15, 24, 92
RW: 0, 15, 24, 101
LW: 0, 15, 24, 92
RW: 0, 15, 24, 101
LW: 0, 15, 24, 92
RW: 0, 15, 24, 101
LW: 0, 15, 24, 92
RW: 0, 15, 24, 101
LW: 0, 15, 24, 92
RW: 0, 15, 24, 101
LW: 0, 15, 24, 92
RW: 0, 15, 24, 101
LW: 0, 15, 24, 92
RW: 0, 15, 24, 101
LW: 0, 15, 24, 92
RW: 0, 15, 24, 101
LW: 0, 15, 24, 92
RW: 0, 15, 24, 101
LW: 0, 15, 24, 92
RW: 0, 15, 24, 101
LW: 0, 15, 24, 92
RW: 0, 15, 24, 101
LW: 0, 15, 24, 92
RW: 0, 15, 24, 101
LW: 0, 15, 25, 92
RW: 0, 15, 25, 101
LW: 0, 15, 25, 92
RW: 0, 15, 25, 101
LW: 0, 15, 25, 92
RW: 0, 15, 25, 101
LW: 0, 15, 25, 92
RW: 0, 15, 25, 101
LW: 0, 15, 25, 92
RW: 0, 15, 25, 101
LW: 0, 15, 25, 92
RW: 0, 15, 25, 101
LW: 0, 15, 25, 92
RW: 0, 15, 25, 101
LW: 0, 15, 25, 92
RW: 0, 15, 25, 101
LW: 0, 15, 25, 92
RW: 0, 15, 25, 101
LW: 0, 15, 25, 92
RW: 0, 15, 25, 101
LW: 0, 15, 25, 92
RW: 0, 15, 25, 101
LW: 0, 15, 25, 92
RW: 0, 15, 26, 101
LW: 0, 15, 25, 92
RW: 0, 15, 26, 101
LW: 0, 15, 25, 92
RW: 0, 5, 26, 110
LW: 0, 15, 25, 92
RW: 0, 5, 26, 110
LW: 0, 15, 25, 92
RW: 0, 5, 26, 110
LW: 0, 15, 26, 92
RW: 0, 5, 26, 110
LW: 0, 15, 26, 92
RW: 0, 5, 26, 110
LW: 0, 15, 26, 92
RW: 0, 5, 26, 110
LW: 0, 15, 26, 92
RW: 0, 5, 26, 110
LW: 0, 15, 26, 92
RW: 0, 5, 26, 110
LW: 0, 15, 26, 92
RW: 0, 5, 26, 110
LW: 0, 15, 26, 92
RW: 0, 5, 26, 110
LW: 0, 15, 26, 92
RW: 0, 5, 26, 110
LW: 0, 15, 26, 92
RW: 0, 5, 26, 110
LW: 0, 15, 26, 92
RW: 0, 5, 26, 110
LW: 0, 15, 26, 92
RW: 0, 5, 26, 110
LW: 0, 15, 26, 92
RW: 0, 5, 26, 110
LW: 0, 15, 26, 92
RW: 0, 5, 26, 110
LW: 0, 15, 26, 92
RW: 0, 5, 26, 110
LW: 0, 15, 26, 92
RW: 0, 5, 26, 110
LW: 0, 15, 26, 92
RW: 0, 22, 26, 101
LW: 0, 15, 26, 92
RW: 0, 22, 26, 101
LW: 0, 15, 26, 92
RW: 0, 22, 27, 101
LW: 0, 15, 26, 92
RW: 0, 22, 27, 101
LW: 0, 15, 26, 92
RW: 0, 22, 27, 101
LW: 0, 15, 26, 92
RW: 0, 22, 27, 101
LW: 0, 15, 27, 92
RW: 0, 22, 27, 101
LW: 0, 15, 27, 92
RW: 0, 22, 27, 101
LW: 0, 15, 27, 92
RW: 0, 22, 27, 101
LW: 0, 15, 27, 92
RW: 0, 22, 27, 101
LW: 0, 15, 27, 92
RW: 0, 22, 27, 101
LW: 0, 15, 27, 92
RW: 0, 22, 27, 101
LW: 0, 15, 27, 92
RW: 0, 22, 27, 101
LW: 0, 15, 27, 92
RW: 0, 22, 27, 101
LW: 0, 15, 27, 92
RW: 0, 22, 28, 101
LW: 0, 15, 27, 92
RW: 0, 22, 28, 101
LW: 0, 15, 27, 92
RW: 0, 22, 28, 101
LW: 0, 15, 27, 92
RW: 0, 22, 28, 101
LW: 0, 15, 27, 92
RW: 0, 22, 28, 101
LW: 0, 15, 28, 92
RW: 0, 22, 28, 101
LW: 0, 5, 28, 101
RW: 0, 5, 28, 110
LW: 0, 5, 28, 101
RW: 0, 5, 28, 110
LW: 0, 5, 28, 101
RW: 0, 5, 28, 110
LW: 0, 5, 28, 101
RW: 0, 5, 28, 110
LW: 0, 5, 28, 101
RW: 0, 5, 28, 110
LW: 0, 5, 28, 101
RW: 0, 5, 28, 110
LW: 0, 5, 28, 101
RW: 0, 5, 28, 110
LW: 0, 5, 28, 101
RW: 0, 5, 28, 110
LW: 0, 5, 28, 101
RW: 0, 5, 28, 110
LW: 0, 5, 28, 101
RW: 0, 5, 28, 110
LW: 0, 5, 28, 101
RW: 0, 5, 28, 110
LW: 0, 5, 28, 101
RW: 0, 5, 28, 110
LW: 0, 5, 28, 101
RW: 0, 5, 28, 110
LW: 0, 5, 28, 101
RW: 0, 5, 28, 110
LW: 0, 5, 28, 101
RW: 0, 5, 28, 110
LW: 0, 5, 28, 101
RW: 0, 5, 29, 110
LW: 0, 5, 28, 101
RW: 0, 5, 29, 110
LW: 0, 5, 28, 101
RW: 0, 5, 29, 110
LW: 0, 5, 28, 101
RW: 0, 12, 29, 101
LW: 0, 22, 28, 92
RW: 0, 12, 29, 101
LW: 0, 22, 29, 92
RW: 0, 12, 29, 101
LW: 0, 22, 29, 92
RW: 0, 12, 29, 101
LW: 0, 22, 29, 92
RW: 0, 12, 29, 101
LW: 0, 22, 29, 92
RW: 0, 12, 29, 101
LW: 0, 22, 29, 92
RW: 0, 12, 29, 101
LW: 0, 22, 29, 92
RW: 0, 12, 29, 101
LW: 0, 22, 29, 92
RW: 0, 12, 29, 101
LW: 0, 22, 29, 92
RW: 0, 12, 30, 101
LW: 0, 22, 29, 92
RW: 0, 12, 30, 101
LW: 0, 22, 29, 92
RW: 0, 12, 30, 101
LW: 0, 22, 29, 92
RW: 0, 12, 30, 101
LW: 0, 22, 29, 92
RW: 0, 12, 30, 101
LW: 0, 22, 29, 92
RW: 0, 12, 30, 101
LW: 0, 22, 29, 92
RW: 0, 12, 30, 101
LW: 0, 22, 29, 92
RW: 0, 12, 30, 101
LW: 0, 22, 30, 92
RW: 0, 12, 30, 101
LW: 0, 22, 30, 92
RW: 0, 12, 30, 101
LW: 0, 22, 30, 92
RW: 0, 12, 30, 101
LW: 0, 5, 30, 101
RW: 0, 12, 30, 110
LW: 0, 5, 30, 101
RW: 0, 12, 30, 110
LW: 0, 5, 30, 101
RW: 0, 12, 30, 110
LW: 0, 5, 30, 101
RW: 0, 12, 30, 110
LW: 0, 5, 30, 101
RW: 0, 12, 30, 110
LW: 0, 5, 30, 101
RW: 0, 12, 30, 110
LW: 0, 5, 30, 101
RW: 0, 12, 30, 110
LW: 0, 5, 30, 101
RW: 0, 12, 30, 110
LW: 0, 5, 30, 101
RW: 0, 12, 30, 110
LW: 0, 5, 30, 101
RW: 0, 12, 30, 110
LW: 0, 5, 30, 101
RW: 0, 12, 30, 110
LW: 0, 5, 30, 101
RW: 0, 12, 30, 110
LW: 0, 5, 30, 101
RW: 0, 12, 30, 110
LW: 0, 5, 30, 101
RW: 0, 12, 31, 110
LW: 0, 5, 30, 101
RW: 0, 12, 31, 110
LW: 0, 5, 30, 101
RW: 0, 12, 31, 110
LW: 0, 5, 30, 101
RW: 0, 12, 31, 110
LW: 0, 5, 31, 101
RW: 0, 12, 31, 110
LW: 0, 5, 31, 101
RW: 0, 12, 31, 110
LW: 0, 5, 31, 101
RW: 0, 12, 31, 101
LW: 0, 12, 31, 101
RW: 0, 12, 31, 101
LW: 0, 12, 31, 101
RW: 0, 12, 31, 101
LW: 0, 12, 31, 101
RW: 0, 12, 31, 101
LW: 0, 12, 31, 101
RW: 0, 12, 31, 101
LW: 0, 12, 31, 101
RW: 0, 12, 31, 101
LW: 0, 12, 31, 101
RW: 0, 12, 32, 101
LW: 0, 12, 31, 101
RW: 0, 12, 32, 101
LW: 0, 12, 31, 101
RW: 0, 12, 32, 101
LW: 0, 12, 31, 101
RW: 0, 12, 32, 101
LW: 0, 12, 31, 101
RW: 0, 12, 32, 101
LW: 0, 12, 31, 101
RW: 0, 12, 32, 101
LW: 0, 12, 32, 101
RW: 0, 12, 32, 101
LW: 0, 12, 32, 101
RW: 0, 12, 32, 101
LW: 0, 12, 32, 101
RW: 0, 12, 32, 101
LW: 0, 12, 32, 101
RW: 0, 12, 32, 101
LW: 0, 12, 32, 101
RW: 0, 12, 32, 101
LW: 0, 12, 32, 101
RW: 0, 12, 32, 101
LW: 0, 12, 32, 101
RW: 0, 12, 32, 101
LW: 0, 12, 32, 101
RW: 0, 12, 32, 101
LW: 0, 12, 32, 110
RW: 0, 12, 32, 101
LW: 0, 12, 32, 110
RW: 0, 12, 32, 101
LW: 0, 12, 32, 110
RW: 0, 12, 32, 101
LW: 0, 12, 32, 110
RW: 0, 12, 32, 101
LW: 0, 12, 32, 110
RW: 0, 12, 32, 101
LW: 0, 12, 32, 110
RW: 0, 12, 32, 101
LW: 0, 12, 32, 110
RW: 0, 12, 32, 101
LW: 0, 12, 32, 110
RW: 0, 12, 32, 101
LW: 0, 12, 32, 110
RW: 0, 12, 32, 101
LW: 0, 12, 32, 110
RW: 0, 12, 32, 101
LW: 0, 12, 32, 110
RW: 0, 12, 33, 101
LW: 0, 12, 32, 110
RW: 0, 12, 33, 101
LW: 0, 12, 32, 110
RW: 0, 12, 33, 101
LW: 0, 12, 32, 110
RW: 0, 12, 33, 101
LW: 0, 12, 32, 110
RW: 0, 12, 33, 101
LW: 0, 12, 32, 110
RW: 0, 12, 33, 101
LW: 0, 12, 32, 110
RW: 0, 12, 33, 101
LW: 0, 12, 32, 110
RW: 0, 12, 33, 101
LW: 0, 12, 33, 101
RW: 0, 12, 33, 101
LW: 0, 12, 33, 101
RW: 0, 12, 33, 101
LW: 0, 12, 33, 101
RW: 0, 12, 33, 101
LW: 0, 12, 33, 101
RW: 0, 12, 33, 101
LW: 0, 12, 33, 101
RW: 0, 12, 34, 101
LW: 0, 12, 33, 101
RW: 0, 12, 34, 101
LW: 0, 12, 33, 101
RW: 0, 12, 34, 101
LW: 0, 12, 33, 101
RW: 0, 12, 34, 101
LW: 0, 12, 33, 101
RW: 0, 12, 34, 101
LW: 0, 12, 33, 101
RW: 0, 12, 34, 101
LW: 0, 12, 33, 101
RW: 0, 12, 34, 101
LW: 0, 12, 33, 101
RW: 0, 12, 34, 101
LW: 0, 12, 33, 101
RW: 0, 12, 34, 101
LW: 0, 12, 33, 101
RW: 0, 12, 34, 101
LW: 0, 12, 33, 101
RW: 0, 12, 34, 101
LW: 0, 12, 33, 101
RW: 0, 12, 34, 101
LW: 0, 12, 34, 101
RW: 0, 12, 34, 101
LW: 0, 12, 34, 101
RW: 0, 12, 34, 101
LW: 0, 12, 34, 101
RW: 0, 22, 34, 101
LW: 0, 22, 34, 101
RW: 0, 22, 34, 101
LW: 0, 22, 34, 101
RW: 0, 22, 34, 101
LW: 0, 22, 34, 101
RW: 0, 22, 34, 101
LW: 0, 22, 34, 101
RW: 0, 22, 34, 101
LW: 0, 22, 34, 101
RW: 0, 22, 34, 101
LW: 0, 22, 34, 101
RW: 0, 22, 34, 101
LW: 0, 22, 34, 101
RW: 0, 22, 34, 101
LW: 0, 22, 34, 101
RW: 0, 22, 34, 101
LW: 0, 22, 34, 101
RW: 0, 22, 34, 101
LW: 0, 22, 34, 101
RW: 0, 22, 35, 101
LW: 0, 22, 34, 101
RW: 0, 22, 35, 101
LW: 0, 22, 34, 101
RW: 0, 22, 35, 101
LW: 0, 22, 34, 101
RW: 0, 22, 35, 101
LW: 0, 22, 34, 101
RW: 0, 22, 35, 101
LW: 0, 22, 34, 101
RW: 0, 22, 35, 101
LW: 0, 22, 34, 101
RW: 0, 22, 35, 101
LW: 0, 22, 34, 101
RW: 0, 22, 35, 101
LW: 0, 22, 34, 101
RW: 0, 22, 35, 101
LW: 0, 22, 34, 101
RW: 0, 22, 35, 101
LW: 0, 24, 34, 92
RW: 0, 15, 35, 101
LW: 0, 24, 35, 92
RW: 0, 15, 36, 101
LW: 0, 24, 35, 92
RW: 0, 15, 36, 101
LW: 0, 24, 35, 92
RW: 0, 15, 36, 101
LW: 0, 24, 35, 92
RW: 0, 15, 36, 101
LW: 0, 24, 35, 92
RW: 0, 15, 36, 101
LW: 0, 24, 35, 92
RW: 0, 15, 36, 101
LW: 0, 24, 35, 92
RW: 0, 15, 36, 101
LW: 0, 24, 35, 92
RW: 0, 15, 36, 101
LW: 0, 24, 35, 92
RW: 0, 15, 36, 101
LW: 0, 24, 35, 92
RW: 0, 15, 36, 101
LW: 0, 24, 35, 92
RW: 0, 15, 36, 101
LW: 0, 24, 35, 92
RW: 0, 15, 36, 101
LW: 0, 24, 36, 92
RW: 0, 15, 36, 101
LW: 0, 24, 36, 92
RW: 0, 15, 36, 101
LW: 0, 24, 36, 92
RW: 0, 15, 36, 101
LW: 0, 24, 36, 92
RW: 0, 15, 36, 101
LW: 0, 24, 36, 92
RW: 0, 15, 36, 101
LW: 0, 24, 36, 92
RW: 0, 15, 36, 92
LW: 0, 8, 36, 101
RW: 0, 15, 36, 92
LW: 0, 8, 36, 101
RW: 0, 15, 36, 92
LW: 0, 8, 36, 101
RW: 0, 15, 37, 92
LW: 0, 8, 36, 101
RW: 0, 15, 37, 92
LW: 0, 8, 36, 101
RW: 0, 15, 37, 92
LW: 0, 8, 36, 101
RW: 0, 15, 37, 92
LW: 0, 8, 36, 101
RW: 0, 15, 37, 92
LW: 0, 8, 36, 101
RW: 0, 15, 37, 92
LW: 0, 8, 36, 101
RW: 0, 15, 37, 92
LW: 0, 8, 36, 101
RW: 0, 15, 37, 92
LW: 0, 8, 36, 101
RW: 0, 15, 37, 92
LW: 0, 8, 37, 101
RW: 0, 15, 37, 92
LW: 0, 8, 37, 101
RW: 0, 15, 37, 92
LW: 0, 8, 37, 101
RW: 0, 15, 38, 92
LW: 0, 8, 37, 101
RW: 0, 15, 38, 92
LW: 0, 8, 37, 101
RW: 0, 15, 38, 92
LW: 0, 8, 37, 101
RW: 0, 15, 38, 92
LW: 0, 8, 37, 101
RW: 0, 15, 38, 92
LW: 0, 8, 37, 101
RW: 0, 5, 38, 110
LW: 0, 15, 37, 101
RW: 0, 5, 38, 110
LW: 0, 15, 37, 101
RW: 0, 5, 38, 110
LW: 0, 15, 37, 101
RW: 0, 5, 38, 110
LW: 0, 15, 37, 101
RW: 0, 5, 38, 110
LW: 0, 15, 38, 101
RW: 0, 5, 38, 110
LW: 0, 15, 38, 101
RW: 0, 5, 38, 110
LW: 0, 15, 38, 101
RW: 0, 5, 38, 110
LW: 0, 15, 38, 101
RW: 0, 5, 38, 110
LW: 0, 15, 38, 101
RW: 0, 5, 38, 110
LW: 0, 15, 38, 101
RW: 0, 5, 38, 110
LW: 0, 15, 38, 101
RW: 0, 5, 38, 110
LW: 0, 15, 38, 101
RW: 0, 5, 38, 110
LW: 0, 15, 38, 101
RW: 0, 5, 38, 110
LW: 0, 15, 38, 101
RW: 0, 5, 38, 110
LW: 0, 15, 38, 101
RW: 0, 5, 38, 110
LW: 0, 15, 38, 101
RW: 0, 5, 39, 110
LW: 0, 15, 38, 101
RW: 0, 5, 39, 110
LW: 0, 15, 38, 101
RW: 0, 5, 39, 110
LW: 0, 15, 38, 92
RW: 0, 12, 39, 101
LW: 0, 15, 38, 92
RW: 0, 12, 39, 101
LW: 0, 15, 38, 92
RW: 0, 12, 39, 101
LW: 0, 15, 38, 92
RW: 0, 12, 39, 101
LW: 0, 15, 38, 92
RW: 0, 12, 39, 101
LW: 0, 15, 39, 92
RW: 0, 12, 39, 101
LW: 0, 15, 39, 92
RW: 0, 12, 39, 101
LW: 0, 15, 39, 92
RW: 0, 12, 39, 101
LW: 0, 15, 39, 92
RW: 0, 12, 39, 101
LW: 0, 15, 39, 92
RW: 0, 12, 40, 101
LW: 0, 15, 39, 92
RW: 0, 12, 40, 101
LW: 0, 15, 39, 92
RW: 0, 12, 40, 101
LW: 0, 15, 39, 92
RW: 0, 12, 40, 101
LW: 0, 15, 39, 92
RW: 0, 12, 40, 101
LW: 0, 15, 39, 92
RW: 0, 12, 40, 101
LW: 0, 15, 39, 92
RW: 0, 12, 40, 101
LW: 0, 15, 39, 92
RW: 0, 12, 40, 101
LW: 0, 15, 39, 92
RW: 0, 12, 40, 101
LW: 0, 15, 40, 92
RW: 0, 12, 40, 101
LW: 0, 5, 40, 111
RW: 0, 12, 40, 101
LW: 0, 5, 40, 111
RW: 0, 12, 40, 101
LW: 0, 5, 40, 111
RW: 0, 12, 40, 101
LW: 0, 5, 40, 111
RW: 0, 12, 40, 101
LW: 0, 5, 40, 111
RW: 0, 12, 40, 101
LW: 0, 5, 40, 111
RW: 0, 12, 40, 101
LW: 0, 5, 40, 111
RW: 0, 12, 40, 101
LW: 0, 5, 40, 111
RW: 0, 12, 40, 101
LW: 0, 5, 40, 111
RW: 0, 12, 40, 101
LW: 0, 5, 40, 111
RW: 0, 12, 40, 101
LW: 0, 5, 40, 111
RW: 0, 12, 40, 101
LW: 0, 5, 40, 111
RW: 0, 12, 40, 101
LW: 0, 5, 40, 111
RW: 0, 12, 40, 101
LW: 0, 5, 40, 111
RW: 0, 12, 40, 101
LW: 0, 5, 40, 111
RW: 0, 12, 40, 101
LW: 0, 5, 40, 111
RW: 0, 12, 41, 101
LW: 0, 5, 40, 111
RW: 0, 12, 41, 101
LW: 0, 5, 40, 111
RW: 0, 12, 41, 101
LW: 0, 5, 40, 111
RW: 0, 12, 41, 101
LW: 0, 5, 40, 111
RW: 0, 12, 41, 101
LW: 0, 22, 41, 93
RW: 0, 12, 41, 101
LW: 0, 22, 41, 93
RW: 0, 12, 41, 101
LW: 0, 22, 41, 93
RW: 0, 12, 41, 101
LW: 0, 22, 41, 93
RW: 0, 12, 41, 101
LW: 0, 22, 41, 93
RW: 0, 12, 41, 101
LW: 0, 22, 41, 93
RW: 0, 12, 41, 101
LW: 0, 22, 41, 93
RW: 0, 12, 41, 101
LW: 0, 22, 41, 93
RW: 0, 12, 41, 101
LW: 0, 22, 41, 93
RW: 0, 12, 42, 101
LW: 0, 22, 41, 93
RW: 0, 12, 42, 101
LW: 0, 22, 41, 93
RW: 0, 12, 42, 101
LW: 0, 22, 41, 93
RW: 0, 12, 42, 101
LW: 0, 22, 41, 93
RW: 0, 12, 42, 101
LW: 0, 22, 41, 93
RW: 0, 12, 42, 101
LW: 0, 22, 41, 93
RW: 0, 12, 42, 101
LW: 0, 22, 42, 93
RW: 0, 12, 42, 101
LW: 0, 22, 42, 93
RW: 0, 12, 42, 101
LW: 0, 22, 42, 93
RW: 0, 12, 42, 101
LW: 0, 22, 42, 102
RW: 0, 12, 42, 101
LW: 0, 5, 42, 102
RW: 0, 12, 42, 101
LW: 0, 5, 42, 102
RW: 0, 12, 42, 101
LW: 0, 5, 42, 102
RW: 0, 12, 42, 101
LW: 0, 5, 42, 102
RW: 0, 12, 42, 101
LW: 0, 5, 42, 102
RW: 0, 12, 42, 101
LW: 0, 5, 42, 102
RW: 0, 12, 42, 101
LW: 0, 5, 42, 102
RW: 0, 12, 42, 101
LW: 0, 5, 42, 102
RW: 0, 12, 42, 101
LW: 0, 5, 42, 102
RW: 0, 12, 42, 101
LW: 0, 5, 42, 102
RW: 0, 12, 42, 101
LW: 0, 5, 42, 102
RW: 0, 12, 42, 101
LW: 0, 5, 42, 102
RW: 0, 12, 42, 101
LW: 0, 5, 42, 102
RW: 0, 12, 42, 101
LW: 0, 5, 42, 102
RW: 0, 12, 43, 101
LW: 0, 5, 42, 102
RW: 0, 12, 43, 101
LW: 0, 5, 42, 102
RW: 0, 12, 43, 101
LW: 0, 5, 42, 102
RW: 0, 12, 43, 101
LW: 0, 5, 43, 102
RW: 0, 12, 43, 101
LW: 0, 12, 43, 103
RW: 0, 12, 43, 101
LW: 0, 12, 43, 103
RW: 0, 12, 43, 101
LW: 0, 12, 43, 103
RW: 0, 12, 43, 101
LW: 0, 12, 43, 103
RW: 0, 12, 43, 101
LW: 0, 12, 43, 103
RW: 0, 12, 43, 101
LW: 0, 12, 43, 103
RW: 0, 12, 43, 101
LW: 0, 12, 43, 103
RW: 0, 12, 43, 101
LW: 0, 12, 43, 103
RW: 0, 12, 43, 101
LW: 0, 12, 43, 103
RW: 0, 12, 44, 101
LW: 0, 12, 43, 103
RW: 0, 12, 44, 101
LW: 0, 12, 43, 103
RW: 0, 12, 44, 101
LW: 0, 12, 43, 103
RW: 0, 12, 44, 101
LW: 0, 12, 43, 103
RW: 0, 12, 44, 101
LW: 0, 12, 43, 103
RW: 0, 12, 44, 101
LW: 0, 12, 43, 103
RW: 0, 12, 44, 101
LW: 0, 12, 43, 103
RW: 0, 12, 44, 101
LW: 0, 12, 44, 103
RW: 0, 12, 44, 101
LW: 0, 12, 44, 103
RW: 0, 12, 44, 101
LW: 0, 12, 44, 103
RW: 0, 12, 44, 101
LW: 0, 12, 44, 103
RW: 0, 12, 44, 101
LW: 0, 12, 44, 102
RW: 0, 12, 44, 101
LW: 0, 12, 44, 102
RW: 0, 12, 44, 101
LW: 0, 12, 44, 102
RW: 0, 12, 44, 101
LW: 0, 12, 44, 102
RW: 0, 12, 44, 101
LW: 0, 12, 44, 102
RW: 0, 12, 44, 101
LW: 0, 12, 44, 102
RW: 0, 12, 44, 101
LW: 0, 12, 44, 102
RW: 0, 12, 44, 101
LW: 0, 12, 44, 102
RW: 0, 12, 44, 101
LW: 0, 12, 44, 102
RW: 0, 12, 44, 101
LW: 0, 12, 44, 102
RW: 0, 12, 44, 101
LW: 0, 12, 44, 102
RW: 0, 12, 44, 101
LW: 0, 12, 44, 102
RW: 0, 12, 44, 101
LW: 0, 12, 44, 102
RW: 0, 12, 44, 101
LW: 0, 12, 44, 102
RW: 0, 12, 45, 101
LW: 0, 12, 44, 102
RW: 0, 12, 45, 101
LW: 0, 12, 44, 102
RW: 0, 12, 45, 101
LW: 0, 12, 44, 102
RW: 0, 12, 45, 101
LW: 0, 12, 44, 102
RW: 0, 12, 45, 101
LW: 0, 22, 44, 93
RW: 0, 12, 45, 101
LW: 0, 22, 44, 93
RW: 0, 12, 45, 101
LW: 0, 22, 45, 93
RW: 0, 12, 45, 101
LW: 0, 22, 45, 93
RW: 0, 12, 45, 101
LW: 0, 22, 45, 93
RW: 0, 12, 45, 101
LW: 0, 22, 45, 93
RW: 0, 12, 45, 101
LW: 0, 22, 45, 93
RW: 0, 12, 45, 101
LW: 0, 22, 45, 93
RW: 0, 12, 46, 101
LW: 0, 22, 45, 93
RW: 0, 12, 46, 101
LW: 0, 22, 45, 93
RW: 0, 12, 46, 101
LW: 0, 22, 45, 93
RW: 0, 12, 46, 101
LW: 0, 22, 45, 93
RW: 0, 12, 46, 101
LW: 0, 22, 45, 93
RW: 0, 12, 46, 101
LW: 0, 22, 45, 93
RW: 0, 12, 46, 101
LW: 0, 22, 45, 93
RW: 0, 12, 46, 101
LW: 0, 22, 45, 93
RW: 0, 12, 46, 101
LW: 0, 22, 46, 93
RW: 0, 12, 46, 101
LW: 0, 22, 46, 93
RW: 0, 12, 46, 101
LW: 0, 22, 46, 93
RW: 0, 12, 46, 101
LW: 0, 5, 46, 111
RW: 0, 12, 46, 101
LW: 0, 5, 46, 111
RW: 0, 12, 46, 101
LW: 0, 5, 46, 111
RW: 0, 12, 46, 101
LW: 0, 5, 46, 111
RW: 0, 12, 46, 101
LW: 0, 5, 46, 111
RW: 0, 12, 46, 101
LW: 0, 5, 46, 111
RW: 0, 12, 46, 101
LW: 0, 5, 46, 111
RW: 0, 12, 46, 101
LW: 0, 5, 46, 111
RW: 0, 12, 46, 101
LW: 0, 5, 46, 111
RW: 0, 12, 46, 101
LW: 0, 5, 46, 111
RW: 0, 12, 46, 101
LW: 0, 5, 46, 111
RW: 0, 12, 46, 101
LW: 0, 5, 46, 111
RW: 0, 12, 46, 101
LW: 0, 5, 46, 111
RW: 0, 12, 46, 101
LW: 0, 5, 46, 111
RW: 0, 12, 47, 101
LW: 0, 5, 46, 111
RW: 0, 12, 47, 101
LW: 0, 5, 46, 111
RW: 0, 12, 47, 101
LW: 0, 5, 46, 111
RW: 0, 12, 47, 101
LW: 0, 5, 46, 111
RW: 0, 12, 47, 101
LW: 0, 5, 47, 111
RW: 0, 22, 47, 101
LW: 0, 22, 47, 102
RW: 0, 22, 47, 101
LW: 0, 22, 47, 102
RW: 0, 22, 47, 101
LW: 0, 22, 47, 102
RW: 0, 22, 47, 101
LW: 0, 22, 47, 102
RW: 0, 22, 47, 101
LW: 0, 22, 47, 102
RW: 0, 22, 47, 101
LW: 0, 22, 47, 102
RW: 0, 22, 47, 101
LW: 0, 22, 47, 102
RW: 0, 22, 48, 101
LW: 0, 22, 47, 102
RW: 0, 22, 48, 101
LW: 0, 22, 47, 102
RW: 0, 22, 48, 101
LW: 0, 22, 47, 102
RW: 0, 22, 48, 101
LW: 0, 22, 47, 102
RW: 0, 22, 48, 101
LW: 0, 22, 47, 102
RW: 0, 22, 48, 101
LW: 0, 22, 47, 102
RW: 0, 22, 48, 101
LW: 0, 22, 47, 102
RW: 0, 22, 48, 101
LW: 0, 22, 47, 102
RW: 0, 22, 48, 101
LW: 0, 22, 48, 102
RW: 0, 22, 48, 101
LW: 0, 22, 48, 102
RW: 0, 22, 48, 101
LW: 0, 22, 48, 102
RW: 0, 22, 48, 101
LW: 0, 15, 48, 102
RW: 0, 15, 48, 92
LW: 0, 15, 48, 102
RW: 0, 15, 48, 92
LW: 0, 15, 48, 102
RW: 0, 15, 48, 92
LW: 0, 15, 48, 102
RW: 0, 15, 48, 92
LW: 0, 15, 48, 102
RW: 0, 15, 48, 92
LW: 0, 15, 48, 102
RW: 0, 15, 48, 92
LW: 0, 15, 48, 102
RW: 0, 15, 48, 92
LW: 0, 15, 48, 102
RW: 0, 15, 48, 92
LW: 0, 15, 48, 102
RW: 0, 15, 48, 92
LW: 0, 15, 48, 102
RW: 0, 15, 48, 92
LW: 0, 15, 48, 102
RW: 0, 15, 49, 92
LW: 0, 15, 48, 102
RW: 0, 15, 49, 92
LW: 0, 15, 48, 102
RW: 0, 15, 49, 92
LW: 0, 15, 48, 102
RW: 0, 15, 49, 92
LW: 0, 15, 48, 102
RW: 0, 15, 49, 92
LW: 0, 15, 48, 102
RW: 0, 15, 49, 92
LW: 0, 15, 48, 102
RW: 0, 15, 49, 92
LW: 0, 15, 49, 102
RW: 0, 15, 49, 92
LW: 0, 15, 49, 102
RW: 0, 15, 49, 92
LW: 0, 15, 49, 102
RW: 0, 15, 49, 92
LW: 0, 15, 49, 102
RW: 0, 15, 49, 92
LW: 0, 15, 49, 102
RW: 0, 15, 50, 92
LW: 0, 15, 49, 102
RW: 0, 15, 50, 92
LW: 0, 15, 49, 102
RW: 0, 15, 50, 92
LW: 0, 15, 49, 102
RW: 0, 15, 50, 92
LW: 0, 15, 49, 102
RW: 0, 15, 50, 92
LW: 0, 15, 49, 102
RW: 0, 15, 50, 92
LW: 0, 15, 49, 102
RW: 0, 15, 50, 92
LW: 0, 15, 49, 102
RW: 0, 15, 50, 92
LW: 0, 15, 49, 102
RW: 0, 15, 50, 92
LW: 0, 15, 50, 102
RW: 0, 15, 50, 92
LW: 0, 15, 50, 102
RW: 0, 15, 50, 92
LW: 0, 15, 50, 102
RW: 0, 15, 50, 92
LW: 0, 15, 50, 102
RW: 0, 15, 50, 92
LW: 0, 15, 50, 102
RW: 0, 15, 50, 92
LW: 0, 15, 50, 102
RW: 0, 15, 50, 92
LW: 0, 15, 50, 102
RW: 0, 15, 50, 92
LW: 0, 15, 50, 102
RW: 0, 15, 50, 92
LW: 0, 15, 50, 93
RW: 0, 15, 50, 92
LW: 0, 15, 50, 93
RW: 0, 15, 50, 92
LW: 0, 15, 50, 93
RW: 0, 15, 50, 92
LW: 0, 15, 50, 93
RW: 0, 15, 50, 92
LW: 0, 15, 50, 93
RW: 0, 15, 51, 92
LW: 0, 15, 50, 93
RW: 0, 15, 51, 92
LW: 0, 15, 50, 93
RW: 0, 15, 51, 92
LW: 0, 15, 50, 93
RW: 0, 15, 51, 92
LW: 0, 15, 50, 93
RW: 0, 15, 51, 92
LW: 0, 15, 50, 93
RW: 0, 15, 51, 92
LW: 0, 15, 50, 93
RW: 0, 15, 51, 92
LW: 0, 15, 51, 93
RW: 0, 15, 51, 92
LW: 0, 15, 51, 93
RW: 0, 15, 51, 92
LW: 0, 15, 51, 93
RW: 0, 15, 51, 92
LW: 0, 15, 51, 93
RW: 0, 15, 51, 92
LW: 0, 15, 51, 93
RW: 0, 15, 52, 92
LW: 0, 15, 51, 93
RW: 0, 15, 52, 92
LW: 0, 15, 51, 93
RW: 0, 15, 52, 92
LW: 0, 15, 51, 93
RW: 0, 15, 52, 92
LW: 0, 15, 51, 93
RW: 0, 5, 52, 101
LW: 0, 15, 51, 102
RW: 0, 5, 52, 101
LW: 0, 15, 51, 102
RW: 0, 5, 52, 101
LW: 0, 15, 51, 102
RW: 0, 5, 52, 101
LW: 0, 15, 52, 102
RW: 0, 5, 52, 101
LW: 0, 15, 52, 102
RW: 0, 5, 52, 101
LW: 0, 15, 52, 102
RW: 0, 5, 52, 101
LW: 0, 15, 52, 102
RW: 0, 5, 52, 101
LW: 0, 15, 52, 102
RW: 0, 5, 52, 101
LW: 0, 15, 52, 102
RW: 0, 5, 52, 101
LW: 0, 15, 52, 102
RW: 0, 5, 52, 101
LW: 0, 15, 52, 102
RW: 0, 5, 52, 101
LW: 0, 15, 52, 102
RW: 0, 5, 52, 101
LW: 0, 15, 52, 102
RW: 0, 5, 52, 101
LW: 0, 15, 52, 102
RW: 0, 5, 52, 101
LW: 0, 15, 52, 102
RW: 0, 5, 52, 101
LW: 0, 15, 52, 102
RW: 0, 5, 52, 101
LW: 0, 15, 52, 102
RW: 0, 5, 52, 101
LW: 0, 15, 52, 102
RW: 0, 5, 52, 101
LW: 0, 15, 52, 92
RW: 0, 22, 53, 92
LW: 0, 15, 52, 92
RW: 0, 22, 53, 92
LW: 0, 15, 52, 92
RW: 0, 22, 53, 92
LW: 0, 15, 52, 92
RW: 0, 22, 53, 92
LW: 0, 15, 52, 92
RW: 0, 22, 53, 92
LW: 0, 15, 53, 92
RW: 0, 22, 53, 92
LW: 0, 15, 53, 92
RW: 0, 22, 53, 92
LW: 0, 15, 53, 92
RW: 0, 22, 53, 92
LW: 0, 15, 53, 92
RW: 0, 22, 53, 92
LW: 0, 15, 53, 92
RW: 0, 22, 53, 92
LW: 0, 15, 53, 92
RW: 0, 22, 53, 92
LW: 0, 15, 53, 92
RW: 0, 22, 53, 92
LW: 0, 15, 53, 92
RW: 0, 22, 54, 92
LW: 0, 15, 53, 92
RW: 0, 22, 54, 92
LW: 0, 15, 53, 92
RW: 0, 22, 54, 92
LW: 0, 15, 53, 92
RW: 0, 22, 54, 92
LW: 0, 15, 53, 92
RW: 0, 22, 54, 92
LW: 0, 15, 54, 92
RW: 0, 22, 54, 92
LW: 0, 15, 54, 92
RW: 0, 5, 54, 102
LW: 0, 5, 54, 102
RW: 0, 5, 54, 102
LW: 0, 5, 54, 102
RW: 0, 5, 54, 102
LW: 0, 5, 54, 102
RW: 0, 5, 54, 102
LW: 0, 5, 54, 102
RW: 0, 5, 54, 102
LW: 0, 5, 54, 102
RW: 0, 5, 54, 102
LW: 0, 5, 54, 102
RW: 0, 5, 54, 102
LW: 0, 5, 54, 102
RW: 0, 5, 54, 102
LW: 0, 5, 54, 102
RW: 0, 5, 54, 102
LW: 0, 5, 54, 102
RW: 0, 5, 54, 102
LW: 0, 5, 54, 102
RW: 0, 5, 54, 102
LW: 0, 5, 54, 102
RW: 0, 5, 54, 102
LW: 0, 5, 54, 102
RW: 0, 5, 54, 102
LW: 0, 5, 54, 102
RW: 0, 5, 54, 102
LW: 0, 5, 54, 102
RW: 0, 5, 54, 102
LW: 0, 5, 54, 102
RW: 0, 5, 54, 102
LW: 0, 5, 54, 102
RW: 0, 5, 55, 102
LW: 0, 5, 54, 102
RW: 0, 5, 55, 102
LW: 0, 5, 54, 102
RW: 0, 5, 55, 102
LW: 0, 5, 55, 102
RW: 0, 12, 55, 102
LW: 0, 12, 55, 102
RW: 0, 12, 55, 102
LW: 0, 12, 55, 102
RW: 0, 12, 55, 102
LW: 0, 12, 55, 102
RW: 0, 12, 55, 102
LW: 0, 12, 55, 102
RW: 0, 12, 55, 102
LW: 0, 12, 55, 102
RW: 0, 12, 55, 102
LW: 0, 12, 55, 102
RW: 0, 12, 55, 102
LW: 0, 12, 55, 102
RW: 0, 12, 55, 102
LW: 0, 12, 55, 102
RW: 0, 12, 56, 102
LW: 0, 12, 55, 102
RW: 0, 12, 56, 102
LW: 0, 12, 55, 102
RW: 0, 12, 56, 102
LW: 0, 12, 55, 102
RW: 0, 12, 56, 102
LW: 0, 12, 55, 102
RW: 0, 12, 56, 102
LW: 0, 12, 56, 102
RW: 0, 12, 56, 102
LW: 0, 12, 56, 102
RW: 0, 12, 56, 102
LW: 0, 12, 56, 102
RW: 0, 12, 56, 102
LW: 0, 12, 56, 102
RW: 0, 12, 56, 102
LW: 0, 12, 56, 102
RW: 0, 12, 56, 102
LW: 0, 12, 56, 102
RW: 0, 12, 56, 102
LW: 0, 12, 56, 112
RW: 0, 12, 56, 102
LW: 0, 12, 56, 112
RW: 0, 12, 56, 102
LW: 0, 12, 56, 112
RW: 0, 12, 56, 102
LW: 0, 12, 56, 112
RW: 0, 12, 56, 102
LW: 0, 12, 56, 112
RW: 0, 12, 56, 102
LW: 0, 12, 56, 112
RW: 0, 12, 56, 102
LW: 0, 12, 56, 112
RW: 0, 12, 56, 102
LW: 0, 12, 56, 112
RW: 0, 12, 56, 102
LW: 0, 12, 56, 112
RW: 0, 12, 56, 102
LW: 0, 12, 56, 112
RW: 0, 12, 56, 102
LW: 0, 12, 56, 112
RW: 0, 12, 56, 102
LW: 0, 12, 56, 112
RW: 0, 12, 56, 102
LW: 0, 12, 56, 112
RW: 0, 12, 56, 102
LW: 0, 12, 56, 112
RW: 0, 12, 56, 102
LW: 0, 12, 56, 112
RW: 0, 12, 57, 102
LW: 0, 12, 56, 112
RW: 0, 12, 57, 102
LW: 0, 12, 56, 112
RW: 0, 12, 57, 102
LW: 0, 12, 56, 112
RW: 0, 12, 57, 102
LW: 0, 12, 56, 112
RW: 0, 12, 57, 102
LW: 0, 12, 56, 112
RW: 0, 12, 57, 102
LW: 0, 22, 57, 93
RW: 0, 12, 57, 102
LW: 0, 22, 57, 93
RW: 0, 12, 57, 102
LW: 0, 22, 57, 93
RW: 0, 12, 57, 102
LW: 0, 22, 57, 93
RW: 0, 12, 57, 102
LW: 0, 22, 57, 93
RW: 0, 12, 57, 102
LW: 0, 22, 57, 93
RW: 0, 12, 57, 102
LW: 0, 22, 57, 93
RW: 0, 12, 58, 102
LW: 0, 22, 57, 93
RW: 0, 12, 58, 102
LW: 0, 22, 57, 93
RW: 0, 12, 58, 102
LW: 0, 22, 57, 93
RW: 0, 12, 58, 102
LW: 0, 22, 57, 93
RW: 0, 12, 58, 102
LW: 0, 22, 57, 93
RW: 0, 12, 58, 102
LW: 0, 22, 57, 93
RW: 0, 12, 58, 102
LW: 0, 22, 57, 93
RW: 0, 12, 58, 102
LW: 0, 22, 58, 93
RW: 0, 12, 58, 102
LW: 0, 22, 58, 93
RW: 0, 12, 58, 102
LW: 0, 22, 58, 93
RW: 0, 12, 58, 102
LW: 0, 22, 58, 93
RW: 0, 12, 58, 102
LW: 0, 5, 58, 103
RW: 0, 12, 58, 102
LW: 0, 5, 58, 103
RW: 0, 12, 58, 102
LW: 0, 5, 58, 103
RW: 0, 12, 58, 102
LW: 0, 5, 58, 103
RW: 0, 12, 58, 102
LW: 0, 5, 58, 103
RW: 0, 12, 58, 102
LW: 0, 5, 58, 103
RW: 0, 12, 58, 102
LW: 0, 5, 58, 103
RW: 0, 12, 58, 102
LW: 0, 5, 58, 103
RW: 0, 12, 58, 102
LW: 0, 5, 58, 103
RW: 0, 12, 58, 102
LW: 0, 5, 58, 103
RW: 0, 12, 58, 102
LW: 0, 5, 58, 103
RW: 0, 12, 58, 102
LW: 0, 5, 58, 103
RW: 0, 12, 58, 102
LW: 0, 5, 58, 103
RW: 0, 12, 59, 102
LW: 0, 5, 58, 103
RW: 0, 12, 59, 102
LW: 0, 5, 58, 103
RW: 0, 12, 59, 102
LW: 0, 5, 59, 103
RW: 0, 12, 59, 102
LW: 0, 5, 59, 103
RW: 0, 12, 59, 102
LW: 0, 5, 59, 103
RW: 0, 12, 59, 102
LW: 0, 5, 59, 103
RW: 0, 12, 59, 102
LW: 0, 12, 59, 103
RW: 0, 12, 59, 102
LW: 0, 12, 59, 103
RW: 0, 12, 59, 102
LW: 0, 12, 59, 103
RW: 0, 12, 59, 102
LW: 0, 12, 59, 103
RW: 0, 12, 59, 102
LW: 0, 12, 59, 103
RW: 0, 12, 59, 102
LW: 0, 12, 59, 103
RW: 0, 12, 60, 102
LW: 0, 12, 59, 103
RW: 0, 12, 60, 102
LW: 0, 12, 59, 103
RW: 0, 12, 60, 102
LW: 0, 12, 59, 103
RW: 0, 12, 60, 102
LW: 0, 12, 59, 103
RW: 0, 12, 60, 102
LW: 0, 12, 59, 103
RW: 0, 12, 60, 102
LW: 0, 12, 60, 103
RW: 0, 12, 60, 102
LW: 0, 12, 60, 103
RW: 0, 12, 60, 102
LW: 0, 12, 60, 103
RW: 0, 12, 60, 102
LW: 0, 12, 60, 103
RW: 0, 12, 60, 102
LW: 0, 12, 60, 103
RW: 0, 12, 60, 102
LW: 0, 12, 60, 103
RW: 0, 12, 60, 102
LW: 0, 12, 60, 103
RW: 0, 12, 60, 102
LW: 0, 12, 60, 103
RW: 0, 12, 60, 102
LW: 0, 12, 60, 103
RW: 0, 12, 60, 102
LW: 0, 12, 60, 103
RW: 0, 12, 60, 102
LW: 0, 12, 60, 103
RW: 0, 12, 60, 102
LW: 0, 12, 60, 103
RW: 0, 12, 60, 102
LW: 0, 12, 60, 103
RW: 0, 12, 60, 102
LW: 0, 12, 60, 103
RW: 0, 12, 60, 102
LW: 0, 12, 60, 103
RW: 0, 12, 60, 102
LW: 0, 12, 60, 103
RW: 0, 12, 60, 102
LW: 0, 12, 60, 103
RW: 0, 12, 60, 102
LW: 0, 12, 60, 103
RW: 0, 12, 60, 102
LW: 0, 12, 60, 103
RW: 0, 12, 60, 102
LW: 0, 12, 60, 103
RW: 0, 12, 61, 102
LW: 0, 12, 60, 103
RW: 0, 12, 61, 102
LW: 0, 12, 60, 103
RW: 0, 12, 61, 102
LW: 0, 12, 61, 103
RW: 0, 12, 61, 102
LW: 0, 12, 61, 103
RW: 0, 12, 61, 102
LW: 0, 12, 61, 103
RW: 0, 12, 61, 102
LW: 0, 12, 61, 103
RW: 0, 12, 61, 102
LW: 0, 12, 61, 103
RW: 0, 12, 61, 101
LW: 0, 12, 61, 102
RW: 0, 12, 61, 101
LW: 0, 12, 61, 102
RW: 0, 12, 61, 101
LW: 0, 12, 61, 102
RW: 0, 12, 61, 101
LW: 0, 12, 61, 102
RW: 0, 12, 61, 101
LW: 0, 12, 61, 102
RW: 0, 12, 61, 101
LW: 0, 12, 61, 102
RW: 0, 12, 62, 101
LW: 0, 12, 61, 102
RW: 0, 12, 62, 101
LW: 0, 12, 61, 102
RW: 0, 12, 62, 101
LW: 0, 12, 61, 102
RW: 0, 12, 62, 101
LW: 0, 12, 61, 102
RW: 0, 12, 62, 101
LW: 0, 12, 62, 102
RW: 0, 12, 62, 101
LW: 0, 12, 62, 102
RW: 0, 12, 62, 101
LW: 0, 12, 62, 102
RW: 0, 12, 62, 101
LW: 0, 12, 62, 102
RW: 0, 12, 62, 101
LW: 0, 12, 62, 102
RW: 0, 12, 62, 101
LW: 0, 12, 62, 102
RW: 0, 12, 62, 101
LW: 0, 12, 62, 102
RW: 0, 12, 62, 101
LW: 0, 12, 62, 102
RW: 0, 12, 62, 101
LW: 0, 12, 62, 102
RW: 0, 22, 62, 93
LW: 0, 22, 62, 103
RW: 0, 22, 62, 93
LW: 0, 22, 62, 103
RW: 0, 22, 62, 93
LW: 0, 22, 62, 103
RW: 0, 22, 62, 93
LW: 0, 22, 62, 103
RW: 0, 22, 62, 93
LW: 0, 22, 62, 103
RW: 0, 22, 62, 93
LW: 0, 22, 62, 103
RW: 0, 22, 62, 93
LW: 0, 22, 62, 103
RW: 0, 22, 62, 93
LW: 0, 22, 62, 103
RW: 0, 22, 62, 93
LW: 0, 22, 62, 103
RW: 0, 22, 62, 93
LW: 0, 22, 62, 103
RW: 0, 22, 62, 93
LW: 0, 22, 62, 103
RW: 0, 22, 62, 93
LW: 0, 22, 62, 103
RW: 0, 22, 63, 93
LW: 0, 22, 62, 103
RW: 0, 22, 63, 93
LW: 0, 22, 62, 103
RW: 0, 22, 63, 93
LW: 0, 22, 62, 103
RW: 0, 22, 63, 93
LW: 0, 22, 63, 103
RW: 0, 22, 63, 93
LW: 0, 22, 63, 103
RW: 0, 22, 63, 93
LW: 0, 22, 63, 103
RW: 0, 22, 63, 93
LW: 0, 22, 63, 103
RW: 0, 15, 63, 102
LW: 0, 15, 63, 103
RW: 0, 15, 63, 102
LW: 0, 15, 63, 103
RW: 0, 15, 63, 102
LW: 0, 15, 63, 103
RW: 0, 15, 63, 102
LW: 0, 15, 63, 103
RW: 0, 15, 63, 102
LW: 0, 15, 63, 103
RW: 0, 15, 64, 102
LW: 0, 15, 63, 103
RW: 0, 15, 64, 102
LW: 0, 15, 63, 103
RW: 0, 15, 64, 102
LW: 0, 15, 63, 103
RW: 0, 15, 64, 102
LW: 0, 15, 63, 103
RW: 0, 15, 64, 102
LW: 0, 15, 64, 103
RW: 0, 15, 64, 102
LW: 0, 15, 64, 103
RW: 0, 15, 64, 102
LW: 0, 15, 64, 103
RW: 0, 15, 64, 102
LW: 0, 15, 64, 103
RW: 0, 15, 64, 102
LW: 0, 15, 64, 103
RW: 0, 15, 64, 102
LW: 0, 15, 64, 103
RW: 0, 15, 64, 102
LW: 0, 15, 64, 103
RW: 0, 15, 64, 102
LW: 0, 15, 64, 103
RW: 0, 15, 64, 102
LW: 0, 15, 64, 103
RW: 0, 15, 64, 102
LW: 0, 15, 64, 93
RW: 0, 15, 64, 93
LW: 0, 15, 64, 93
RW: 0, 15, 64, 93
LW: 0, 15, 64, 93
RW: 0, 15, 64, 93
LW: 0, 15, 64, 93
RW: 0, 15, 64, 93
LW: 0, 15, 64, 93
RW: 0, 15, 64, 93
LW: 0, 15, 64, 93
RW: 0, 15, 64, 93
LW: 0, 15, 64, 93
RW: 0, 15, 64, 93
LW: 0, 15, 64, 93
RW: 0, 15, 65, 93
LW: 0, 15, 64, 93
RW: 0, 15, 65, 93
LW: 0, 15, 64, 93
RW: 0, 15, 65, 93
LW: 0, 15, 64, 93
RW: 0, 15, 65, 93
LW: 0, 15, 65, 93
RW: 0, 15, 65, 93
LW: 0, 15, 65, 93
RW: 0, 15, 65, 93
LW: 0, 15, 65, 93
RW: 0, 15, 65, 93
LW: 0, 15, 65, 93
RW: 0, 15, 65, 93
LW: 0, 15, 65, 93
RW: 0, 15, 65, 93
LW: 0, 15, 65, 93
RW: 0, 15, 65, 93
LW: 0, 15, 65, 93
RW: 0, 15, 65, 93
LW: 0, 15, 65, 93
RW: 0, 15, 65, 93
LW: 0, 15, 65, 93
RW: 0, 5, 66, 101
LW: 0, 15, 65, 93
RW: 0, 5, 66, 101
LW: 0, 15, 65, 93
RW: 0, 5, 66, 101
LW: 0, 15, 65, 93
RW: 0, 5, 66, 101
LW: 0, 15, 65, 93
RW: 0, 5, 66, 101
LW: 0, 15, 66, 93
RW: 0, 5, 66, 101
LW: 0, 15, 66, 93
RW: 0, 5, 66, 101
LW: 0, 15, 66, 93
RW: 0, 5, 66, 101
LW: 0, 15, 66, 93
RW: 0, 5, 66, 101
LW: 0, 15, 66, 93
RW: 0, 5, 66, 101
LW: 0, 15, 66, 93
RW: 0, 5, 66, 101
LW: 0, 15, 66, 93
RW: 0, 5, 66, 101
LW: 0, 15, 66, 93
RW: 0, 5, 66, 101
LW: 0, 15, 66, 93
RW: 0, 5, 66, 101
LW: 0, 15, 66, 93
RW: 0, 5, 66, 101
LW: 0, 15, 66, 93
RW: 0, 5, 66, 101
LW: 0, 15, 66, 93
RW: 0, 5, 66, 101
LW: 0, 15, 66, 93
RW: 0, 5, 66, 101
LW: 0, 15, 66, 93
RW: 0, 5, 66, 101
LW: 0, 15, 66, 93
RW: 0, 22, 66, 92
LW: 0, 15, 66, 93
RW: 0, 22, 66, 92
LW: 0, 15, 66, 93
RW: 0, 22, 66, 92
LW: 0, 15, 66, 93
RW: 0, 22, 66, 92
LW: 0, 15, 67, 93
RW: 0, 22, 67, 92
LW: 0, 15, 67, 93
RW: 0, 22, 67, 92
LW: 0, 15, 67, 93
RW: 0, 22, 67, 92
LW: 0, 15, 67, 93
RW: 0, 22, 67, 92
LW: 0, 15, 67, 93
RW: 0, 22, 67, 92
LW: 0, 15, 67, 93
RW: 0, 22, 67, 92
LW: 0, 15, 67, 93
RW: 0, 22, 67, 92
LW: 0, 15, 67, 93
RW: 0, 22, 67, 92
LW: 0, 15, 67, 93
RW: 0, 22, 67, 92
LW: 0, 15, 67, 93
RW: 0, 22, 67, 92
LW: 0, 15, 67, 93
RW: 0, 22, 67, 92
LW: 0, 15, 67, 93
RW: 0, 22, 67, 92
LW: 0, 15, 67, 93
RW: 0, 22, 68, 92
LW: 0, 15, 68, 93
RW: 0, 22, 68, 92
LW: 0, 15, 68, 93
RW: 0, 22, 68, 92
LW: 0, 15, 68, 93
RW: 0, 5, 68, 101
LW: 0, 5, 68, 111
RW: 0, 5, 68, 101
LW: 0, 5, 68, 111
RW: 0, 5, 68, 101
LW: 0, 5, 68, 111
RW: 0, 5, 68, 101
LW: 0, 5, 68, 111
RW: 0, 5, 68, 101
LW: 0, 5, 68, 111
RW: 0, 5, 68, 101
LW: 0, 5, 68, 111
RW: 0, 5, 68, 101
LW: 0, 5, 68, 111
RW: 0, 5, 68, 101
LW: 0, 5, 68, 111
RW: 0, 5, 68, 101
LW: 0, 5, 68, 111
RW: 0, 5, 68, 101
LW: 0, 5, 68, 111
RW: 0, 5, 68, 101
LW: 0, 5, 68, 111
RW: 0, 5, 68, 101
LW: 0, 5, 68, 111
RW: 0, 5, 68, 91
LW: 0, 12, 69, 101
RW: 0, 22, 69, 91
LW: 0, 12, 69, 101
RW: 0, 22, 69, 91
LW: 0, 12, 69, 101
RW: 0, 22, 69, 91
LW: 0, 12, 69, 101
RW: 0, 22, 69, 91
LW: 0, 12, 69, 101
RW: 0, 22, 69, 91
LW: 0, 12, 69, 101
RW: 0, 22, 69, 91
LW: 0, 12, 69, 101
RW: 0, 22, 69, 91
LW: 0, 12, 69, 101
RW: 0, 22, 70, 91
LW: 0, 12, 69, 101
RW: 0, 22, 70, 91
LW: 0, 12, 70, 101
RW: 0, 22, 70, 91
LW: 0, 12, 70, 101
RW: 0, 22, 70, 91
LW: 0, 12, 70, 101
RW: 0, 5, 70, 100
LW: 0, 12, 70, 101
RW: 0, 5, 70, 100
LW: 0, 12, 70, 101
RW: 0, 5, 70, 100
LW: 0, 12, 70, 101
RW: 0, 5, 70, 100
LW: 0, 12, 70, 101
RW: 0, 5, 70, 100
LW: 0, 12, 70, 101
RW: 0, 5, 70, 100
LW: 0, 12, 70, 101
RW: 0, 5, 70, 100
LW: 0, 12, 70, 101
RW: 0, 5, 70, 100
LW: 0, 12, 70, 101
RW: 0, 5, 70, 100
LW: 0, 12, 70, 101
RW: 0, 5, 71, 100
LW: 0, 12, 70, 101
RW: 0, 5, 71, 100
LW: 0, 12, 70, 101
RW: 0, 12, 71, 101
LW: 0, 22, 70, 92
RW: 0, 12, 71, 101
LW: 0, 22, 71, 92
RW: 0, 12, 71, 101
LW: 0, 22, 71, 92
RW: 0, 12, 71, 101
LW: 0, 22, 71, 92
RW: 0, 12, 72, 101
LW: 0, 22, 71, 92
RW: 0, 12, 72, 101
LW: 0, 22, 71, 92
RW: 0, 12, 72, 101
LW: 0, 22, 71, 92
RW: 0, 12, 72, 101
LW: 0, 22, 71, 92
RW: 0, 12, 72, 101
LW: 0, 22, 71, 92
RW: 0, 12, 72, 101
LW: 0, 22, 72, 92
RW: 0, 12, 72, 101
LW: 0, 22, 72, 92
RW: 0, 12, 72, 101
LW: 0, 5, 72, 102
RW: 0, 12, 72, 101
LW: 0, 5, 72, 102
RW: 0, 12, 72, 101
LW: 0, 5, 72, 102
RW: 0, 12, 72, 101
LW: 0, 5, 72, 102
RW: 0, 12, 72, 101
LW: 0, 5, 72, 102
RW: 0, 12, 72, 101
LW: 0, 5, 72, 102
RW: 0, 12, 72, 101
LW: 0, 5, 72, 102
RW: 0, 12, 73, 101
LW: 0, 5, 72, 102
RW: 0, 12, 73, 101
LW: 0, 5, 72, 102
RW: 0, 12, 73, 101
LW: 0, 5, 72, 102
RW: 0, 12, 73, 101
LW: 0, 5, 73, 102
RW: 0, 12, 73, 101
LW: 0, 12, 73, 102
RW: 0, 12, 73, 101
LW: 0, 12, 73, 102
RW: 0, 12, 74, 101
LW: 0, 12, 73, 102
RW: 0, 12, 74, 101
LW: 0, 12, 73, 102
RW: 0, 12, 74, 101
LW: 0, 12, 73, 102
RW: 0, 12, 74, 101
LW: 0, 12, 73, 102
RW: 0, 12, 74, 101
LW: 0, 12, 73, 102
RW: 0, 12, 74, 101
LW: 0, 12, 74, 102
RW: 0, 12, 74, 101
LW: 0, 12, 74, 102
RW: 0, 12, 74, 101
LW: 0, 12, 74, 102
RW: 0, 12, 74, 101
LW: 0, 12, 74, 102
RW: 0, 12, 74, 101
LW: 0, 12, 74, 102
RW: 0, 12, 74, 101
LW: 0, 12, 74, 102
RW: 0, 12, 74, 101
LW: 0, 12, 74, 102
RW: 0, 12, 74, 101
LW: 0, 12, 74, 102
RW: 0, 12, 74, 101
LW: 0, 12, 74, 102
RW: 0, 12, 74, 101
LW: 0, 12, 74, 102
RW: 0, 12, 75, 101
LW: 0, 12, 74, 102
RW: 0, 12, 75, 101
LW: 0, 12, 74, 102
RW: 0, 12, 75, 101
LW: 0, 12, 74, 102
RW: 0, 12, 75, 101
LW: 0, 12, 74, 102
RW: 0, 12, 75, 101
LW: 0, 22, 74, 93
RW: 0, 12, 75, 101
LW: 0, 22, 75, 93
RW: 0, 12, 75, 101
LW: 0, 22, 75, 93
RW: 0, 12, 75, 101
LW: 0, 22, 75, 93
RW: 0, 12, 76, 101
LW: 0, 22, 75, 93
RW: 0, 12, 76, 101
LW: 0, 22, 75, 93
RW: 0, 12, 76, 101
LW: 0, 22, 75, 93
RW: 0, 12, 76, 101
LW: 0, 22, 75, 93
RW: 0, 12, 76, 101
LW: 0, 22, 75, 93
RW: 0, 12, 76, 101
LW: 0, 22, 76, 93
RW: 0, 12, 76, 101
LW: 0, 22, 76, 93
RW: 0, 12, 76, 101
LW: 0, 5, 76, 102
RW: 0, 12, 76, 92
LW: 0, 5, 76, 102
RW: 0, 12, 76, 92
LW: 0, 5, 76, 102
RW: 0, 12, 76, 92
LW: 0, 5, 76, 102
RW: 0, 12, 76, 92
LW: 0, 5, 76, 102
RW: 0, 12, 76, 92
LW: 0, 5, 76, 102
RW: 0, 12, 76, 92
LW: 0, 5, 76, 102
RW: 0, 12, 76, 92
LW: 0, 5, 76, 102
RW: 0, 12, 77, 92
LW: 0, 5, 76, 102
RW: 0, 12, 77, 92
LW: 0, 5, 76, 102
RW: 0, 12, 77, 92
LW: 0, 5, 77, 102
RW: 0, 12, 77, 92
LW: 0, 5, 77, 102
RW: 0, 22, 77, 101
LW: 0, 22, 77, 102
RW: 0, 22, 77, 101
LW: 0, 22, 77, 102
RW: 0, 22, 77, 101
LW: 0, 22, 77, 102
RW: 0, 22, 78, 101
LW: 0, 22, 77, 102
RW: 0, 22, 78, 101
LW: 0, 22, 77, 102
RW: 0, 22, 78, 101
LW: 0, 22, 77, 102
RW: 0, 22, 78, 101
LW: 0, 22, 77, 102
RW: 0, 22, 78, 101
LW: 0, 22, 78, 102
RW: 0, 22, 78, 101
LW: 0, 22, 78, 102
RW: 0, 22, 78, 101
LW: 0, 22, 78, 102
RW: 0, 22, 78, 101
LW: 0, 22, 78, 102
RW: 0, 15, 78, 93
LW: 0, 15, 78, 93
RW: 0, 15, 78, 93
LW: 0, 15, 78, 93
RW: 0, 15, 78, 93
LW: 0, 15, 78, 93
RW: 0, 15, 78, 93
LW: 0, 15, 78, 93
RW: 0, 15, 78, 93
LW: 0, 15, 78, 93
RW: 0, 15, 78, 93
LW: 0, 15, 78, 93
RW: 0, 15, 79, 93
LW: 0, 15, 78, 93
RW: 0, 15, 79, 93
LW: 0, 15, 78, 93
RW: 0, 15, 79, 93
LW: 0, 15, 79, 93
RW: 0, 15, 79, 93
LW: 0, 15, 79, 93
RW: 0, 15, 79, 93
LW: 0, 15, 79, 93
RW: 0, 15, 79, 102
LW: 0, 15, 79, 93
RW: 0, 15, 80, 102
LW: 0, 15, 79, 93
RW: 0, 15, 80, 102
LW: 0, 15, 79, 93
RW: 0, 15, 80, 102
LW: 0, 15, 79, 93
RW: 0, 15, 80, 102
LW: 0, 15, 79, 93
RW: 0, 15, 80, 102
LW: 0, 15, 80, 93
RW: 0, 15, 80, 102
LW: 0, 15, 80, 93
RW: 0, 15, 80, 102
LW: 0, 15, 80, 93
RW: 0, 15, 80, 102
LW: 0, 15, 80, 93
RW: 0, 15, 80, 102
LW: 0, 15, 80, 93
RW: 0, 15, 80, 102
LW: 0, 15, 80, 93
RW: 0, 15, 80, 102
LW: 0, 15, 80, 93
RW: 0, 15, 80, 93
LW: 0, 15, 80, 93
RW: 0, 15, 80, 93
LW: 0, 15, 80, 93
RW: 0, 15, 81, 93
LW: 0, 15, 80, 93
RW: 0, 15, 81, 93
LW: 0, 15, 80, 93
RW: 0, 15, 81, 93
LW: 0, 15, 81, 93
RW: 0, 15, 81, 93
LW: 0, 15, 81, 93
RW: 0, 15, 81, 93
LW: 0, 15, 81, 93
RW: 0, 15, 81, 93
LW: 0, 15, 81, 93
RW: 0, 15, 82, 93
LW: 0, 15, 81, 93
RW: 0, 15, 82, 93
LW: 0, 15, 81, 93
RW: 0, 15, 82, 93
LW: 0, 15, 81, 93
RW: 0, 5, 82, 102
LW: 0, 15, 82, 102
RW: 0, 5, 82, 102
LW: 0, 15, 82, 102
RW: 0, 5, 82, 102
LW: 0, 15, 82, 102
RW: 0, 5, 82, 102
LW: 0, 15, 82, 102
RW: 0, 5, 82, 102
LW: 0, 15, 82, 102
RW: 0, 5, 82, 102
LW: 0, 15, 82, 102
RW: 0, 5, 82, 102
LW: 0, 15, 82, 102
RW: 0, 5, 82, 102
LW: 0, 15, 82, 102
RW: 0, 5, 82, 102
LW: 0, 15, 82, 102
RW: 0, 5, 82, 102
LW: 0, 15, 82, 102
RW: 0, 5, 82, 102
LW: 0, 15, 82, 102
RW: 0, 12, 83, 102
LW: 0, 15, 83, 93
RW: 0, 12, 83, 102
LW: 0, 15, 83, 93
RW: 0, 12, 83, 102
LW: 0, 15, 83, 93
RW: 0, 12, 83, 102
LW: 0, 15, 83, 93
RW: 0, 12, 83, 102
LW: 0, 15, 83, 93
RW: 0, 12, 83, 102
LW: 0, 15, 83, 93
RW: 0, 12, 83, 102
LW: 0, 15, 83, 93
RW: 0, 12, 84, 102
LW: 0, 15, 83, 93
RW: 0, 12, 84, 102
LW: 0, 15, 84, 93
RW: 0, 12, 84, 102
LW: 0, 15, 84, 93
RW: 0, 12, 84, 102
LW: 0, 15, 84, 93
RW: 0, 12, 84, 101
LW: 0, 5, 84, 101
RW: 0, 12, 84, 101
LW: 0, 5, 84, 101
RW: 0, 12, 84, 101
LW: 0, 5, 84, 101
RW: 0, 12, 84, 101
LW: 0, 5, 84, 101
RW: 0, 12, 84, 101
LW: 0, 5, 84, 101
RW: 0, 12, 84, 101
LW: 0, 5, 84, 101
RW: 0, 12, 84, 101
LW: 0, 5, 84, 101
RW: 0, 12, 84, 101
LW: 0, 5, 84, 101
RW: 0, 12, 84, 101
LW: 0, 5, 85, 101
RW: 0, 12, 84, 101
LW: 0, 5, 85, 101
RW: 0, 12, 84, 101
LW: 0, 5, 85, 101
RW: 0, 12, 85, 101
LW: 0, 12, 85, 101
RW: 0, 12, 85, 101
LW: 0, 12, 85, 101
RW: 0, 12, 85, 101
LW: 0, 12, 85, 101
RW: 0, 12, 85, 101
LW: 0, 12, 85, 101
RW: 0, 12, 85, 101
LW: 0, 12, 85, 101
RW: 0, 12, 85, 101
LW: 0, 12, 86, 101
RW: 0, 12, 85, 101
LW: 0, 12, 86, 101
RW: 0, 12, 86, 101
LW: 0, 12, 86, 101
RW: 0, 12, 86, 101
LW: 0, 12, 86, 101
RW: 0, 12, 86, 101
LW: 0, 12, 86, 101
RW: 0, 12, 86, 101
LW: 0, 12, 86, 101
RW: 0, 12, 86, 101
LW: 0, 12, 86, 101
RW: 0, 12, 86, 101
LW: 0, 12, 86, 111
RW: 0, 12, 86, 101
LW: 0, 12, 86, 111
RW: 0, 12, 86, 101
LW: 0, 12, 86, 111
RW: 0, 12, 86, 101
LW: 0, 12, 86, 111
RW: 0, 12, 86, 101
LW: 0, 12, 86, 111
RW: 0, 12, 86, 101
LW: 0, 12, 86, 111
RW: 0, 12, 86, 101
LW: 0, 12, 86, 111
RW: 0, 12, 86, 101
LW: 0, 12, 87, 111
RW: 0, 12, 86, 101
LW: 0, 12, 87, 111
RW: 0, 12, 87, 101
LW: 0, 12, 87, 111
RW: 0, 12, 87, 101
LW: 0, 12, 87, 111
RW: 0, 12, 87, 101
LW: 0, 12, 87, 101
RW: 0, 12, 87, 101
LW: 0, 12, 87, 101
RW: 0, 12, 87, 101
LW: 0, 12, 87, 101
RW: 0, 12, 87, 101
LW: 0, 12, 87, 101
RW: 0, 12, 87, 101
LW: 0, 12, 87, 101
RW: 0, 12, 87, 101
LW: 0, 12, 88, 101
RW: 0, 12, 88, 101
LW: 0, 12, 88, 101
RW: 0, 12, 88, 101
LW: 0, 12, 88, 101
RW: 0, 12, 88, 101
LW: 0, 12, 88, 101
RW: 0, 12, 88, 101
LW: 0, 12, 88, 101
RW: 0, 12, 88, 101
LW: 0, 12, 88, 101
RW: 0, 12, 88, 101
LW: 0, 12, 88, 101
RW: 0, 12, 88, 101
LW: 0, 12, 88, 101
RW: 0, 12, 88, 101
LW: 0, 12, 88, 101
RW: 0, 12, 88, 101
LW: 0, 12, 88, 101
RW: 0, 12, 88, 101
LW: 0, 12, 88, 101
RW: 0, 12, 88, 101
LW: 0, 12, 88, 101
RW: 0, 12, 88, 101
LW: 0, 12, 88, 101
RW: 0, 12, 88, 101
LW: 0, 12, 88, 101
RW: 0, 12, 88, 101
LW: 0, 12, 89, 101
RW: 0, 12, 89, 101
LW: 0, 12, 89, 101
RW: 0, 12, 89, 101
LW: 0, 12, 89, 101
RW: 0, 12, 89, 101
LW: 0, 12, 89, 101
RW: 0, 12, 89, 101
LW: 0, 12, 89, 101
RW: 0, 12, 89, 101
LW: 0, 12, 89, 101
RW: 0, 12, 89, 101
LW: 0, 12, 89, 101
RW: 0, 12, 89, 101
LW: 0, 12, 89, 101
RW: 0, 12, 90, 101
LW: 0, 12, 89, 101
RW: 0, 12, 90, 101
LW: 0, 12, 90, 101
RW: 0, 12, 90, 101
LW: 0, 12, 90, 101
RW: 0, 12, 90, 101
LW: 0, 12, 90, 101
RW: 0, 12, 90, 101
LW: 0, 12, 90, 101
RW: 0, 12, 90, 101
LW: 0, 12, 90, 101
RW: 0, 12, 90, 101
LW: 0, 12, 90, 101
RW: 0, 22, 90, 101
LW: 0, 22, 90, 101
RW: 0, 22, 90, 101
LW: 0, 22, 90, 101
RW: 0, 22, 90, 101
LW: 0, 22, 90, 101
RW: 0, 22, 90, 101
LW: 0, 22, 90, 101
RW: 0, 22, 90, 101
LW: 0, 22, 90, 101
RW: 0, 22, 90, 101
LW: 0, 22, 90, 101
RW: 0, 22, 90, 101
LW: 0, 22, 90, 101
RW: 0, 22, 91, 101
LW: 0, 22, 90, 101
RW: 0, 22, 91, 101
LW: 0, 22, 91, 101
RW: 0, 22, 91, 101
LW: 0, 22, 91, 101
RW: 0, 22, 91, 101
LW: 0, 22, 91, 101
RW: 0, 15, 91, 101
LW: 0, 15, 91, 101
RW: 0, 15, 91, 101
LW: 0, 15, 91, 101
RW: 0, 15, 91, 101
LW: 0, 15, 91, 101
RW: 0, 15, 92, 101
LW: 0, 15, 91, 101
RW: 0, 15, 92, 101
LW: 0, 15, 91, 101
RW: 0, 15, 92, 101
LW: 0, 15, 92, 101
RW: 0, 15, 92, 101
LW: 0, 15, 92, 101
RW: 0, 15, 92, 101
LW: 0, 15, 92, 101
RW: 0, 15, 92, 101
LW: 0, 15, 92, 101
RW: 0, 15, 92, 101
LW: 0, 15, 92, 101
RW: 0, 15, 92, 101
LW: 0, 15, 92, 101
RW: 0, 15, 92, 92
LW: 0, 15, 92, 101
RW: 0, 15, 92, 92
LW: 0, 15, 92, 101
RW: 0, 15, 92, 92
LW: 0, 15, 92, 101
RW: 0, 15, 92, 92
LW: 0, 15, 92, 101
RW: 0, 15, 93, 92
LW: 0, 15, 92, 101
RW: 0, 15, 93, 92
LW: 0, 15, 93, 101
RW: 0, 15, 93, 92
LW: 0, 15, 93, 101
RW: 0, 15, 93, 92
LW: 0, 15, 93, 101
RW: 0, 15, 93, 92
LW: 0, 15, 93, 101
RW: 0, 15, 93, 92
LW: 0, 15, 93, 101
RW: 0, 15, 94, 92
LW: 0, 15, 93, 101
RW: 0, 15, 94, 92
LW: 0, 15, 93, 101
RW: 0, 5, 94, 102
LW: 0, 15, 93, 101
RW: 0, 5, 94, 102
LW: 0, 15, 94, 101
RW: 0, 5, 94, 102
LW: 0, 15, 94, 101
RW: 0, 5, 94, 102
LW: 0, 15, 94, 101
RW: 0, 5, 94, 102
LW: 0, 15, 94, 101
RW: 0, 5, 94, 102
LW: 0, 15, 94, 101
RW: 0, 5, 94, 102
LW: 0, 15, 94, 101
RW: 0, 5, 94, 102
LW: 0, 15, 94, 101
RW: 0, 5, 94, 102
LW: 0, 15, 94, 101
RW: 0, 5, 94, 102
LW: 0, 15, 94, 101
RW: 0, 12, 95, 101
LW: 0, 15, 94, 92
RW: 0, 12, 95, 101
LW: 0, 15, 94, 92
RW: 0, 12, 95, 101
LW: 0, 15, 95, 92
RW: 0, 12, 95, 101
LW: 0, 15, 95, 92
RW: 0, 12, 95, 101
LW: 0, 15, 95, 92
RW: 0, 12, 95, 101
LW: 0, 15, 95, 92
RW: 0, 12, 95, 101
LW: 0, 15, 95, 92
RW: 0, 12, 96, 101
LW: 0, 15, 95, 92
RW: 0, 12, 96, 101
LW: 0, 15, 95, 92
RW: 0, 12, 96, 101
LW: 0, 15, 96, 92
RW: 0, 12, 96, 101
LW: 0, 15, 96, 92
RW: 0, 12, 96, 101
LW: 0, 5, 96, 101
RW: 0, 12, 96, 101
LW: 0, 5, 96, 101
RW: 0, 12, 96, 101
LW: 0, 5, 96, 101
RW: 0, 12, 96, 101
LW: 0, 5, 96, 101
RW: 0, 12, 96, 101
LW: 0, 5, 96, 101
RW: 0, 12, 96, 101
LW: 0, 5, 96, 101
RW: 0, 12, 96, 101
LW: 0, 5, 96, 101
RW: 0, 12, 96, 101
LW: 0, 5, 96, 101
RW: 0, 12, 96, 101
LW: 0, 5, 96, 101
RW: 0, 12, 96, 101
LW: 0, 5, 96, 101
RW: 0, 12, 96, 101
LW: 0, 5, 97, 101
RW: 0, 12, 97, 101
LW: 0, 5, 97, 101
RW: 0, 12, 97, 101
LW: 0, 12, 97, 101
RW: 0, 12, 97, 101
LW: 0, 12, 97, 101
RW: 0, 12, 97, 101
LW: 0, 12, 97, 101
RW: 0, 12, 97, 101
LW: 0, 12, 97, 101
RW: 0, 12, 97, 101
LW: 0, 12, 97, 101
RW: 0, 12, 97, 101
LW: 0, 12, 97, 101
RW: 0, 12, 98, 101
LW: 0, 12, 97, 101
RW: 0, 12, 98, 101
LW: 0, 12, 97, 101
RW: 0, 12, 98, 101
LW: 0, 12, 98, 101
RW: 0, 12, 98, 101
LW: 0, 12, 98, 101
RW: 0, 12, 98, 101
LW: 0, 12, 98, 101
RW: 0, 12, 98, 102
LW: 0, 12, 98, 102
RW: 0, 12, 98, 102
LW: 0, 12, 98, 102
RW: 0, 12, 98, 102
LW: 0, 12, 98, 102
RW: 0, 12, 98, 102
LW: 0, 12, 98, 102
RW: 0, 12, 98, 102
LW: 0, 12, 98, 102
RW: 0, 12, 98, 102
LW: 0, 12, 98, 102
RW: 0, 12, 98, 102
LW: 0, 12, 98, 102
RW: 0, 12, 98, 102
LW: 0, 12, 98, 102
RW: 0, 12, 98, 102
LW: 0, 12, 98, 102
RW: 0, 12, 98, 102
LW: 0, 12, 98, 102
RW: 0, 12, 99, 102
LW: 0, 12, 98, 102
RW: 0, 12, 99, 102
LW: 0, 12, 99, 102
RW: 0, 12, 99, 102
LW: 0, 12, 99, 102
RW: 0, 12, 99, 102
LW: 0, 12, 99, 102
RW: 0, 12, 99, 102
LW: 0, 12, 99, 102
RW: 0, 12, 99, 102
LW: 0, 12, 99, 102
RW: 0, 12, 99, 102
LW: 0, 12, 99, 102
RW: 0, 12, 100, 102
LW: 0, 12, 99, 102
RW: 0, 12, 100, 102
LW: 0, 12, 99, 102
RW: 0, 12, 100, 102
LW: 0, 12, 99, 102
RW: 0, 12, 100, 102
LW: 0, 12, 100, 102
RW: 0, 12, 100, 102
LW: 0, 12, 100, 102
RW: 0, 12, 100, 102
LW: 0, 12, 100, 101
RW: 0, 12, 100, 101
LW: 0, 12, 100, 101
RW: 0, 12, 100, 101
LW: 0, 12, 100, 101
RW: 0, 12, 100, 101
LW: 0, 12, 100, 101
RW: 0, 12, 100, 101
LW: 0, 12, 100, 101
RW: 0, 12, 100, 101
LW: 0, 12, 100, 101
RW: 0, 12, 100, 101
LW: 0, 12, 100, 101
RW: 0, 12, 100, 101
LW: 0, 12, 100, 101
RW: 0, 12, 100, 101
LW: 0, 12, 100, 101
RW: 0, 12, 100, 101
LW: 0, 12, 100, 101
RW: 0, 12, 101, 101
LW: 0, 12, 100, 101
RW: 0, 12, 101, 101
LW: 0, 12, 100, 101
RW: 0, 12, 101, 101
LW: 0, 22, 101, 92
RW: 0, 12, 101, 101
LW: 0, 22, 101, 92
RW: 0, 12, 101, 101
LW: 0, 22, 101, 92
RW: 0, 12, 101, 101
LW: 0, 22, 101, 92
RW: 0, 12, 101, 101
LW: 0, 22, 101, 92
RW: 0, 12, 101, 101
LW: 0, 22, 101, 92
RW: 0, 12, 102, 101
LW: 0, 22, 101, 92
RW: 0, 12, 102, 101
LW: 0, 22, 101, 92
RW: 0, 12, 102, 101
LW: 0, 22, 102, 92
RW: 0, 12, 102, 101
LW: 0, 22, 102, 92
RW: 0, 12, 102, 101
LW: 0, 22, 102, 92
RW: 0, 12, 102, 101
LW: 0, 5, 102, 102
RW: 0, 12, 102, 101
LW: 0, 5, 102, 102
RW: 0, 12, 102, 101
LW: 0, 5, 102, 102
RW: 0, 12, 102, 101
LW: 0, 5, 102, 102
RW: 0, 12, 102, 101
LW: 0, 5, 102, 102
RW: 0, 12, 102, 101
LW: 0, 5, 102, 102
RW: 0, 12, 102, 101
LW: 0, 5, 102, 102
RW: 0, 12, 102, 101
LW: 0, 5, 102, 102
RW: 0, 12, 102, 101
LW: 0, 5, 102, 102
RW: 0, 12, 103, 101
LW: 0, 5, 103, 102
RW: 0, 12, 103, 101
LW: 0, 5, 103, 102
RW: 0, 22, 103, 101
LW: 0, 22, 103, 102
RW: 0, 22, 103, 101
LW: 0, 22, 103, 102
RW: 0, 22, 103, 101
LW: 0, 22, 103, 102
RW: 0, 22, 103, 101
LW: 0, 22, 103, 102
RW: 0, 22, 103, 101
LW: 0, 22, 103, 102
RW: 0, 22, 103, 101
LW: 0, 22, 103, 102
RW: 0, 22, 104, 101
LW: 0, 22, 103, 102
RW: 0, 22, 104, 101
LW: 0, 22, 104, 102
RW: 0, 22, 104, 101
LW: 0, 22, 104, 102
RW: 0, 22, 104, 101
LW: 0, 22, 104, 102
RW: 0, 22, 104, 101
LW: 0, 22, 104, 102
RW: 0, 22, 104, 101
LW: 0, 15, 104, 102
RW: 0, 15, 104, 92
LW: 0, 15, 104, 102
RW: 0, 15, 104, 92
LW: 0, 15, 104, 102
RW: 0, 15, 104, 92
LW: 0, 15, 104, 102
RW: 0, 15, 104, 92
LW: 0, 15, 104, 102
RW: 0, 15, 104, 92
LW: 0, 15, 104, 102
RW: 0, 15, 104, 92
LW: 0, 15, 104, 102
RW: 0, 15, 104, 92
LW: 0, 15, 105, 102
RW: 0, 15, 105, 92
LW: 0, 15, 105, 102
RW: 0, 15, 105, 92
LW: 0, 15, 105, 102
RW: 0, 15, 105, 92
LW: 0, 15, 105, 102
RW: 0, 15, 105, 92
LW: 0, 15, 105, 102
RW: 0, 15, 105, 92
LW: 0, 15, 105, 102
RW: 0, 15, 105, 92
LW: 0, 15, 105, 102
RW: 0, 15, 106, 92
LW: 0, 15, 106, 102
RW: 0, 15, 106, 92
LW: 0, 15, 106, 102
RW: 0, 15, 106, 92
LW: 0, 15, 106, 102
RW: 0, 15, 106, 92
LW: 0, 15, 106, 102
RW: 0, 15, 106, 92
LW: 0, 15, 106, 102
RW: 0, 15, 106, 92
LW: 0, 15, 106, 102
RW: 0, 15, 106, 92
LW: 0, 15, 106, 102
RW: 0, 15, 106, 92
LW: 0, 15, 106, 102
RW: 0, 15, 106, 92
LW: 0, 15, 106, 102
RW: 0, 15, 106, 92
LW: 0, 15, 106, 92
RW: 0, 15, 106, 92
LW: 0, 15, 106, 92
RW: 0, 15, 106, 92
LW: 0, 15, 106, 92
RW: 0, 15, 107, 92
LW: 0, 15, 107, 92
RW: 0, 15, 107, 92
LW: 0, 15, 107, 92
RW: 0, 15, 107, 92
LW: 0, 15, 107, 92
RW: 0, 15, 107, 92
LW: 0, 15, 107, 92
RW: 0, 15, 107, 92
LW: 0, 15, 107, 92
RW: 0, 15, 107, 92
LW: 0, 15, 107, 92
RW: 0, 15, 107, 92
LW: 0, 15, 107, 92
RW: 0, 15, 108, 92
LW: 0, 15, 107, 92
RW: 0, 5, 108, 101
LW: 0, 5, 108, 101
RW: 0, 5, 108, 101
LW: 0, 5, 108, 101
RW: 0, 5, 108, 101
LW: 0, 5, 108, 101
RW: 0, 5, 108, 101
LW: 0, 5, 108, 101
RW: 0, 5, 108, 101
LW: 0, 5, 108, 101
RW: 0, 5, 108, 101
LW: 0, 5, 108, 101
RW: 0, 5, 108, 101
LW: 0, 5, 108, 101
RW: 0, 5, 108, 101
LW: 0, 5, 108, 101
RW: 0, 5, 108, 101
LW: 0, 5, 108, 101
RW: 0, 5, 108, 101
LW: 0, 5, 108, 101
RW: 0, 5, 108, 101
LW: 0, 5, 108, 101
RW: 0, 5, 109, 101
LW: 0, 22, 108, 92
RW: 0, 12, 109, 101
LW: 0, 22, 109, 92
RW: 0, 12, 109, 101
LW: 0, 22, 109, 92
RW: 0, 12, 109, 101
LW: 0, 22, 109, 92
RW: 0, 12, 109, 101
LW: 0, 22, 109, 92
RW: 0, 12, 109, 101
LW: 0, 22, 109, 92
RW: 0, 12, 109, 101
LW: 0, 22, 109, 92
RW: 0, 12, 110, 101
LW: 0, 22, 109, 92
RW: 0, 12, 110, 101
LW: 0, 22, 109, 92
RW: 0, 12, 110, 101
LW: 0, 22, 109, 92
RW: 0, 12, 110, 101
LW: 0, 22, 110, 92
RW: 0, 12, 110, 101
LW: 0, 22, 110, 92
RW: 0, 12, 110, 101
LW: 0, 5, 110, 101
RW: 0, 12, 110, 101
LW: 0, 5, 110, 101
RW: 0, 12, 110, 101
LW: 0, 5, 110, 101
RW: 0, 12, 110, 101
LW: 0, 5, 110, 101
RW: 0, 12, 110, 101
LW: 0, 5, 110, 101
RW: 0, 12, 110, 101
LW: 0, 5, 110, 101
RW: 0, 12, 110, 101
LW: 0, 5, 110, 101
RW: 0, 12, 110, 101
LW: 0, 5, 110, 101
RW: 0, 12, 110, 101
LW: 0, 5, 110, 101
RW: 0, 12, 110, 101
LW: 0, 5, 111, 101
RW: 0, 12, 111, 101
LW: 0, 5, 111, 101
RW: 0, 12, 111, 101
LW: 0, 12, 111, 101
RW: 0, 12, 111, 101
LW: 0, 12, 111, 101
RW: 0, 12, 111, 101
LW: 0, 12, 111, 101
RW: 0, 12, 111, 101
LW: 0, 12, 111, 101
RW: 0, 12, 111, 101
LW: 0, 12, 111, 101
RW: 0, 12, 111, 101
LW: 0, 12, 111, 101
RW: 0, 12, 112, 101
LW: 0, 12, 112, 101
RW: 0, 12, 112, 101
LW: 0, 12, 112, 101
RW: 0, 12, 112, 101
LW: 0, 12, 112, 101
RW: 0, 12, 112, 101
LW: 0, 12, 112, 101
RW: 0, 12, 112, 101
LW: 0, 12, 112, 101
RW: 0, 12, 112, 101
LW: 0, 12, 112, 110
RW: 0, 12, 112, 101
LW: 0, 12, 112, 110
RW: 0, 12, 112, 101
LW: 0, 12, 112, 110
RW: 0, 12, 112, 101
LW: 0, 12, 112, 110
RW: 0, 12, 112, 101
LW: 0, 12, 112, 110
RW: 0, 12, 112, 101
LW: 0, 12, 112, 110
RW: 0, 12, 112, 101
LW: 0, 12, 112, 110
RW: 0, 12, 112, 101
LW: 0, 12, 112, 110
RW: 0, 12, 112, 101
LW: 0, 12, 112, 110
RW: 0, 12, 113, 101
LW: 0, 12, 113, 110
RW: 0, 12, 113, 101
LW: 0, 12, 113, 110
RW: 0, 12, 113, 101
LW: 0, 12, 113, 101
RW: 0, 12, 113, 101
LW: 0, 12, 113, 101
RW: 0, 12, 113, 101
LW: 0, 12, 113, 101
RW: 0, 12, 113, 101
LW: 0, 12, 113, 101
RW: 0, 12, 113, 101
LW: 0, 12, 113, 101
RW: 0, 12, 113, 101
LW: 0, 12, 113, 101
RW: 0, 12, 114, 101
LW: 0, 12, 114, 101
RW: 0, 12, 114, 101
LW: 0, 12, 114, 101
RW: 0, 12, 114, 101
LW: 0, 12, 114, 101
RW: 0, 12, 114, 101
LW: 0, 12, 114, 101
RW: 0, 12, 114, 101
LW: 0, 12, 114, 101
RW: 0, 12, 114, 101
LW: 0, 12, 114, 101
RW: 0, 12, 114, 101
LW: 0, 12, 114, 101
RW: 0, 12, 114, 101
LW: 0, 12, 114, 101
RW: 0, 12, 114, 101
LW: 0, 12, 114, 101
RW: 0, 12, 114, 101
LW: 0, 12, 114, 101
RW: 0, 12, 114, 101
LW: 0, 12, 114, 101
RW: 0, 12, 114, 101
LW: 0, 12, 114, 101
RW: 0, 12, 114, 101
LW: 0, 12, 114, 101
RW: 0, 12, 115, 101
LW: 0, 12, 114, 101
RW: 0, 12, 115, 101
LW: 0, 12, 115, 101
RW: 0, 12, 115, 101
LW: 0, 12, 115, 101
RW: 0, 12, 115, 101
LW: 0, 12, 115, 101
RW: 0, 12, 115, 101
LW: 0, 12, 115, 101
RW: 0, 12, 115, 101
LW: 0, 12, 115, 101
RW: 0, 12, 115, 101
LW: 0, 12, 115, 101
RW: 0, 12, 115, 101
LW: 0, 12, 115, 101
RW: 0, 12, 116, 101
LW: 0, 12, 115, 101
RW: 0, 12, 116, 101
LW: 0, 12, 115, 101
RW: 0, 12, 116, 101
LW: 0, 12, 116, 101
RW: 0, 12, 116, 101
LW: 0, 12, 116, 101
RW: 0, 12, 116, 101
LW: 0, 12, 116, 101
RW: 0, 12, 116, 101
LW: 0, 12, 116, 101
RW: 0, 12, 116, 101
LW: 0, 12, 116, 101
RW: 0, 22, 116, 101
LW: 0, 22, 116, 101
RW: 0, 22, 116, 101
LW: 0, 22, 116, 101
RW: 0, 22, 116, 101
LW: 0, 22, 116, 101
RW: 0, 22, 116, 101
LW: 0, 22, 116, 101
RW: 0, 22, 116, 101
LW: 0, 22, 116, 101
RW: 0, 22, 116, 101
LW: 0, 22, 116, 101
RW: 0, 22, 116, 101
LW: 0, 22, 116, 101
RW: 0, 22, 117, 101
LW: 0, 22, 116, 101
RW: 0, 22, 117, 101
LW: 0, 22, 116, 101
RW: 0, 22, 117, 101
LW: 0, 22, 117, 101
RW: 0, 22, 117, 101
LW: 0, 22, 117, 101
RW: 0, 15, 117, 101
LW: 0, 15, 117, 101
RW: 0, 15, 117, 101
LW: 0, 15, 117, 101
RW: 0, 15, 118, 101
LW: 0, 15, 117, 101
RW: 0, 15, 118, 101
LW: 0, 15, 117, 101
RW: 0, 15, 118, 101
LW: 0, 15, 117, 101
RW: 0, 15, 118, 101
LW: 0, 15, 117, 101
RW: 0, 15, 118, 101
LW: 0, 15, 118, 101
RW: 0, 15, 118, 101
LW: 0, 15, 118, 101
RW: 0, 15, 118, 101
LW: 0, 15, 118, 101
RW: 0, 15, 118, 101
LW: 0, 15, 118, 101
RW: 0, 15, 118, 101
LW: 0, 15, 118, 101
RW: 0, 15, 118, 92
LW: 0, 15, 118, 91
RW: 0, 15, 118, 92
LW: 0, 15, 118, 91
RW: 0, 15, 118, 92
LW: 0, 15, 118, 91
RW: 0, 15, 118, 92
LW: 0, 15, 118, 91
RW: 0, 15, 119, 92
LW: 0, 15, 118, 91
RW: 0, 15, 119, 92
LW: 0, 15, 118, 91
RW: 0, 15, 119, 92
LW: 0, 15, 118, 91
RW: 0, 15, 119, 92
LW: 0, 15, 119, 91
RW: 0, 15, 119, 92
LW: 0, 15, 119, 91
RW: 0, 15, 119, 92
LW: 0, 15, 119, 91
RW: 0, 15, 120, 92
LW: 0, 15, 119, 91
RW: 0, 15, 120, 92
LW: 0, 15, 119, 101
RW: 0, 5, 120, 101
LW: 0, 15, 119, 101
RW: 0, 5, 120, 101
LW: 0, 15, 119, 101
RW: 0, 5, 120, 101
LW: 0, 15, 120, 101
RW: 0, 5, 120, 101
LW: 0, 15, 120, 101
RW: 0, 5, 120, 101
LW: 0, 15, 120, 101
RW: 0, 5, 120, 101
LW: 0, 15, 120, 101
RW: 0, 5, 120, 101
LW: 0, 15, 120, 101
RW: 0, 5, 120, 101
LW: 0, 15, 120, 101
RW: 0, 5, 120, 101
LW: 0, 15, 120, 101
RW: 0, 5, 120, 101
LW: 0, 15, 120, 101
RW: 0, 5, 120, 101
LW: 0, 15, 120, 101
RW: 0, 22, 120, 92
LW: 0, 15, 120, 92
RW: 0, 22, 121, 92
LW: 0, 15, 120, 92
RW: 0, 22, 121, 92
LW: 0, 15, 121, 92
RW: 0, 22, 121, 92
LW: 0, 15, 121, 92
RW: 0, 22, 121, 92
LW: 0, 15, 121, 92
RW: 0, 22, 121, 92
LW: 0, 15, 121, 92
RW: 0, 22, 121, 92
LW: 0, 15, 121, 92
RW: 0, 22, 121, 92
LW: 0, 15, 121, 92
RW: 0, 22, 122, 92
LW: 0, 15, 121, 92
RW: 0, 22, 122, 92
LW: 0, 15, 121, 92
RW: 0, 22, 122, 92
LW: 0, 15, 122, 92
RW: 0, 5, 122, 102
LW: 0, 5, 122, 101
RW: 0, 5, 122, 102
LW: 0, 5, 122, 101
RW: 0, 5, 122, 102
LW: 0, 5, 122, 101
RW: 0, 5, 122, 102
LW: 0, 5, 122, 101
RW: 0, 5, 122, 102
LW: 0, 5, 122, 101
RW: 0, 5, 122, 102
LW: 0, 5, 122, 101
RW: 0, 5, 122, 102
LW: 0, 5, 122, 101
RW: 0, 5, 122, 102
LW: 0, 5, 122, 101
RW: 0, 5, 122, 102
LW: 0, 5, 122, 101
RW: 0, 5, 122, 102
LW: 0, 5, 122, 101
RW: 0, 5, 123, 102
LW: 0, 5, 122, 101
RW: 0, 5, 123, 102
LW: 0, 22, 122, 92
RW: 0, 12, 123, 102
LW: 0, 22, 123, 92
RW: 0, 12, 123, 102
LW: 0, 22, 123, 92
RW: 0, 12, 123, 102
LW: 0, 22, 123, 92
RW: 0, 12, 123, 102
LW: 0, 22, 123, 92
RW: 0, 12, 123, 102
LW: 0, 22, 123, 92
RW: 0, 12, 124, 102
LW: 0, 22, 123, 92
RW: 0, 12, 124, 102
LW: 0, 22, 123, 92
RW: 0, 12, 124, 102
LW: 0, 22, 123, 92
RW: 0, 12, 124, 102
LW: 0, 22, 123, 92
RW: 0, 12, 124, 102
LW: 0, 22, 124, 92
RW: 0, 12, 124, 102
LW: 0, 5, 124, 102
RW: 0, 12, 124, 102
LW: 0, 5, 124, 102
RW: 0, 12, 124, 102
LW: 0, 5, 124, 102
RW: 0, 12, 124, 102
LW: 0, 5, 124, 102
RW: 0, 12, 124, 102
LW: 0, 5, 124, 102
RW: 0, 12, 124, 102
LW: 0, 5, 124, 102
RW: 0, 12, 124, 102
LW: 0, 5, 124, 102
RW: 0, 12, 124, 102
LW: 0, 5, 124, 102
RW: 0, 12, 124, 102
LW: 0, 5, 124, 102
RW: 0, 12, 125, 102
LW: 0, 5, 124, 102
RW: 0, 12, 125, 102
LW: 0, 5, 125, 102
RW: 0, 12, 125, 102
LW: 0, 5, 125, 102
RW: 0, 12, 125, 102
LW: 0, 12, 125, 102
RW: 0, 12, 125, 102
LW: 0, 12, 125, 102
RW: 0, 12, 125, 102
LW: 0, 12, 125, 102
RW: 0, 12, 125, 102
LW: 0, 12, 125, 102
RW: 0, 12, 125, 102
LW: 0, 12, 125, 102
RW: 0, 12, 126, 102
LW: 0, 12, 125, 102
RW: 0, 12, 126, 102
LW: 0, 12, 126, 102
RW: 0, 12, 126, 102
LW: 0, 12, 126, 102
RW: 0, 12, 126, 102
LW: 0, 12, 126, 102
RW: 0, 12, 126, 102
LW: 0, 12, 126, 102
RW: 0, 12, 126, 102
LW: 0, 12, 126, 102
RW: 0, 12, 126, 102
LW: 0, 12, 126, 102
RW: 0, 12, 126, 102
LW: 0, 12, 126, 102
RW: 0, 12, 126, 102
LW: 0, 12, 126, 102
RW: 0, 12, 126, 102
LW: 0, 12, 126, 102
RW: 0, 12, 126, 102
LW: 0, 12, 126, 102
RW: 0, 12, 126, 102
LW: 0, 12, 126, 102
RW: 0, 12, 126, 102
LW: 0, 12, 126, 102
RW: 0, 12, 126, 102
LW: 0, 12, 126, 102
RW: 0, 12, 127, 102
LW: 0, 12, 126, 102
RW: 0, 12, 127, 102
LW: 0, 12, 127, 102
RW: 0, 12, 127, 102
LW: 0, 12, 127, 102
RW: 0, 12, 127, 102
LW: 0, 12, 127, 102
RW: 0, 12, 127, 102
LW: 0, 12, 127, 102
RW: 0, 12, 127, 102
LW: 0, 12, 127, 102
RW: 0, 12, 127, 102
LW: 0, 12, 127, 102
RW: 0, 12, 128, 102
LW: 0, 12, 127, 102
RW: 0, 12, 128, 102
LW: 0, 12, 127, 102
RW: 0, 12, 128, 102
LW: 0, 12, 127, 102
RW: 0, 12, 128, 102
LW: 0, 12, 128, 102
RW: 0, 12, 128, 102
LW: 0, 12, 128, 102
RW: 0, 12, 128, 102
LW: 0, 12, 128, 102
RW: 0, 12, 128, 102
LW: 0, 12, 128, 102
RW: 0, 12, 128, 102
LW: 0, 12, 128, 102
RW: 0, 12, 128, 102
LW: 0, 12, 128, 102
RW: 0, 12, 128, 102
LW: 0, 12, 128, 102
RW: 0, 12, 128, 102
LW: 0, 12, 128, 102
RW: 0, 12, 128, 102
LW: 0, 12, 128, 102
RW: 0, 12, 128, 102
LW: 0, 12, 128, 102
RW: 0, 12, 128, 102
LW: 0, 12, 128, 102
RW: 0, 12, 128, 102
LW: 0, 12, 128, 102
RW: 0, 12, 129, 102
LW: 0, 12, 128, 102
RW: 0, 12, 129, 102
LW: 0, 12, 128, 102
RW: 0, 12, 129, 102
LW: 0, 12, 128, 102
RW: 0, 12, 129, 102
LW: 0, 12, 129, 102
RW: 0, 12, 129, 102
LW: 0, 12, 129, 102
RW: 0, 12, 129, 102
LW: 0, 12, 129, 102
RW: 0, 12, 129, 102
LW: 0, 12, 129, 102
RW: 0, 12, 130, 102
LW: 0, 12, 129, 102
RW: 0, 12, 130, 102
LW: 0, 12, 129, 102
RW: 0, 12, 130, 102
LW: 0, 12, 129, 102
RW: 0, 12, 130, 102
LW: 0, 12, 129, 102
RW: 0, 12, 130, 102
LW: 0, 12, 129, 102
RW: 0, 12, 130, 102
LW: 0, 12, 130, 102
RW: 0, 12, 130, 102
LW: 0, 12, 130, 102
RW: 0, 12, 130, 102
LW: 0, 12, 130, 102
RW: 0, 22, 130, 92
LW: 0, 22, 130, 102
RW: 0, 22, 130, 92
LW: 0, 22, 130, 102
RW: 0, 22, 130, 92
LW: 0, 22, 130, 102
RW: 0, 22, 130, 92
LW: 0, 22, 130, 102
RW: 0, 22, 130, 92
LW: 0, 22, 130, 102
RW: 0, 22, 130, 92
LW: 0, 22, 130, 102
RW: 0, 22, 130, 92
LW: 0, 22, 130, 102
RW: 0, 22, 131, 92
LW: 0, 22, 130, 102
RW: 0, 22, 131, 92
LW: 0, 22, 130, 102
RW: 0, 22, 131, 92
LW: 0, 22, 130, 102
RW: 0, 22, 131, 92
LW: 0, 22, 131, 102
RW: 0, 15, 131, 102
LW: 0, 15, 131, 102
RW: 0, 15, 131, 102
LW: 0, 15, 131, 102
RW: 0, 15, 132, 102
LW: 0, 15, 131, 102
RW: 0, 15, 132, 102
LW: 0, 15, 131, 102
RW: 0, 15, 132, 102
LW: 0, 15, 131, 102
RW: 0, 15, 132, 102
LW: 0, 15, 131, 102
RW: 0, 15, 132, 102
LW: 0, 15, 132, 102
RW: 0, 15, 132, 102
LW: 0, 15, 132, 102
RW: 0, 15, 132, 102
LW: 0, 15, 132, 102
RW: 0, 15, 132, 102
LW: 0, 15, 132, 102
RW: 0, 15, 132, 102
LW: 0, 15, 132, 102
RW: 0, 15, 132, 102
LW: 0, 15, 132, 92
RW: 0, 15, 132, 92
LW: 0, 15, 132, 92
RW: 0, 15, 132, 92
LW: 0, 15, 132, 92
RW: 0, 15, 132, 92
LW: 0, 15, 132, 92
RW: 0, 15, 133, 92
LW: 0, 15, 132, 92
RW: 0, 15, 133, 92
LW: 0, 15, 132, 92
RW: 0, 15, 133, 92
LW: 0, 15, 132, 92
RW: 0, 15, 133, 92
LW: 0, 15, 133, 92
RW: 0, 15, 133, 92
LW: 0, 15, 133, 92
RW: 0, 15, 133, 92
LW: 0, 15, 133, 92
RW: 0, 15, 133, 92
LW: 0, 15, 133, 92
RW: 0, 15, 134, 92
LW: 0, 15, 133, 92
RW: 0, 5, 134, 101
LW: 0, 15, 133, 101
RW: 0, 5, 134, 101
LW: 0, 15, 133, 101
RW: 0, 5, 134, 101
LW: 0, 15, 134, 101
RW: 0, 5, 134, 101
LW: 0, 15, 134, 101
RW: 0, 5, 134, 101
LW: 0, 15, 134, 101
RW: 0, 5, 134, 101
LW: 0, 15, 134, 101
RW: 0, 5, 134, 101
LW: 0, 15, 134, 101
RW: 0, 5, 134, 101
LW: 0, 15, 134, 101
RW: 0, 5, 134, 101
LW: 0, 15, 134, 101
RW: 0, 5, 134, 101
LW: 0, 15, 134, 101
RW: 0, 22, 134, 92
LW: 0, 15, 134, 92
RW: 0, 22, 134, 92
LW: 0, 15, 134, 92
RW: 0, 22, 135, 92
LW: 0, 15, 134, 92
RW: 0, 22, 135, 92
LW: 0, 15, 135, 92
RW: 0, 22, 135, 92
LW: 0, 15, 135, 92
RW: 0, 22, 135, 92
LW: 0, 15, 135, 92
RW: 0, 22, 135, 92
LW: 0, 15, 135, 92
RW: 0, 22, 135, 92
LW: 0, 15, 135, 92
RW: 0, 22, 136, 92
LW: 0, 15, 135, 92
RW: 0, 22, 136, 92
LW: 0, 15, 135, 92
RW: 0, 22, 136, 92
LW: 0, 15, 135, 92
RW: 0, 22, 136, 101
LW: 0, 5, 136, 102
RW: 0, 5, 136, 101
LW: 0, 5, 136, 102
RW: 0, 5, 136, 101
LW: 0, 5, 136, 102
RW: 0, 5, 136, 101
LW: 0, 5, 136, 102
RW: 0, 5, 136, 101
LW: 0, 5, 136, 102
RW: 0, 5, 136, 101
LW: 0, 5, 136, 102
RW: 0, 5, 136, 101
LW: 0, 5, 136, 102
RW: 0, 5, 136, 101
LW: 0, 5, 136, 102
RW: 0, 5, 136, 101
LW: 0, 5, 136, 102
RW: 0, 5, 136, 101
LW: 0, 5, 136, 102
RW: 0, 5, 136, 101
LW: 0, 5, 136, 102
RW: 0, 5, 137, 101
LW: 0, 12, 137, 92
RW: 0, 12, 137, 101
LW: 0, 12, 137, 92
RW: 0, 12, 137, 101
LW: 0, 12, 137, 92
RW: 0, 12, 137, 101
LW: 0, 12, 137, 92
RW: 0, 12, 137, 101
LW: 0, 12, 137, 92
RW: 0, 12, 137, 101
LW: 0, 12, 137, 92
RW: 0, 12, 137, 101
LW: 0, 12, 137, 92
RW: 0, 12, 138, 101
LW: 0, 12, 137, 92
RW: 0, 12, 138, 101
LW: 0, 12, 137, 92
RW: 0, 12, 138, 101
LW: 0, 12, 138, 92
RW: 0, 12, 138, 101
LW: 0, 12, 138, 92
RW: 0, 12, 138, 101
LW: 0, 12, 138, 92
RW: 0, 12, 138, 101
LW: 0, 12, 138, 101
RW: 0, 12, 138, 101
LW: 0, 12, 138, 101
RW: 0, 12, 138, 101
LW: 0, 12, 138, 101
RW: 0, 12, 138, 101
LW: 0, 12, 138, 101
RW: 0, 12, 138, 101
LW: 0, 12, 138, 101
RW: 0, 12, 138, 101
LW: 0, 12, 138, 101
RW: 0, 12, 138, 101
LW: 0, 12, 138, 101
RW: 0, 12, 138, 101
LW: 0, 12, 138, 101
RW: 0, 12, 138, 101
LW: 0, 12, 138, 101
RW: 0, 12, 139, 101
LW: 0, 12, 138, 101
RW: 0, 12, 139, 101
LW: 0, 12, 138, 101
RW: 0, 12, 139, 101
LW: 0, 22, 138, 92
RW: 0, 12, 139, 101
LW: 0, 22, 139, 92
RW: 0, 12, 139, 101
LW: 0, 22, 139, 92
RW: 0, 12, 139, 101
LW: 0, 22, 139, 92
RW: 0, 12, 139, 101
LW: 0, 22, 139, 92
RW: 0, 12, 139, 101
LW: 0, 22, 139, 92
RW: 0, 12, 140, 101
LW: 0, 22, 139, 92
RW: 0, 12, 140, 101
LW: 0, 22, 139, 92
RW: 0, 12, 140, 101
LW: 0, 22, 139, 92
RW: 0, 12, 140, 101
LW: 0, 22, 139, 92
RW: 0, 12, 140, 101
LW: 0, 22, 140, 92
RW: 0, 12, 140, 101
LW: 0, 5, 140, 102
RW: 0, 12, 140, 101
LW: 0, 5, 140, 102
RW: 0, 12, 140, 101
LW: 0, 5, 140, 102
RW: 0, 12, 140, 101
LW: 0, 5, 140, 102
RW: 0, 12, 140, 101
LW: 0, 5, 140, 102
RW: 0, 12, 140, 101
LW: 0, 5, 140, 102
RW: 0, 12, 140, 101
LW: 0, 5, 140, 102
RW: 0, 12, 140, 101
LW: 0, 5, 140, 102
RW: 0, 12, 140, 101
LW: 0, 5, 140, 102
RW: 0, 12, 141, 101
LW: 0, 5, 140, 102
RW: 0, 12, 141, 101
LW: 0, 5, 141, 102
RW: 0, 12, 141, 102
LW: 0, 12, 141, 102
RW: 0, 12, 141, 102
LW: 0, 12, 141, 102
RW: 0, 12, 141, 102
LW: 0, 12, 141, 102
RW: 0, 12, 141, 102
LW: 0, 12, 141, 102
RW: 0, 12, 141, 102
LW: 0, 12, 141, 102
RW: 0, 12, 142, 102
LW: 0, 12, 141, 102
RW: 0, 12, 142, 102
LW: 0, 12, 141, 102
RW: 0, 12, 142, 102
LW: 0, 12, 141, 102
RW: 0, 12, 142, 102
LW: 0, 12, 142, 102
RW: 0, 12, 142, 102
LW: 0, 12, 142, 102
RW: 0, 12, 142, 102
LW: 0, 12, 142, 102
RW: 0, 12, 142, 102
LW: 0, 12, 142, 102
RW: 0, 12, 142, 102
LW: 0, 12, 142, 102
RW: 0, 12, 142, 102
LW: 0, 12, 142, 102
RW: 0, 12, 142, 102
LW: 0, 12, 142, 102
RW: 0, 12, 142, 102
LW: 0, 12, 142, 102
RW: 0, 12, 142, 102
LW: 0, 12, 142, 102
RW: 0, 12, 142, 102
LW: 0, 12, 142, 102
RW: 0, 12, 142, 102
LW: 0, 12, 142, 102
RW: 0, 12, 142, 102
LW: 0, 12, 142, 102
RW: 0, 12, 143, 102
LW: 0, 12, 142, 102
RW: 0, 12, 143, 102
LW: 0, 12, 143, 102
RW: 0, 12, 143, 102
LW: 0, 12, 143, 102
RW: 0, 12, 143, 102
LW: 0, 12, 143, 102
RW: 0, 12, 143, 102
LW: 0, 12, 143, 102
RW: 0, 12, 143, 102
LW: 0, 12, 143, 102
RW: 0, 12, 143, 102
LW: 0, 12, 143, 102
RW: 0, 12, 144, 102
LW: 0, 12, 143, 102
RW: 0, 12, 144, 102
LW: 0, 12, 143, 102
RW: 0, 12, 144, 102
LW: 0, 12, 143, 102
RW: 0, 12, 144, 102
LW: 0, 12, 144, 102
RW: 0, 12, 144, 102
LW: 0, 12, 144, 102
RW: 0, 12, 144, 102
LW: 0, 12, 144, 102
RW: 0, 12, 144, 102
LW: 0, 22, 144, 102
RW: 0, 22, 144, 93
LW: 0, 22, 144, 102
RW: 0, 22, 144, 93
LW: 0, 22, 144, 102
RW: 0, 22, 144, 93
LW: 0, 22, 144, 102
RW: 0, 22, 144, 93
LW: 0, 22, 144, 102
RW: 0, 22, 144, 93
LW: 0, 22, 144, 102
RW: 0, 22, 144, 93
LW: 0, 22, 144, 102
RW: 0, 22, 144, 93
LW: 0, 22, 144, 102
RW: 0, 22, 145, 93
LW: 0, 22, 144, 102
RW: 0, 22, 145, 93
LW: 0, 22, 144, 102
RW: 0, 22, 145, 93
LW: 0, 22, 145, 102
RW: 0, 22, 145, 93
LW: 0, 15, 145, 102
RW: 0, 15, 145, 102
LW: 0, 15, 145, 102
RW: 0, 15, 145, 102
LW: 0, 15, 145, 102
RW: 0, 15, 145, 102
LW: 0, 15, 145, 102
RW: 0, 15, 146, 102
LW: 0, 15, 145, 102
RW: 0, 15, 146, 102
LW: 0, 15, 145, 102
RW: 0, 15, 146, 102
LW: 0, 15, 145, 102
RW: 0, 15, 146, 102
LW: 0, 15, 146, 102
RW: 0, 15, 146, 102
LW: 0, 15, 146, 102
RW: 0, 15, 146, 102
LW: 0, 15, 146, 102
RW: 0, 15, 146, 102
LW: 0, 15, 146, 102
RW: 0, 15, 146, 102
LW: 0, 15, 146, 93
RW: 0, 15, 146, 93
LW: 0, 15, 146, 93
RW: 0, 15, 146, 93
LW: 0, 15, 146, 93
RW: 0, 15, 146, 93
LW: 0, 15, 146, 93
RW: 0, 15, 146, 93
LW: 0, 15, 146, 93
RW: 0, 15, 147, 93
LW: 0, 15, 146, 93
RW: 0, 15, 147, 93
LW: 0, 15, 147, 93
RW: 0, 15, 147, 93
LW: 0, 15, 147, 93
RW: 0, 15, 147, 93
LW: 0, 15, 147, 93
RW: 0, 15, 147, 93
LW: 0, 15, 147, 93
RW: 0, 15, 147, 93
LW: 0, 15, 147, 93
RW: 0, 15, 147, 93
LW: 0, 15, 147, 93
RW: 0, 5, 148, 102
LW: 0, 15, 147, 102
RW: 0, 5, 148, 102
LW: 0, 15, 147, 102
RW: 0, 5, 148, 102
LW: 0, 15, 148, 102
RW: 0, 5, 148, 102
LW: 0, 15, 148, 102
RW: 0, 5, 148, 102
LW: 0, 15, 148, 102
RW: 0, 5, 148, 102
LW: 0, 15, 148, 102
RW: 0, 5, 148, 102
LW: 0, 15, 148, 102
RW: 0, 5, 148, 102
LW: 0, 15, 148, 102
RW: 0, 5, 148, 102
LW: 0, 15, 148, 102
RW: 0, 5, 148, 102
LW: 0, 15, 148, 102
RW: 0, 5, 148, 102
LW: 0, 15, 148, 102
RW: 0, 22, 148, 93
LW: 0, 15, 148, 93
RW: 0, 22, 148, 93
LW: 0, 15, 148, 93
RW: 0, 22, 149, 93
LW: 0, 15, 149, 93
RW: 0, 22, 149, 93
LW: 0, 15, 149, 93
RW: 0, 22, 149, 93
LW: 0, 15, 149, 93
RW: 0, 22, 149, 93
LW: 0, 15, 149, 93
RW: 0, 22, 149, 93
LW: 0, 15, 149, 93
RW: 0, 22, 149, 93
LW: 0, 15, 149, 93
RW: 0, 22, 149, 93
LW: 0, 15, 149, 93
RW: 0, 22, 150, 93
LW: 0, 15, 149, 93
RW: 0, 22, 150, 93
LW: 0, 15, 150, 93
RW: 0, 5, 150, 101
LW: 0, 5, 150, 111
RW: 0, 5, 150, 101
LW: 0, 5, 150, 111
RW: 0, 5, 150, 101
LW: 0, 5, 150, 111
RW: 0, 5, 150, 101
LW: 0, 5, 150, 111
RW: 0, 5, 150, 101
LW: 0, 5, 150, 111
RW: 0, 5, 150, 101
LW: 0, 5, 150, 111
RW: 0, 5, 150, 101
LW: 0, 5, 150, 111
RW: 0, 5, 150, 101
LW: 0, 5, 150, 111
RW: 0, 5, 150, 101
LW: 0, 5, 150, 111
RW: 0, 5, 150, 101
LW: 0, 5, 150, 111
RW: 0, 5, 150, 101
LW: 0, 5, 150, 111
RW: 0, 22, 150, 92
LW: 0, 22, 151, 92
RW: 0, 22, 151, 92
LW: 0, 22, 151, 92
RW: 0, 22, 151, 92
LW: 0, 22, 151, 92
RW: 0, 22, 151, 92
LW: 0, 22, 151, 92
RW: 0, 22, 151, 92
LW: 0, 22, 151, 92
RW: 0, 22, 151, 92
LW: 0, 22, 151, 92
RW: 0, 22, 151, 92
LW: 0, 22, 151, 92
RW: 0, 22, 151, 92
LW: 0, 22, 151, 92
RW: 0, 22, 152, 92
LW: 0, 22, 151, 92
RW: 0, 22, 152, 92
LW: 0, 22, 152, 92
RW: 0, 22, 152, 92
LW: 0, 22, 152, 92
RW: 0, 22, 152, 92
LW: 0, 22, 152, 92
RW: 0, 5, 152, 101
LW: 0, 5, 152, 101
RW: 0, 5, 152, 101
LW: 0, 5, 152, 101
RW: 0, 5, 152, 101
LW: 0, 5, 152, 101
RW: 0, 5, 152, 101
LW: 0, 5, 152, 101
RW: 0, 5, 152, 101
LW: 0, 5, 152, 101
RW: 0, 5, 152, 101
LW: 0, 5, 152, 101
RW: 0, 5, 152, 101
LW: 0, 5, 152, 101
RW: 0, 5, 152, 101
LW: 0, 5, 152, 101
RW: 0, 5, 152, 101
LW: 0, 5, 153, 101
RW: 0, 5, 153, 101
LW: 0, 5, 153, 101
RW: 0, 5, 153, 101
LW: 0, 5, 153, 101
RW: 0, 12, 153, 101
LW: 0, 12, 153, 101
RW: 0, 12, 153, 101
LW: 0, 12, 153, 101
RW: 0, 12, 153, 101
LW: 0, 12, 153, 101
RW: 0, 12, 153, 101
LW: 0, 12, 153, 101
RW: 0, 12, 153, 101
LW: 0, 12, 153, 101
RW: 0, 12, 154, 101
LW: 0, 12, 154, 101
RW: 0, 12, 154, 101
LW: 0, 12, 154, 101
RW: 0, 12, 154, 101
LW: 0, 12, 154, 101
RW: 0, 12, 154, 101
LW: 0, 12, 154, 101
RW: 0, 12, 154, 101
LW: 0, 12, 154, 101
RW: 0, 12, 154, 101
LW: 0, 12, 154, 101
RW: 0, 12, 154, 100
LW: 0, 12, 154, 101
RW: 0, 12, 154, 100
LW: 0, 12, 154, 101
RW: 0, 12, 154, 100
LW: 0, 12, 154, 101
RW: 0, 12, 154, 100
LW: 0, 12, 154, 101
RW: 0, 12, 154, 100
LW: 0, 12, 154, 101
RW: 0, 12, 154, 100
LW: 0, 12, 154, 101
RW: 0, 12, 154, 100
LW: 0, 12, 154, 101
RW: 0, 12, 155, 100
LW: 0, 12, 154, 101
RW: 0, 12, 155, 100
LW: 0, 12, 155, 101
RW: 0, 12, 155, 100
LW: 0, 12, 155, 101
RW: 0, 12, 155, 100
LW: 0, 12, 155, 101
RW: 0, 12, 155, 100
LW: 0, 12, 155, 101
RW: 0, 12, 155, 100
LW: 0, 12, 155, 101
RW: 0, 12, 155, 100
LW: 0, 12, 155, 101
RW: 0, 12, 156, 100
LW: 0, 12, 155, 101
RW: 0, 12, 156, 100
LW: 0, 12, 155, 101
RW: 0, 12, 156, 100
LW: 0, 12, 156, 101
RW: 0, 12, 156, 100
LW: 0, 12, 156, 101
RW: 0, 12, 156, 100
LW: 0, 12, 156, 101
RW: 0, 12, 156, 100
LW: 0, 12, 156, 101
RW: 0, 12, 156, 100
LW: 0, 12, 156, 101
RW: 0, 12, 156, 100
LW: 0, 12, 156, 101
RW: 0, 12, 156, 100
LW: 0, 12, 156, 100
RW: 0, 12, 156, 100
LW: 0, 12, 156, 100
RW: 0, 12, 156, 100
LW: 0, 12, 156, 100
RW: 0, 12, 156, 100
LW: 0, 12, 156, 100
RW: 0, 12, 156, 100
LW: 0, 12, 156, 100
RW: 0, 12, 156, 100
LW: 0, 12, 156, 100
RW: 0, 12, 157, 100
LW: 0, 12, 156, 100
RW: 0, 12, 157, 100
LW: 0, 12, 156, 100
RW: 0, 12, 157, 100
LW: 0, 12, 157, 100
RW: 0, 12, 157, 100
LW: 0, 12, 157, 100
RW: 0, 12, 157, 100
LW: 0, 12, 157, 100
RW: 0, 12, 157, 100
LW: 0, 12, 157, 100
RW: 0, 12, 157, 100
LW: 0, 12, 157, 100
RW: 0, 12, 157, 100
LW: 0, 12, 157, 100
RW: 0, 12, 158, 100
LW: 0, 12, 157, 100
RW: 0, 12, 158, 100
LW: 0, 12, 157, 100
RW: 0, 12, 158, 100
LW: 0, 12, 157, 100
RW: 0, 12, 158, 100
LW: 0, 12, 158, 100
RW: 0, 12, 158, 100
LW: 0, 12, 158, 100
RW: 0, 12, 158, 100
LW: 0, 12, 158, 100
RW: 0, 12, 158, 100
LW: 0, 12, 158, 100
RW: 0, 12, 158, 100
LW: 0, 12, 158, 100
RW: 0, 12, 158, 100
LW: 0, 12, 158, 100
RW: 0, 22, 158, 91
LW: 0, 22, 158, 101
RW: 0, 22, 158, 91
LW: 0, 22, 158, 101
RW: 0, 22, 158, 91
LW: 0, 22, 158, 101
RW: 0, 22, 158, 91
LW: 0, 22, 158, 101
RW: 0, 22, 158, 91
LW: 0, 22, 158, 101
RW: 0, 22, 158, 91
LW: 0, 22, 158, 101
RW: 0, 22, 159, 91
LW: 0, 22, 158, 101
RW: 0, 22, 159, 91
LW: 0, 22, 159, 101
RW: 0, 22, 159, 91
LW: 0, 22, 159, 101
RW: 0, 22, 159, 91
LW: 0, 22, 159, 101
RW: 0, 22, 159, 91
LW: 0, 22, 159, 101
RW: 0, 15, 159, 100
LW: 0, 15, 159, 100
RW: 0, 15, 160, 100
LW: 0, 15, 159, 100
RW: 0, 15, 160, 100
LW: 0, 15, 159, 100
RW: 0, 15, 160, 100
LW: 0, 15, 160, 100
RW: 0, 15, 160, 100
LW: 0, 15, 160, 100
RW: 0, 15, 160, 100
LW: 0, 15, 160, 100
RW: 0, 15, 160, 100
LW: 0, 15, 160, 100
RW: 0, 15, 160, 100
LW: 0, 15, 160, 100
RW: 0, 15, 160, 100
LW: 0, 15, 160, 100
RW: 0, 15, 160, 100
LW: 0, 15, 160, 100
RW: 0, 15, 160, 100
LW: 0, 15, 160, 100
RW: 0, 15, 160, 92
LW: 0, 15, 160, 92
RW: 0, 15, 160, 92
LW: 0, 15, 160, 92
RW: 0, 15, 160, 92
LW: 0, 15, 160, 92
RW: 0, 15, 161, 92
LW: 0, 15, 160, 92
RW: 0, 15, 161, 92
LW: 0, 15, 161, 92
RW: 0, 15, 161, 92
LW: 0, 15, 161, 92
RW: 0, 15, 161, 92
LW: 0, 15, 161, 92
RW: 0, 15, 161, 92
LW: 0, 15, 161, 92
RW: 0, 15, 161, 92
LW: 0, 15, 161, 92
RW: 0, 15, 161, 92
LW: 0, 15, 161, 92
RW: 0, 15, 162, 92
LW: 0, 15, 161, 92
RW: 0, 15, 162, 92
LW: 0, 5, 162, 101
RW: 0, 5, 162, 110
LW: 0, 5, 162, 101
RW: 0, 5, 162, 110
LW: 0, 5, 162, 101
RW: 0, 5, 162, 110
LW: 0, 5, 162, 101
RW: 0, 5, 162, 110
LW: 0, 5, 162, 101
RW: 0, 5, 162, 110
LW: 0, 5, 162, 101
RW: 0, 5, 162, 110
LW: 0, 5, 162, 101
RW: 0, 5, 162, 110
LW: 0, 5, 162, 101
RW: 0, 5, 162, 110
LW: 0, 5, 162, 101
RW: 0, 5, 162, 110
LW: 0, 5, 162, 101
RW: 0, 5, 162, 110
LW: 0, 5, 162, 101
RW: 0, 5, 162, 110
LW: 0, 5, 162, 101
RW: 0, 22, 163, 92
LW: 0, 22, 163, 92
RW: 0, 22, 163, 92
LW: 0, 22, 163, 92
RW: 0, 22, 163, 92
LW: 0, 22, 163, 92
RW: 0, 22, 163, 92
LW: 0, 22, 163, 92
RW: 0, 22, 163, 92
LW: 0, 22, 163, 92
RW: 0, 22, 163, 92
LW: 0, 22, 163, 92
RW: 0, 22, 163, 92
LW: 0, 22, 163, 92
RW: 0, 22, 163, 92
LW: 0, 22, 163, 92
RW: 0, 22, 164, 92
LW: 0, 22, 163, 92
RW: 0, 22, 164, 92
LW: 0, 22, 164, 92
RW: 0, 22, 164, 92
LW: 0, 22, 164, 92
RW: 0, 5, 164, 102
LW: 0, 5, 164, 101
RW: 0, 5, 164, 102
LW: 0, 5, 164, 101
RW: 0, 5, 164, 102
LW: 0, 5, 164, 101
RW: 0, 5, 164, 102
LW: 0, 5, 164, 101
RW: 0, 5, 164, 102
LW: 0, 5, 164, 101
RW: 0, 5, 164, 102
LW: 0, 5, 164, 101
RW: 0, 5, 164, 102
LW: 0, 5, 164, 101
RW: 0, 5, 164, 102
LW: 0, 5, 164, 101
RW: 0, 5, 164, 102
LW: 0, 5, 164, 101
RW: 0, 5, 164, 102
LW: 0, 5, 164, 101
RW: 0, 5, 165, 102
LW: 0, 5, 165, 101
RW: 0, 12, 165, 102
LW: 0, 12, 165, 101
RW: 0, 12, 165, 102
LW: 0, 12, 165, 101
RW: 0, 12, 165, 102
LW: 0, 12, 165, 101
RW: 0, 12, 165, 102
LW: 0, 12, 165, 101
RW: 0, 12, 165, 102
LW: 0, 12, 165, 101
RW: 0, 12, 165, 102
LW: 0, 12, 165, 101
RW: 0, 12, 165, 102
LW: 0, 12, 165, 101
RW: 0, 12, 166, 102
LW: 0, 12, 166, 101
RW: 0, 12, 166, 102
LW: 0, 12, 166, 101
RW: 0, 12, 166, 102
LW: 0, 12, 166, 101
RW: 0, 12, 166, 102
LW: 0, 12, 166, 101
RW: 0, 12, 166, 102
LW: 0, 12, 166, 101
RW: 0, 12, 166, 102
LW: 0, 12, 166, 101
RW: 0, 12, 166, 102
LW: 0, 12, 166, 101
RW: 0, 12, 166, 102
LW: 0, 12, 166, 101
RW: 0, 12, 166, 102
LW: 0, 12, 166, 101
RW: 0, 12, 166, 102
LW: 0, 12, 166, 101
RW: 0, 12, 166, 102
LW: 0, 12, 166, 101
RW: 0, 12, 166, 102
LW: 0, 12, 166, 101
RW: 0, 12, 166, 102
LW: 0, 12, 166, 101
RW: 0, 12, 166, 102
LW: 0, 12, 166, 101
RW: 0, 12, 167, 102
LW: 0, 12, 166, 101
RW: 0, 12, 167, 102
LW: 0, 12, 167, 101
RW: 0, 12, 167, 102
LW: 0, 12, 167, 101
RW: 0, 12, 167, 102
LW: 0, 12, 167, 101
RW: 0, 12, 167, 102
LW: 0, 12, 167, 101
RW: 0, 12, 167, 102
LW: 0, 12, 167, 101
RW: 0, 12, 167, 102
LW: 0, 12, 167, 101
RW: 0, 12, 168, 102
LW: 0, 12, 167, 101
RW: 0, 12, 168, 102
LW: 0, 12, 167, 101
RW: 0, 12, 168, 102
LW: 0, 12, 168, 101
RW: 0, 12, 168, 102
LW: 0, 12, 168, 101
RW: 0, 12, 168, 102
LW: 0, 12, 168, 101
RW: 0, 12, 168, 102
LW: 0, 12, 168, 101
RW: 0, 12, 168, 101
LW: 0, 12, 168, 101
RW: 0, 12, 168, 101
LW: 0, 12, 168, 101
RW: 0, 12, 168, 101
LW: 0, 12, 168, 101
RW: 0, 12, 168, 101
LW: 0, 12, 168, 101
RW: 0, 12, 168, 101
LW: 0, 12, 168, 101
RW: 0, 12, 168, 101
LW: 0, 12, 168, 101
RW: 0, 12, 168, 101
LW: 0, 12, 168, 101
RW: 0, 12, 168, 101
LW: 0, 12, 168, 101
RW: 0, 12, 168, 101
LW: 0, 12, 168, 101
RW: 0, 12, 169, 101
LW: 0, 12, 168, 101
RW: 0, 12, 169, 101
LW: 0, 12, 169, 101
RW: 0, 12, 169, 101
LW: 0, 12, 169, 101
RW: 0, 12, 169, 101
LW: 0, 12, 169, 101
RW: 0, 12, 169, 101
LW: 0, 12, 169, 101
RW: 0, 12, 169, 101
LW: 0, 12, 169, 101
RW: 0, 12, 169, 101
LW: 0, 12, 169, 101
RW: 0, 12, 170, 101
LW: 0, 12, 169, 101
RW: 0, 12, 170, 101
LW: 0, 12, 169, 101
RW: 0, 12, 170, 101
LW: 0, 12, 169, 101
RW: 0, 12, 170, 101
LW: 0, 12, 170, 101
RW: 0, 12, 170, 101
LW: 0, 12, 170, 101
RW: 0, 12, 170, 101
LW: 0, 12, 170, 101
RW: 0, 12, 170, 101
LW: 0, 12, 170, 101
RW: 0, 12, 170, 101
LW: 0, 12, 170, 101
RW: 0, 12, 170, 101
LW: 0, 12, 170, 101
RW: 0, 12, 170, 101
LW: 0, 12, 170, 101
RW: 0, 12, 170, 101
LW: 0, 12, 170, 101
RW: 0, 12, 170, 101
LW: 0, 12, 170, 101
RW: 0, 12, 170, 101
LW: 0, 12, 170, 101
RW: 0, 12, 170, 101
LW: 0, 12, 170, 101
RW: 0, 12, 171, 101
LW: 0, 12, 170, 101
RW: 0, 12, 171, 101
LW: 0, 12, 170, 101
RW: 0, 12, 171, 101
LW: 0, 12, 170, 101
RW: 0, 12, 171, 101
LW: 0, 12, 171, 101
RW: 0, 22, 171, 101
LW: 0, 22, 171, 101
RW: 0, 22, 171, 101
LW: 0, 22, 171, 101
RW: 0, 22, 171, 101
LW: 0, 22, 171, 101
RW: 0, 22, 171, 101
LW: 0, 22, 171, 101
RW: 0, 22, 172, 101
LW: 0, 22, 171, 101
RW: 0, 22, 172, 101
LW: 0, 22, 171, 101
RW: 0, 22, 172, 101
LW: 0, 22, 172, 101
RW: 0, 22, 172, 101
LW: 0, 22, 172, 101
RW: 0, 22, 172, 101
LW: 0, 22, 172, 101
RW: 0, 22, 172, 101
LW: 0, 22, 172, 101
RW: 0, 22, 172, 101
LW: 0, 22, 172, 101
RW: 0, 15, 172, 92
LW: 0, 15, 172, 101
RW: 0, 15, 172, 92
LW: 0, 15, 172, 101
RW: 0, 15, 172, 92
LW: 0, 15, 172, 101
RW: 0, 15, 172, 92
LW: 0, 15, 172, 101
RW: 0, 15, 172, 92
LW: 0, 15, 172, 101
RW: 0, 15, 172, 92
LW: 0, 15, 172, 101
RW: 0, 15, 173, 92
LW: 0, 15, 172, 101
RW: 0, 15, 173, 92
LW: 0, 15, 173, 101
RW: 0, 15, 173, 92
LW: 0, 15, 173, 101
RW: 0, 15, 173, 92
LW: 0, 15, 173, 101
RW: 0, 15, 173, 92
LW: 0, 15, 173, 101
RW: 0, 15, 173, 101
LW: 0, 15, 173, 101
RW: 0, 15, 173, 101
LW: 0, 15, 173, 101
RW: 0, 15, 174, 101
LW: 0, 15, 173, 101
RW: 0, 15, 174, 101
LW: 0, 15, 174, 101
RW: 0, 15, 174, 101
LW: 0, 15, 174, 101
RW: 0, 15, 174, 101
LW: 0, 15, 174, 101
RW: 0, 15, 174, 101
LW: 0, 15, 174, 101
RW: 0, 15, 174, 101
LW: 0, 15, 174, 101
RW: 0, 15, 174, 101
LW: 0, 15, 174, 101
RW: 0, 15, 174, 101
LW: 0, 15, 174, 101
RW: 0, 15, 174, 101
LW: 0, 15, 174, 101
RW: 0, 15, 174, 101
LW: 0, 15, 174, 92
RW: 0, 15, 174, 92
LW: 0, 15, 174, 92
RW: 0, 15, 174, 92
LW: 0, 15, 174, 92
RW: 0, 15, 175, 92
LW: 0, 15, 175, 92
RW: 0, 15, 175, 92
LW: 0, 15, 175, 92
RW: 0, 15, 175, 92
LW: 0, 15, 175, 92
RW: 0, 15, 175, 92
LW: 0, 15, 175, 92
RW: 0, 15, 175, 92
LW: 0, 15, 175, 92
RW: 0, 15, 175, 92
LW: 0, 15, 175, 92
RW: 0, 15, 175, 92
LW: 0, 15, 175, 92
RW: 0, 15, 176, 92
LW: 0, 15, 176, 92
RW: 0, 5, 176, 101
LW: 0, 5, 176, 101
RW: 0, 5, 176, 101
LW: 0, 5, 176, 101
RW: 0, 5, 176, 101
LW: 0, 5, 176, 101
RW: 0, 5, 176, 101
LW: 0, 5, 176, 101
RW: 0, 5, 176, 101
LW: 0, 5, 176, 101
RW: 0, 5, 176, 101
LW: 0, 5, 176, 101
RW: 0, 5, 176, 101
LW: 0, 5, 176, 101
RW: 0, 5, 176, 101
LW: 0, 5, 176, 101
RW: 0, 5, 176, 101
LW: 0, 5, 176, 101
RW: 0, 5, 176, 101
LW: 0, 5, 176, 101
RW: 0, 5, 176, 101
LW: 0, 5, 176, 101
RW: 0, 5, 176, 91
LW: 0, 12, 177, 101
RW: 0, 22, 177, 91
LW: 0, 12, 177, 101
RW: 0, 22, 177, 91
LW: 0, 12, 177, 101
RW: 0, 22, 177, 91
LW: 0, 12, 177, 101
RW: 0, 22, 177, 91
LW: 0, 12, 177, 101
RW: 0, 22, 177, 91
LW: 0, 12, 177, 101
RW: 0, 22, 177, 91
LW: 0, 12, 177, 101
RW: 0, 22, 177, 91
LW: 0, 12, 177, 101
RW: 0, 22, 177, 91
LW: 0, 12, 178, 101
RW: 0, 22, 178, 91
LW: 0, 12, 178, 101
RW: 0, 22, 178, 91
LW: 0, 12, 178, 101
RW: 0, 22, 178, 91
LW: 0, 12, 178, 101
RW: 0, 5, 178, 100
LW: 0, 12, 178, 101
RW: 0, 5, 178, 100
LW: 0, 12, 178, 101
RW: 0, 5, 178, 100
LW: 0, 12, 178, 101
RW: 0, 5, 178, 100
LW: 0, 12, 178, 101
RW: 0, 5, 178, 100
LW: 0, 12, 178, 101
RW: 0, 5, 178, 100
LW: 0, 12, 178, 101
RW: 0, 5, 178, 100
LW: 0, 12, 178, 101
RW: 0, 5, 178, 100
LW: 0, 12, 178, 101
RW: 0, 5, 178, 100
LW: 0, 12, 178, 101
RW: 0, 5, 178, 100
LW: 0, 12, 178, 101
RW: 0, 5, 179, 100
LW: 0, 12, 179, 101
RW: 0, 12, 179, 101
LW: 0, 12, 179, 101
RW: 0, 12, 179, 101
LW: 0, 12, 179, 101
RW: 0, 12, 179, 101
LW: 0, 12, 179, 101
RW: 0, 12, 179, 101
LW: 0, 12, 179, 101
RW: 0, 12, 179, 101
LW: 0, 12, 179, 101
RW: 0, 12, 179, 101
LW: 0, 12, 179, 101
RW: 0, 12, 180, 101
LW: 0, 12, 179, 101
RW: 0, 12, 180, 101
LW: 0, 12, 179, 101
RW: 0, 12, 180, 101
LW: 0, 12, 180, 101
RW: 0, 12, 180, 101
LW: 0, 12, 180, 101
RW: 0, 12, 180, 101
LW: 0, 12, 180, 101
RW: 0, 12, 180, 100
LW: 0, 12, 180, 101
RW: 0, 12, 180, 100
LW: 0, 12, 180, 101
RW: 0, 12, 180, 100
LW: 0, 12, 180, 101
RW: 0, 12, 180, 100
LW: 0, 12, 180, 101
RW: 0, 12, 180, 100
LW: 0, 12, 180, 101
RW: 0, 12, 180, 100
LW: 0, 12, 180, 101
RW: 0, 12, 180, 100
LW: 0, 12, 180, 101
RW: 0, 12, 180, 100
LW: 0, 12, 180, 101
RW: 0, 12, 180, 100
LW: 0, 12, 180, 101
RW: 0, 12, 180, 100
LW: 0, 12, 180, 101
RW: 0, 12, 181, 100
LW: 0, 12, 180, 101
RW: 0, 12, 181, 100
LW: 0, 12, 181, 101
RW: 0, 12, 181, 100
LW: 0, 12, 181, 101
RW: 0, 12, 181, 100
LW: 0, 12, 181, 101
RW: 0, 12, 181, 100
LW: 0, 12, 181, 101
RW: 0, 12, 181, 100
LW: 0, 12, 181, 101
RW: 0, 12, 181, 100
LW: 0, 12, 181, 101
RW: 0, 12, 182, 100
LW: 0, 12, 181, 101
RW: 0, 12, 182, 100
LW: 0, 12, 181, 101
RW: 0, 12, 182, 100
LW: 0, 12, 181, 101
RW: 0, 12, 182, 100
LW: 0, 12, 182, 101
RW: 0, 12, 182, 100
LW: 0, 12, 182, 101
RW: 0, 12, 182, 100
LW: 0, 12, 182, 101
RW: 0, 12, 182, 100
LW: 0, 12, 182, 101
RW: 0, 12, 182, 100
LW: 0, 12, 182, 101
RW: 0, 12, 182, 100
LW: 0, 12, 182, 101
RW: 0, 12, 182, 100
LW: 0, 12, 182, 101
RW: 0, 12, 182, 100
LW: 0, 12, 182, 101
RW: 0, 12, 182, 100
LW: 0, 12, 182, 101
RW: 0, 12, 182, 100
LW: 0, 12, 182, 101
RW: 0, 12, 182, 100
LW: 0, 12, 182, 101
RW: 0, 12, 183, 100
LW: 0, 12, 182, 101
RW: 0, 12, 183, 100
LW: 0, 12, 182, 101
RW: 0, 12, 183, 100
LW: 0, 12, 182, 101
RW: 0, 12, 183, 101
LW: 0, 12, 183, 91
RW: 0, 12, 183, 101
LW: 0, 12, 183, 91
RW: 0, 12, 183, 101
LW: 0, 12, 183, 91
RW: 0, 12, 183, 101
LW: 0, 12, 183, 91
RW: 0, 12, 183, 101
LW: 0, 12, 183, 91
RW: 0, 12, 184, 101
LW: 0, 12, 183, 91
RW: 0, 12, 184, 101
LW: 0, 12, 183, 91
RW: 0, 12, 184, 101
LW: 0, 12, 183, 91
RW: 0, 12, 184, 101
LW: 0, 12, 183, 91
RW: 0, 12, 184, 101
LW: 0, 12, 184, 91
RW: 0, 12, 184, 101
LW: 0, 12, 184, 91
RW: 0, 22, 184, 101
LW: 0, 22, 184, 101
RW: 0, 22, 184, 101
LW: 0, 22, 184, 101
RW: 0, 22, 184, 101
LW: 0, 22, 184, 101
RW: 0, 22, 184, 101
LW: 0, 22, 184, 101
RW: 0, 22, 184, 101
LW: 0, 22, 184, 101
RW: 0, 22, 184, 101
LW: 0, 22, 184, 101
RW: 0, 22, 184, 101
LW: 0, 22, 184, 101
RW: 0, 22, 184, 101
LW: 0, 22, 184, 101
RW: 0, 22, 185, 101
LW: 0, 22, 184, 101
RW: 0, 22, 185, 101
LW: 0, 22, 184, 101
RW: 0, 22, 185, 101
LW: 0, 22, 185, 101
RW: 0, 22, 185, 101
LW: 0, 15, 185, 101
RW: 0, 15, 185, 101
LW: 0, 15, 185, 101
RW: 0, 15, 185, 101
LW: 0, 15, 185, 101
RW: 0, 15, 186, 101
LW: 0, 15, 185, 101
RW: 0, 15, 186, 101
LW: 0, 15, 185, 101
RW: 0, 15, 186, 101
LW: 0, 15, 185, 101
RW: 0, 15, 186, 101
LW: 0, 15, 186, 101
RW: 0, 15, 186, 101
LW: 0, 15, 186, 101
RW: 0, 15, 186, 101
LW: 0, 15, 186, 101
RW: 0, 15, 186, 101
LW: 0, 15, 186, 101
RW: 0, 15, 186, 101
LW: 0, 15, 186, 101
RW: 0, 15, 186, 101
LW: 0, 15, 186, 101
RW: 0, 15, 186, 92
LW: 0, 15, 186, 92
RW: 0, 15, 186, 92
LW: 0, 15, 186, 92
RW: 0, 15, 186, 92
LW: 0, 15, 186, 92
RW: 0, 15, 187, 92
LW: 0, 15, 186, 92
RW: 0, 15, 187, 92
LW: 0, 15, 186, 92
RW: 0, 15, 187, 92
LW: 0, 15, 186, 92
RW: 0, 15, 187, 92
LW: 0, 15, 187, 92
RW: 0, 15, 187, 92
LW: 0, 15, 187, 92
RW: 0, 15, 187, 92
LW: 0, 15, 187, 92
RW: 0, 15, 187, 92
LW: 0, 15, 187, 92
RW: 0, 15, 188, 92
LW: 0, 15, 187, 92
RW: 0, 5, 188, 111
LW: 0, 15, 187, 92
RW: 0, 5, 188, 111
LW: 0, 15, 187, 92
RW: 0, 5, 188, 111
LW: 0, 15, 187, 92
RW: 0, 5, 188, 111
LW: 0, 15, 188, 92
RW: 0, 5, 188, 111
LW: 0, 15, 188, 92
RW: 0, 5, 188, 111
LW: 0, 15, 188, 92
RW: 0, 5, 188, 111
LW: 0, 15, 188, 92
RW: 0, 5, 188, 111
LW: 0, 15, 188, 92
RW: 0, 5, 188, 111
LW: 0, 15, 188, 92
RW: 0, 5, 188, 111
LW: 0, 15, 188, 92
RW: 0, 5, 188, 111
LW: 0, 15, 188, 92
RW: 0, 12, 189, 101
LW: 0, 15, 188, 92
RW: 0, 12, 189, 101
LW: 0, 15, 188, 92
RW: 0, 12, 189, 101
LW: 0, 15, 188, 92
RW: 0, 12, 189, 101
LW: 0, 15, 189, 92
RW: 0, 12, 189, 101
LW: 0, 15, 189, 92
RW: 0, 12, 189, 101
LW: 0, 15, 189, 92
RW: 0, 12, 189, 101
LW: 0, 15, 189, 92
RW: 0, 12, 190, 101
LW: 0, 15, 189, 92
RW: 0, 12, 190, 101
LW: 0, 15, 189, 92
RW: 0, 12, 190, 101
LW: 0, 15, 189, 92
RW: 0, 12, 190, 101
LW: 0, 15, 190, 92
RW: 0, 12, 190, 101
LW: 0, 5, 190, 101
RW: 0, 12, 190, 101
LW: 0, 5, 190, 101
RW: 0, 12, 190, 101
LW: 0, 5, 190, 101
RW: 0, 12, 190, 101
LW: 0, 5, 190, 101
RW: 0, 12, 190, 101
LW: 0, 5, 190, 101
RW: 0, 12, 190, 101
LW: 0, 5, 190, 101
RW: 0, 12, 190, 101
LW: 0, 5, 190, 101
RW: 0, 12, 190, 101
LW: 0, 5, 190, 101
RW: 0, 12, 190, 101
LW: 0, 5, 190, 101
RW: 0, 12, 190, 101
LW: 0, 5, 190, 101
RW: 0, 12, 190, 101
LW: 0, 5, 190, 101
RW: 0, 12, 191, 101
LW: 0, 5, 191, 101
RW: 0, 12, 191, 101
LW: 0, 12, 191, 101
RW: 0, 12, 191, 101
LW: 0, 12, 191, 101
RW: 0, 12, 191, 101
LW: 0, 12, 191, 101
RW: 0, 12, 191, 101
LW: 0, 12, 191, 101
RW: 0, 12, 191, 101
LW: 0, 12, 191, 101
RW: 0, 12, 191, 101
LW: 0, 12, 191, 101
RW: 0, 12, 192, 101
LW: 0, 12, 191, 101
RW: 0, 12, 192, 101
LW: 0, 12, 191, 101
RW: 0, 12, 192, 101
LW: 0, 12, 192, 101
RW: 0, 12, 192, 101
LW: 0, 12, 192, 101
RW: 0, 12, 192, 101
LW: 0, 12, 192, 101
RW: 0, 12, 192, 101
LW: 0, 12, 192, 101
RW: 0, 12, 192, 101
LW: 0, 12, 192, 101
RW: 0, 12, 192, 101
LW: 0, 12, 192, 101
RW: 0, 12, 192, 101
LW: 0, 12, 192, 101
RW: 0, 12, 192, 101
LW: 0, 12, 192, 101
RW: 0, 12, 192, 101
LW: 0, 12, 192, 101
RW: 0, 12, 192, 101
LW: 0, 12, 192, 101
RW: 0, 12, 192, 101
LW: 0, 12, 192, 101
RW: 0, 12, 192, 101
LW: 0, 12, 192, 101
RW: 0, 12, 193, 101
LW: 0, 12, 192, 101
RW: 0, 12, 193, 101
LW: 0, 12, 192, 101
RW: 0, 12, 193, 102
LW: 0, 12, 193, 101
RW: 0, 12, 193, 102
LW: 0, 12, 193, 101
RW: 0, 12, 193, 102
LW: 0, 12, 193, 101
RW: 0, 12, 193, 102
LW: 0, 12, 193, 101
RW: 0, 12, 193, 102
LW: 0, 12, 193, 101
RW: 0, 12, 193, 102
LW: 0, 12, 193, 101
RW: 0, 12, 194, 102
LW: 0, 12, 193, 101
RW: 0, 12, 194, 102
LW: 0, 12, 193, 101
RW: 0, 12, 194, 102
LW: 0, 12, 193, 101
RW: 0, 12, 194, 102
LW: 0, 12, 194, 101
RW: 0, 12, 194, 102
LW: 0, 12, 194, 101
RW: 0, 12, 194, 102
LW: 0, 12, 194, 111
RW: 0, 12, 194, 101
LW: 0, 12, 194, 111
RW: 0, 12, 194, 101
LW: 0, 12, 194, 111
RW: 0, 12, 194, 101
LW: 0, 12, 194, 111
RW: 0, 12, 194, 101
LW: 0, 12, 194, 111
RW: 0, 12, 194, 101
LW: 0, 12, 194, 111
RW: 0, 12, 194, 101
LW: 0, 12, 194, 111
RW: 0, 12, 194, 101
LW: 0, 12, 194, 111
RW: 0, 12, 194, 101
LW: 0, 12, 194, 111
RW: 0, 12, 195, 101
LW: 0, 12, 194, 111
RW: 0, 12, 195, 101
LW: 0, 12, 194, 111
RW: 0, 12, 195, 102
LW: 0, 22, 195, 92
RW: 0, 12, 195, 102
LW: 0, 22, 195, 92
RW: 0, 12, 195, 102
LW: 0, 22, 195, 92
RW: 0, 12, 195, 102
LW: 0, 22, 195, 92
RW: 0, 12, 195, 102
LW: 0, 22, 195, 92
RW: 0, 12, 195, 102
LW: 0, 22, 195, 92
RW: 0, 12, 196, 102
LW: 0, 22, 195, 92
RW: 0, 12, 196, 102
LW: 0, 22, 195, 92
RW: 0, 12, 196, 102
LW: 0, 22, 196, 92
RW: 0, 12, 196, 102
LW: 0, 22, 196, 92
RW: 0, 12, 196, 102
LW: 0, 22, 196, 92
RW: 0, 12, 196, 102
LW: 0, 5, 196, 102
RW: 0, 12, 196, 102
LW: 0, 5, 196, 102
RW: 0, 12, 196, 102
LW: 0, 5, 196, 102
RW: 0, 12, 196, 102
LW: 0, 5, 196, 102
RW: 0, 12, 196, 102
LW: 0, 5, 196, 102
RW: 0, 12, 196, 102
LW: 0, 5, 196, 102
RW: 0, 12, 196, 102
LW: 0, 5, 196, 102
RW: 0, 12, 196, 102
LW: 0, 5, 196, 102
RW: 0, 12, 196, 102
LW: 0, 5, 197, 102
RW: 0, 12, 196, 102
LW: 0, 5, 197, 102
RW: 0, 12, 197, 102
LW: 0, 5, 197, 102
RW: 0, 12, 197, 102
LW: 0, 12, 197, 102
RW: 0, 12, 197, 102
LW: 0, 12, 197, 102
RW: 0, 12, 197, 102
LW: 0, 12, 197, 102
RW: 0, 12, 197, 102
LW: 0, 12, 197, 102
RW: 0, 12, 197, 102
LW: 0, 12, 197, 102
RW: 0, 12, 197, 102
LW: 0, 12, 198, 102
RW: 0, 12, 198, 102
LW: 0, 12, 198, 102
RW: 0, 12, 198, 102
LW: 0, 12, 198, 102
RW: 0, 12, 198, 102
LW: 0, 12, 198, 102
RW: 0, 12, 198, 102
LW: 0, 12, 198, 102
RW: 0, 12, 198, 102
LW: 0, 12, 198, 102
RW: 0, 12, 198, 92
LW: 0, 22, 198, 102
RW: 0, 22, 198, 92
LW: 0, 22, 198, 102
RW: 0, 22, 198, 92
LW: 0, 22, 198, 102
RW: 0, 22, 198, 92
LW: 0, 22, 198, 102
RW: 0, 22, 198, 92
LW: 0, 22, 198, 102
RW: 0, 22, 198, 92
LW: 0, 22, 198, 102
RW: 0, 22, 198, 92
LW: 0, 22, 198, 102
RW: 0, 22, 198, 92
LW: 0, 22, 198, 102
RW: 0, 22, 198, 92
LW: 0, 22, 198, 102
RW: 0, 22, 198, 92
LW: 0, 22, 199, 102
RW: 0, 22, 199, 92
LW: 0, 22, 199, 102
RW: 0, 22, 199, 92
LW: 0, 22, 199, 102
RW: 0, 15, 199, 92
LW: 0, 15, 199, 102
RW: 0, 15, 199, 92
LW: 0, 15, 199, 102
RW: 0, 15, 199, 92
LW: 0, 15, 199, 102
RW: 0, 15, 199, 92
LW: 0, 15, 199, 102
RW: 0, 15, 199, 92
LW: 0, 15, 200, 102
RW: 0, 15, 200, 92
LW: 0, 15, 200, 102
RW: 0, 15, 200, 92
LW: 0, 15, 200, 102
RW: 0, 15, 200, 92
LW: 0, 15, 200, 102
RW: 0, 15, 200, 92
LW: 0, 15, 200, 102
RW: 0, 15, 200, 92
LW: 0, 15, 200, 102
RW: 0, 15, 200, 92
LW: 0, 15, 200, 102
RW: 0, 15, 200, 92
LW: 0, 15, 200, 92
RW: 0, 15, 200, 92
LW: 0, 15, 200, 92
RW: 0, 15, 200, 92
LW: 0, 15, 200, 92
RW: 0, 15, 200, 92
LW: 0, 15, 201, 92
RW: 0, 15, 200, 92
LW: 0, 15, 201, 92
RW: 0, 15, 200, 92
LW: 0, 15, 201, 92
RW: 0, 15, 200, 92
LW: 0, 15, 201, 92
RW: 0, 15, 201, 92
LW: 0, 15, 201, 92
RW: 0, 15, 201, 92
LW: 0, 15, 201, 92
RW: 0, 15, 201, 92
LW: 0, 15, 201, 92
RW: 0, 15, 201, 92
LW: 0, 15, 202, 92
RW: 0, 15, 201, 92
LW: 0, 5, 202, 102
RW: 0, 15, 201, 92
LW: 0, 5, 202, 102
RW: 0, 15, 202, 92
LW: 0, 5, 202, 102
RW: 0, 15, 202, 92
LW: 0, 5, 202, 102
RW: 0, 15, 202, 92
LW: 0, 5, 202, 102
RW: 0, 15, 202, 92
LW: 0, 5, 202, 102
RW: 0, 15, 202, 92
LW: 0, 5, 202, 102
RW: 0, 15, 202, 92
LW: 0, 5, 202, 102
RW: 0, 15, 202, 92
LW: 0, 5, 202, 102
RW: 0, 15, 202, 92
LW: 0, 5, 202, 102
RW: 0, 15, 202, 92
LW: 0, 5, 202, 102
RW: 0, 15, 202, 92
LW: 0, 12, 203, 102
RW: 0, 15, 202, 92
LW: 0, 12, 203, 102
RW: 0, 15, 202, 92
LW: 0, 12, 203, 102
RW: 0, 15, 202, 92
LW: 0, 12, 203, 102
RW: 0, 15, 203, 92
LW: 0, 12, 203, 102
RW: 0, 15, 203, 92
LW: 0, 12, 203, 102
RW: 0, 15, 203, 92
LW: 0, 12, 203, 102
RW: 0, 15, 203, 92
LW: 0, 12, 203, 102
RW: 0, 15, 203, 92
LW: 0, 12, 203, 102
RW: 0, 15, 203, 92
LW: 0, 12, 204, 102
RW: 0, 15, 203, 92
LW: 0, 12, 204, 102
RW: 0, 15, 204, 92
LW: 0, 12, 204, 102
RW: 0, 5, 204, 101
LW: 0, 12, 204, 102
RW: 0, 5, 204, 101
LW: 0, 12, 204, 102
RW: 0, 5, 204, 101
LW: 0, 12, 204, 102
RW: 0, 5, 204, 101
LW: 0, 12, 204, 102
RW: 0, 5, 204, 101
LW: 0, 12, 204, 102
RW: 0, 5, 204, 101
LW: 0, 12, 204, 102
RW: 0, 5, 204, 101
LW: 0, 12, 204, 102
RW: 0, 5, 204, 101
LW: 0, 12, 204, 102
RW: 0, 5, 204, 101
LW: 0, 12, 204, 102
RW: 0, 5, 204, 101
LW: 0, 12, 204, 102
RW: 0, 5, 204, 101
LW: 0, 12, 204, 102
RW: 0, 22, 205, 92
LW: 0, 22, 205, 92
RW: 0, 22, 205, 92
LW: 0, 22, 205, 92
RW: 0, 22, 205, 92
LW: 0, 22, 205, 92
RW: 0, 22, 205, 92
LW: 0, 22, 205, 92
RW: 0, 22, 205, 92
LW: 0, 22, 205, 92
RW: 0, 22, 205, 92
LW: 0, 22, 205, 92
RW: 0, 22, 205, 92
LW: 0, 22, 205, 92
RW: 0, 22, 206, 92
LW: 0, 22, 205, 92
RW: 0, 22, 206, 92
LW: 0, 22, 206, 92
RW: 0, 22, 206, 92
LW: 0, 22, 206, 92
RW: 0, 22, 206, 92
LW: 0, 22, 206, 92
RW: 0, 5, 206, 101
LW: 0, 5, 206, 111
RW: 0, 5, 206, 101
LW: 0, 5, 206, 111
RW: 0, 5, 206, 101
LW: 0, 5, 206, 111
RW: 0, 5, 206, 101
LW: 0, 5, 206, 111
RW: 0, 5, 206, 101
LW: 0, 5, 206, 111
RW: 0, 5, 206, 101
LW: 0, 5, 206, 111
RW: 0, 5, 206, 101
LW: 0, 5, 206, 111
RW: 0, 5, 206, 101
LW: 0, 5, 206, 111
RW: 0, 5, 207, 101
LW: 0, 5, 207, 111
RW: 0, 5, 207, 101
LW: 0, 5, 207, 111
RW: 0, 5, 207, 101
LW: 0, 5, 207, 111
RW: 0, 12, 207, 101
LW: 0, 12, 207, 101
RW: 0, 12, 207, 101
LW: 0, 12, 207, 101
RW: 0, 12, 207, 101
LW: 0, 12, 207, 101
RW: 0, 12, 207, 101
LW: 0, 12, 207, 101
RW: 0, 12, 208, 101
LW: 0, 12, 207, 101
RW: 0, 12, 208, 101
LW: 0, 12, 208, 101
RW: 0, 12, 208, 101
LW: 0, 12, 208, 101
RW: 0, 12, 208, 101
LW: 0, 12, 208, 101
RW: 0, 12, 208, 101
LW: 0, 12, 208, 101
RW: 0, 12, 208, 101
LW: 0, 12, 208, 101
RW: 0, 12, 208, 101
LW: 0, 12, 208, 101
RW: 0, 12, 208, 102
LW: 0, 12, 208, 102
RW: 0, 12, 208, 102
LW: 0, 12, 208, 102
RW: 0, 12, 208, 102
LW: 0, 12, 208, 102
RW: 0, 12, 208, 102
LW: 0, 12, 208, 102
RW: 0, 12, 208, 102
LW: 0, 12, 208, 102
RW: 0, 12, 208, 102
LW: 0, 12, 208, 102
RW: 0, 12, 208, 102
LW: 0, 12, 209, 102
RW: 0, 12, 209, 102
LW: 0, 12, 209, 102
RW: 0, 12, 209, 102
LW: 0, 12, 209, 102
RW: 0, 12, 209, 102
LW: 0, 12, 209, 102
RW: 0, 12, 209, 102
LW: 0, 12, 209, 102
RW: 0, 12, 209, 101
LW: 0, 12, 209, 101
RW: 0, 12, 209, 101
LW: 0, 12, 209, 101
RW: 0, 12, 209, 101
LW: 0, 12, 209, 101
RW: 0, 12, 210, 101
LW: 0, 12, 210, 101
RW: 0, 12, 210, 101
LW: 0, 12, 210, 101
RW: 0, 12, 210, 101
LW: 0, 12, 210, 101
RW: 0, 12, 210, 101
LW: 0, 12, 210, 101
RW: 0, 12, 210, 101
LW: 0, 12, 210, 101
RW: 0, 12, 210, 101
LW: 0, 12, 210, 101
RW: 0, 12, 210, 101
LW: 0, 12, 210, 101
RW: 0, 12, 210, 101
LW: 0, 12, 210, 101
RW: 0, 12, 210, 102
LW: 0, 12, 210, 102
RW: 0, 12, 210, 102
LW: 0, 12, 210, 102
RW: 0, 12, 210, 102
LW: 0, 12, 210, 102
RW: 0, 12, 210, 102
LW: 0, 12, 210, 102
RW: 0, 12, 210, 102
LW: 0, 12, 210, 102
RW: 0, 12, 210, 102
LW: 0, 12, 211, 102
RW: 0, 12, 211, 102
LW: 0, 12, 211, 102
RW: 0, 12, 211, 102
LW: 0, 12, 211, 102
RW: 0, 12, 211, 102
LW: 0, 12, 211, 102
RW: 0, 12, 211, 102
LW: 0, 12, 211, 102
RW: 0, 12, 211, 102
LW: 0, 12, 211, 102
RW: 0, 12, 211, 102
LW: 0, 12, 211, 102
RW: 0, 12, 211, 101
LW: 0, 12, 211, 101
RW: 0, 12, 211, 101
LW: 0, 12, 211, 101
RW: 0, 12, 212, 101
LW: 0, 12, 212, 101
RW: 0, 12, 212, 101
LW: 0, 12, 212, 101
RW: 0, 12, 212, 101
LW: 0, 12, 212, 101
RW: 0, 12, 212, 101
LW: 0, 12, 212, 101
RW: 0, 12, 212, 101
LW: 0, 12, 212, 101
RW: 0, 12, 212, 101
LW: 0, 12, 212, 101
RW: 0, 12, 212, 101
LW: 0, 12, 212, 101
RW: 0, 12, 212, 101
LW: 0, 12, 212, 101
RW: 0, 12, 212, 101
LW: 0, 12, 212, 101
RW: 0, 22, 212, 102
LW: 0, 22, 212, 93
RW: 0, 22, 212, 102
LW: 0, 22, 212, 93
RW: 0, 22, 212, 102
LW: 0, 22, 212, 93
RW: 0, 22, 212, 102
LW: 0, 22, 212, 93
RW: 0, 22, 212, 102
LW: 0, 22, 213, 93
RW: 0, 22, 212, 102
LW: 0, 22, 213, 93
RW: 0, 22, 213, 102
LW: 0, 22, 213, 93
RW: 0, 22, 213, 102
LW: 0, 22, 213, 93
RW: 0, 22, 213, 102
LW: 0, 22, 213, 93
RW: 0, 22, 213, 102
LW: 0, 22, 213, 93
RW: 0, 22, 213, 102
LW: 0, 22, 213, 93
RW: 0, 15, 213, 101
LW: 0, 15, 213, 92
RW: 0, 15, 213, 101
LW: 0, 15, 214, 92
RW: 0, 15, 214, 101
LW: 0, 15, 214, 92
RW: 0, 15, 214, 101
LW: 0, 15, 214, 92
RW: 0, 15, 214, 101
LW: 0, 15, 214, 92
RW: 0, 15, 214, 101
LW: 0, 15, 214, 92
RW: 0, 15, 214, 101
LW: 0, 15, 214, 92
RW: 0, 15, 214, 101
LW: 0, 15, 214, 92
RW: 0, 15, 214, 101
LW: 0, 15, 214, 92
RW: 0, 15, 214, 101
LW: 0, 15, 214, 92
RW: 0, 15, 214, 101
LW: 0, 15, 214, 92
RW: 0, 15, 214, 101
LW: 0, 15, 215, 93
RW: 0, 15, 214, 93
LW: 0, 15, 215, 93
RW: 0, 15, 214, 93
LW: 0, 15, 215, 93
RW: 0, 15, 214, 93
LW: 0, 15, 215, 93
RW: 0, 15, 215, 93
LW: 0, 15, 215, 93
RW: 0, 15, 215, 93
LW: 0, 15, 215, 93
RW: 0, 15, 215, 93
LW: 0, 15, 215, 93
RW: 0, 15, 215, 93
LW: 0, 15, 216, 93
RW: 0, 15, 215, 93
LW: 0, 15, 216, 93
RW: 0, 15, 215, 93
LW: 0, 15, 216, 93
RW: 0, 15, 216, 93
LW: 0, 15, 216, 93
RW: 0, 15, 216, 111
LW: 0, 5, 216, 111
RW: 0, 5, 216, 111
LW: 0, 5, 216, 111
RW: 0, 5, 216, 111
LW: 0, 5, 216, 111
RW: 0, 5, 216, 111
LW: 0, 5, 216, 111
RW: 0, 5, 216, 111
LW: 0, 5, 216, 111
RW: 0, 5, 216, 111
LW: 0, 5, 216, 111
RW: 0, 5, 216, 111
LW: 0, 5, 216, 111
RW: 0, 5, 216, 111
LW: 0, 5, 217, 111
RW: 0, 5, 216, 111
LW: 0, 5, 217, 111
RW: 0, 5, 216, 111
LW: 0, 5, 217, 111
RW: 0, 5, 216, 111
LW: 0, 5, 217, 111
RW: 0, 5, 216, 92
LW: 0, 12, 217, 101
RW: 0, 22, 216, 92
LW: 0, 12, 217, 101
RW: 0, 22, 217, 92
LW: 0, 12, 217, 101
RW: 0, 22, 217, 92
LW: 0, 12, 217, 101
RW: 0, 22, 217, 92
LW: 0, 12, 218, 101
RW: 0, 22, 217, 92
LW: 0, 12, 218, 101
RW: 0, 22, 217, 92
LW: 0, 12, 218, 101
RW: 0, 22, 217, 92
LW: 0, 12, 218, 101
RW: 0, 22, 217, 92
LW: 0, 12, 218, 101
RW: 0, 22, 218, 92
LW: 0, 12, 218, 101
RW: 0, 22, 218, 92
LW: 0, 12, 218, 101
RW: 0, 22, 218, 92
LW: 0, 12, 218, 101
RW: 0, 5, 218, 101
LW: 0, 12, 218, 101
RW: 0, 5, 218, 101
LW: 0, 12, 218, 101
RW: 0, 5, 218, 101
LW: 0, 12, 218, 101
RW: 0, 5, 218, 101
LW: 0, 12, 218, 101
RW: 0, 5, 218, 101
LW: 0, 12, 218, 101
RW: 0, 5, 218, 101
LW: 0, 12, 219, 101
RW: 0, 5, 218, 101
LW: 0, 12, 219, 101
RW: 0, 5, 218, 101
LW: 0, 12, 219, 101
RW: 0, 5, 218, 101
LW: 0, 12, 219, 101
RW: 0, 5, 218, 101
LW: 0, 12, 219, 101
RW: 0, 5, 219, 101
LW: 0, 12, 219, 101
RW: 0, 12, 219, 101
LW: 0, 12, 219, 101
RW: 0, 12, 219, 101
LW: 0, 12, 219, 101
RW: 0, 12, 219, 101
LW: 0, 12, 220, 101
RW: 0, 12, 219, 101
LW: 0, 12, 220, 101
RW: 0, 12, 219, 101
LW: 0, 12, 220, 101
RW: 0, 12, 219, 101
LW: 0, 12, 220, 101
RW: 0, 12, 220, 101
LW: 0, 12, 220, 101
RW: 0, 12, 220, 101
LW: 0, 12, 220, 101
RW: 0, 12, 220, 101
LW: 0, 12, 220, 101
RW: 0, 12, 220, 101
LW: 0, 12, 220, 101
RW: 0, 12, 220, 101
LW: 0, 12, 220, 101
RW: 0, 12, 220, 100
LW: 0, 12, 220, 101
RW: 0, 12, 220, 100
LW: 0, 12, 220, 101
RW: 0, 12, 220, 100
LW: 0, 12, 220, 101
RW: 0, 12, 220, 100
LW: 0, 12, 220, 101
RW: 0, 12, 220, 100
LW: 0, 12, 220, 101
RW: 0, 12, 220, 100
LW: 0, 12, 221, 101
RW: 0, 12, 220, 100
LW: 0, 12, 221, 101
RW: 0, 12, 220, 100
LW: 0, 12, 221, 101
RW: 0, 12, 220, 100
LW: 0, 12, 221, 101
RW: 0, 12, 220, 100
LW: 0, 12, 221, 101
RW: 0, 12, 221, 100
LW: 0, 12, 221, 101
RW: 0, 12, 221, 100
LW: 0, 12, 221, 101
RW: 0, 12, 221, 101
LW: 0, 12, 221, 101
RW: 0, 12, 221, 101
LW: 0, 12, 222, 101
RW: 0, 12, 221, 101
LW: 0, 12, 222, 101
RW: 0, 12, 221, 101
LW: 0, 12, 222, 101
RW: 0, 12, 221, 101
LW: 0, 12, 222, 101
RW: 0, 12, 222, 101
LW: 0, 12, 222, 101
RW: 0, 12, 222, 101
LW: 0, 12, 222, 101
RW: 0, 12, 222, 101
LW: 0, 12, 222, 101
RW: 0, 12, 222, 101
LW: 0, 12, 222, 101
RW: 0, 12, 222, 101
LW: 0, 12, 222, 101
RW: 0, 12, 222, 101
LW: 0, 12, 222, 101
RW: 0, 12, 222, 101
LW: 0, 12, 222, 101
RW: 0, 12, 222, 101
LW: 0, 12, 222, 101
RW: 0, 12, 222, 101
LW: 0, 12, 222, 101
RW: 0, 12, 222, 101
LW: 0, 12, 223, 101
RW: 0, 12, 222, 101
LW: 0, 12, 223, 101
RW: 0, 12, 222, 101
LW: 0, 12, 223, 101
RW: 0, 12, 222, 101
LW: 0, 12, 223, 101
RW: 0, 12, 222, 101
LW: 0, 12, 223, 101
RW: 0, 12, 223, 101
LW: 0, 12, 223, 101
RW: 0, 12, 223, 101
LW: 0, 12, 223, 101
RW: 0, 12, 223, 101
LW: 0, 12, 223, 101
RW: 0, 12, 223, 101
LW: 0, 12, 224, 101
RW: 0, 12, 223, 101
LW: 0, 12, 224, 101
RW: 0, 12, 223, 101
LW: 0, 12, 224, 101
RW: 0, 12, 223, 101
LW: 0, 12, 224, 101
RW: 0, 12, 223, 101
LW: 0, 12, 224, 101
RW: 0, 12, 224, 101
LW: 0, 12, 224, 101
RW: 0, 12, 224, 101
LW: 0, 12, 224, 101
RW: 0, 12, 224, 101
LW: 0, 12, 224, 101
RW: 0, 12, 224, 101
LW: 0, 12, 224, 101
RW: 0, 12, 224, 101
LW: 0, 12, 224, 101
RW: 0, 12, 224, 101
LW: 0, 12, 224, 101
RW: 0, 12, 224, 101
LW: 0, 12, 224, 101
RW: 0, 12, 224, 101
LW: 0, 12, 224, 101
RW: 0, 12, 224, 101
LW: 0, 12, 224, 101
RW: 0, 12, 224, 101
LW: 0, 12, 225, 101
RW: 0, 12, 224, 101
LW: 0, 12, 225, 101
RW: 0, 12, 224, 101
LW: 0, 12, 225, 101
RW: 0, 12, 224, 101
LW: 0, 12, 225, 101
RW: 0, 12, 224, 101
LW: 0, 12, 225, 101
RW: 0, 12, 224, 101
LW: 0, 12, 225, 101
RW: 0, 12, 225, 101
LW: 0, 12, 225, 101
RW: 0, 12, 225, 101
LW: 0, 12, 225, 101
RW: 0, 12, 225, 101
LW: 0, 22, 225, 101
RW: 0, 22, 225, 101
LW: 0, 22, 226, 101
RW: 0, 22, 225, 101
LW: 0, 22, 226, 101
RW: 0, 22, 225, 101
LW: 0, 22, 226, 101
RW: 0, 22, 225, 101
LW: 0, 22, 226, 101
RW: 0, 22, 225, 101
LW: 0, 22, 226, 101
RW: 0, 22, 226, 101
LW: 0, 22, 226, 101
RW: 0, 22, 226, 101
LW: 0, 22, 226, 101
RW: 0, 22, 226, 101
LW: 0, 22, 226, 101
RW: 0, 22, 226, 101
LW: 0, 22, 226, 101
RW: 0, 22, 226, 101
LW: 0, 22, 226, 101
RW: 0, 22, 226, 101
LW: 0, 15, 226, 92
RW: 0, 15, 226, 92
LW: 0, 15, 226, 92
RW: 0, 15, 226, 92
LW: 0, 15, 227, 92
RW: 0, 15, 226, 92
LW: 0, 15, 227, 92
RW: 0, 15, 226, 92
LW: 0, 15, 227, 92
RW: 0, 15, 226, 92
LW: 0, 15, 227, 92
RW: 0, 15, 226, 92
LW: 0, 15, 227, 92
RW: 0, 15, 226, 92
LW: 0, 15, 227, 92
RW: 0, 15, 227, 92
LW: 0, 15, 227, 92
RW: 0, 15, 227, 92
LW: 0, 15, 228, 92
RW: 0, 15, 227, 92
LW: 0, 15, 228, 92
RW: 0, 15, 227, 92
LW: 0, 5, 228, 102
RW: 0, 15, 227, 101
LW: 0, 5, 228, 102
RW: 0, 15, 227, 101
LW: 0, 5, 228, 102
RW: 0, 15, 227, 101
LW: 0, 5, 228, 102
RW: 0, 15, 228, 101
LW: 0, 5, 228, 102
RW: 0, 15, 228, 101
LW: 0, 5, 228, 102
RW: 0, 15, 228, 101
LW: 0, 5, 228, 102
RW: 0, 15, 228, 101
LW: 0, 5, 228, 102
RW: 0, 15, 228, 101
LW: 0, 5, 228, 102
RW: 0, 15, 228, 101
LW: 0, 5, 229, 102
RW: 0, 15, 228, 101
LW: 0, 5, 229, 102
RW: 0, 15, 228, 101
LW: 0, 5, 229, 102
RW: 0, 15, 228, 92
LW: 0, 12, 229, 102
RW: 0, 15, 228, 92
LW: 0, 12, 229, 102
RW: 0, 15, 228, 92
LW: 0, 12, 229, 102
RW: 0, 15, 228, 92
LW: 0, 12, 229, 102
RW: 0, 15, 228, 92
LW: 0, 12, 230, 102
RW: 0, 15, 229, 92
LW: 0, 12, 230, 102
RW: 0, 15, 229, 92
LW: 0, 12, 230, 102
RW: 0, 15, 229, 92
LW: 0, 12, 230, 102
RW: 0, 15, 229, 92
LW: 0, 12, 230, 102
RW: 0, 15, 229, 92
LW: 0, 12, 230, 102
RW: 0, 15, 229, 92
LW: 0, 12, 230, 102
RW: 0, 15, 230, 92
LW: 0, 12, 230, 102
RW: 0, 15, 230, 92
LW: 0, 12, 230, 102
RW: 0, 15, 230, 92
LW: 0, 12, 230, 102
RW: 0, 15, 230, 92
LW: 0, 12, 230, 102
RW: 0, 15, 230, 92
LW: 0, 12, 230, 102
RW: 0, 15, 230, 92
LW: 0, 12, 230, 102
RW: 0, 15, 230, 92
LW: 0, 12, 230, 102
RW: 0, 15, 230, 92
LW: 0, 12, 231, 102
RW: 0, 15, 230, 92
LW: 0, 12, 231, 102
RW: 0, 15, 230, 92
LW: 0, 12, 231, 102
RW: 0, 15, 230, 92
LW: 0, 12, 231, 102
RW: 0, 15, 230, 92
LW: 0, 12, 231, 102
RW: 0, 15, 230, 92
LW: 0, 12, 231, 102
RW: 0, 15, 231, 92
LW: 0, 12, 231, 102
RW: 0, 15, 231, 92
LW: 0, 12, 231, 102
RW: 0, 15, 231, 92
LW: 0, 12, 231, 102
RW: 0, 15, 231, 92
LW: 0, 12, 232, 102
RW: 0, 15, 231, 92
LW: 0, 12, 232, 102
RW: 0, 15, 231, 92
LW: 0, 12, 232, 102
RW: 0, 15, 232, 92
LW: 0, 12, 232, 102
RW: 0, 15, 232, 92
LW: 0, 12, 232, 102
RW: 0, 15, 232, 92
LW: 0, 12, 232, 102
RW: 0, 5, 232, 102
LW: 0, 12, 232, 102
RW: 0, 5, 232, 102
LW: 0, 12, 232, 102
RW: 0, 5, 232, 102
LW: 0, 12, 232, 102
RW: 0, 5, 232, 102
LW: 0, 12, 232, 102
RW: 0, 5, 232, 102
LW: 0, 12, 232, 102
RW: 0, 5, 232, 102
LW: 0, 12, 232, 102
RW: 0, 5, 232, 102
LW: 0, 12, 232, 102
RW: 0, 5, 232, 102
LW: 0, 12, 232, 102
RW: 0, 5, 232, 102
LW: 0, 12, 233, 102
RW: 0, 5, 232, 102
LW: 0, 12, 233, 102
RW: 0, 5, 233, 102
LW: 0, 12, 233, 102
RW: 0, 12, 233, 102
LW: 0, 12, 233, 102
RW: 0, 12, 233, 102
LW: 0, 12, 233, 102
RW: 0, 12, 233, 102
LW: 0, 12, 233, 102
RW: 0, 12, 233, 102
LW: 0, 12, 233, 102
RW: 0, 12, 233, 102
LW: 0, 12, 233, 102
RW: 0, 12, 233, 102
LW: 0, 12, 234, 102
RW: 0, 12, 233, 102
LW: 0, 12, 234, 102
RW: 0, 12, 234, 102
LW: 0, 12, 234, 102
RW: 0, 12, 234, 102
LW: 0, 12, 234, 102
RW: 0, 12, 234, 102
LW: 0, 12, 234, 102
RW: 0, 12, 234, 102
LW: 0, 12, 234, 102
RW: 0, 12, 234, 102
LW: 0, 12, 234, 102
RW: 0, 12, 234, 102
LW: 0, 12, 234, 102
RW: 0, 12, 234, 102
LW: 0, 12, 234, 102
RW: 0, 12, 234, 102
LW: 0, 12, 234, 102
RW: 0, 12, 234, 102
LW: 0, 12, 234, 102
RW: 0, 12, 234, 102
LW: 0, 12, 234, 102
RW: 0, 12, 234, 102
LW: 0, 12, 234, 102
RW: 0, 12, 234, 102
LW: 0, 12, 235, 102
RW: 0, 12, 234, 102
LW: 0, 12, 235, 102
RW: 0, 12, 234, 102
LW: 0, 12, 235, 102
RW: 0, 12, 235, 102
LW: 0, 12, 235, 102
RW: 0, 12, 235, 102
LW: 0, 12, 235, 102
RW: 0, 12, 235, 102
LW: 0, 12, 235, 102
RW: 0, 12, 235, 102
LW: 0, 12, 235, 102
RW: 0, 12, 235, 102
LW: 0, 12, 235, 102
RW: 0, 12, 235, 102
LW: 0, 12, 235, 102
RW: 0, 12, 235, 102
LW: 0, 12, 236, 102
RW: 0, 12, 236, 102
LW: 0, 12, 236, 102
RW: 0, 12, 236, 102
LW: 0, 12, 236, 102
RW: 0, 12, 236, 102
LW: 0, 12, 236, 102
RW: 0, 12, 236, 102
LW: 0, 12, 236, 102
RW: 0, 12, 236, 102
LW: 0, 12, 236, 102
RW: 0, 12, 236, 102
LW: 0, 12, 236, 102
RW: 0, 12, 236, 102
LW: 0, 12, 236, 102
RW: 0, 12, 236, 102
LW: 0, 12, 236, 102
RW: 0, 12, 236, 102
LW: 0, 12, 236, 102
RW: 0, 12, 236, 102
LW: 0, 12, 236, 102
RW: 0, 12, 236, 102
LW: 0, 12, 236, 102
RW: 0, 12, 236, 102
LW: 0, 12, 237, 102
RW: 0, 12, 236, 102
LW: 0, 12, 237, 102
RW: 0, 12, 236, 102
LW: 0, 12, 237, 102
RW: 0, 12, 236, 102
LW: 0, 12, 237, 102
RW: 0, 12, 237, 102
LW: 0, 12, 237, 102
RW: 0, 12, 237, 102
LW: 0, 12, 237, 102
RW: 0, 12, 237, 102
LW: 0, 12, 237, 102
RW: 0, 12, 237, 102
LW: 0, 12, 237, 102
RW: 0, 12, 237, 102
LW: 0, 12, 237, 102
RW: 0, 12, 237, 102
LW: 0, 12, 237, 102
RW: 0, 12, 237, 102
LW: 0, 12, 238, 102
RW: 0, 12, 238, 102
LW: 0, 12, 238, 102
RW: 0, 12, 238, 102
LW: 0, 12, 238, 102
RW: 0, 12, 238, 102
LW: 0, 12, 238, 102
RW: 0, 12, 238, 102
LW: 0, 12, 238, 102
RW: 0, 12, 238, 102
LW: 0, 12, 238, 102
RW: 0, 12, 238, 102
LW: 0, 12, 238, 93
RW: 0, 12, 238, 102
LW: 0, 12, 238, 93
RW: 0, 12, 238, 102
LW: 0, 12, 238, 93
RW: 0, 12, 238, 102
LW: 0, 12, 238, 93
RW: 0, 12, 238, 102
LW: 0, 12, 238, 93
RW: 0, 12, 238, 102
LW: 0, 12, 238, 93
RW: 0, 12, 238, 102
LW: 0, 12, 238, 93
RW: 0, 12, 238, 102
LW: 0, 12, 239, 93
RW: 0, 12, 238, 102
LW: 0, 12, 239, 93
RW: 0, 12, 238, 102
LW: 0, 12, 239, 93
RW: 0, 12, 239, 102
LW: 0, 12, 239, 93
RW: 0, 12, 239, 102
LW: 0, 12, 239, 93
RW: 0, 12, 239, 102
LW: 0, 12, 239, 93
RW: 0, 12, 239, 102
LW: 0, 12, 239, 93
RW: 0, 12, 239, 102
LW: 0, 12, 239, 93
RW: 0, 12, 239, 102
LW: 0, 12, 239, 93
RW: 0, 12, 239, 102
LW: 0, 12, 240, 93
RW: 0, 12, 239, 102
LW: 0, 12, 240, 93
RW: 0, 12, 240, 102
LW: 0, 12, 240, 93
RW: 0, 12, 240, 102
LW: 0, 12, 240, 93
RW: 0, 12, 240, 102
LW: 0, 12, 240, 93
RW: 0, 12, 240, 102
LW: 0, 12, 240, 93
RW: 0, 12, 240, 102
LW: 0, 12, 240, 93
RW: 0, 12, 240, 102
LW: 0, 12, 240, 93
RW: 0, 12, 240, 102
LW: 0, 12, 240, 93
RW: 0, 12, 240, 102
LW: 0, 12, 240, 93
RW: 0, 12, 240, 102
LW: 0, 12, 240, 93
RW: 0, 12, 240, 102
LW: 0, 12, 240, 93
RW: 0, 12, 240, 102
LW: 0, 12, 240, 93
RW: 0, 12, 240, 102
LW: 0, 12, 240, 93
RW: 0, 12, 240, 102
LW: 0, 12, 241, 93
RW: 0, 12, 240, 102
LW: 0, 12, 241, 93
RW: 0, 12, 240, 102
LW: 0, 12, 241, 93
RW: 0, 31, 241, 93
LW: 0, 22, 241, 93
RW: 0, 31, 241, 93
LW: 0, 22, 241, 93
RW: 0, 31, 241, 93
LW: 0, 22, 241, 93
RW: 0, 31, 241, 93
LW: 0, 22, 241, 93
RW: 0, 31, 241, 93
LW: 0, 22, 241, 93
RW: 0, 31, 241, 93
LW: 0, 22, 241, 93
RW: 0, 31, 241, 93
LW: 0, 22, 242, 93
RW: 0, 31, 242, 93
LW: 0, 22, 242, 93
RW: 0, 31, 242, 93
LW: 0, 22, 242, 93
RW: 0, 31, 242, 93
LW: 0, 22, 242, 93
RW: 0, 31, 242, 93
LW: 0, 22, 242, 93
RW: 0, 8, 242, 93
LW: 0, 15, 242, 93
RW: 0, 8, 242, 93
LW: 0, 15, 242, 93
RW: 0, 8, 242, 93
LW: 0, 15, 242, 93
RW: 0, 8, 242, 93
LW: 0, 15, 242, 93
RW: 0, 8, 242, 93
LW: 0, 15, 242, 93
RW: 0, 8, 242, 93
LW: 0, 15, 242, 93
RW: 0, 8, 242, 93
LW: 0, 15, 242, 93
RW: 0, 8, 242, 93
LW: 0, 15, 243, 93
RW: 0, 8, 243, 93
LW: 0, 15, 243, 93
RW: 0, 8, 243, 93
LW: 0, 15, 243, 93
RW: 0, 8, 243, 93
LW: 0, 15, 243, 93
RW: 0, 8, 243, 93
LW: 0, 15, 243, 94
RW: 0, 15, 243, 93
LW: 0, 15, 243, 94
RW: 0, 15, 243, 93
LW: 0, 15, 243, 94
RW: 0, 15, 244, 93
LW: 0, 15, 244, 94
RW: 0, 15, 244, 93
LW: 0, 15, 244, 94
RW: 0, 15, 244, 93
LW: 0, 15, 244, 94
RW: 0, 15, 244, 93
LW: 0, 15, 244, 94
RW: 0, 15, 244, 93
LW: 0, 15, 244, 94
RW: 0, 15, 244, 93
LW: 0, 15, 244, 94
RW: 0, 15, 244, 93
LW: 0, 15, 244, 94
RW: 0, 15, 244, 93
LW: 0, 15, 244, 94
RW: 0, 15, 244, 93
LW: 0, 15, 244, 94
RW: 0, 15, 244, 93
LW: 0, 15, 244, 93
RW: 0, 15, 244, 93
LW: 0, 15, 244, 93
RW: 0, 15, 244, 93
LW: 0, 15, 245, 93
RW: 0, 15, 244, 93
LW: 0, 15, 245, 93
RW: 0, 15, 245, 93
LW: 0, 15, 245, 93
RW: 0, 15, 245, 93
LW: 0, 15, 245, 93
RW: 0, 15, 245, 93
LW: 0, 15, 245, 93
RW: 0, 15, 245, 93
LW: 0, 15, 245, 93
RW: 0, 15, 245, 93
LW: 0, 15, 245, 93
RW: 0, 15, 245, 93
LW: 0, 15, 245, 93
RW: 0, 15, 246, 93
LW: 0, 15, 246, 93
RW: 0, 5, 246, 102
LW: 0, 5, 246, 102
RW: 0, 5, 246, 102
LW: 0, 5, 246, 102
RW: 0, 5, 246, 102
LW: 0, 5, 246, 102
RW: 0, 5, 246, 102
LW: 0, 5, 246, 102
RW: 0, 5, 246, 102
LW: 0, 5, 246, 102
RW: 0, 5, 246, 102
LW: 0, 5, 246, 102
RW: 0, 5, 246, 102
LW: 0, 5, 246, 102
RW: 0, 5, 246, 102
LW: 0, 5, 246, 102
RW: 0, 5, 246, 102
LW: 0, 5, 246, 102
RW: 0, 5, 246, 102
LW: 0, 5, 246, 102
RW: 0, 5, 246, 102
LW: 0, 5, 246, 102
RW: 0, 22, 246, 93
LW: 0, 12, 247, 102
RW: 0, 22, 247, 93
LW: 0, 12, 247, 102
RW: 0, 22, 247, 93
LW: 0, 12, 247, 102
RW: 0, 22, 247, 93
LW: 0, 12, 247, 102
RW: 0, 22, 247, 93
LW: 0, 12, 247, 102
RW: 0, 22, 247, 93
LW: 0, 12, 247, 102
RW: 0, 22, 247, 93
LW: 0, 12, 247, 102
RW: 0, 22, 247, 93
LW: 0, 12, 247, 102
RW: 0, 22, 248, 93
LW: 0, 12, 248, 102
RW: 0, 22, 248, 93
LW: 0, 12, 248, 102
RW: 0, 22, 248, 93
LW: 0, 12, 248, 102
RW: 0, 22, 248, 93
LW: 0, 12, 248, 102
RW: 0, 5, 248, 102
LW: 0, 12, 248, 102
RW: 0, 5, 248, 102
LW: 0, 12, 248, 102
RW: 0, 5, 248, 102
LW: 0, 12, 248, 102
RW: 0, 5, 248, 102
LW: 0, 12, 248, 102
RW: 0, 5, 248, 102
LW: 0, 12, 248, 102
RW: 0, 5, 248, 102
LW: 0, 12, 248, 102
RW: 0, 5, 248, 102
LW: 0, 12, 248, 102
RW: 0, 5, 248, 102
LW: 0, 12, 248, 102
RW: 0, 5, 248, 102
LW: 0, 12, 248, 102
RW: 0, 5, 249, 102
LW: 0, 12, 249, 102
RW: 0, 5, 249, 102
LW: 0, 12, 249, 102
RW: 0, 12, 249, 102
LW: 0, 12, 249, 102
RW: 0, 12, 249, 102
LW: 0, 12, 249, 102
RW: 0, 12, 249, 102
LW: 0, 12, 249, 102
RW: 0, 12, 249, 102
LW: 0, 12, 249, 102
RW: 0, 12, 249, 102
LW: 0, 12, 249, 102
RW: 0, 12, 250, 102
LW: 0, 12, 249, 102
RW: 0, 12, 250, 102
LW: 0, 12, 249, 102
RW: 0, 12, 250, 102
LW: 0, 12, 250, 102
RW: 0, 12, 250, 102
LW: 0, 12, 250, 102
RW: 0, 12, 250, 102
LW: 0, 12, 250, 102
RW: 0, 12, 250, 102
LW: 0, 12, 250, 102
RW: 0, 12, 250, 102
LW: 0, 12, 250, 102
RW: 0, 12, 250, 102
LW: 0, 12, 250, 102
RW: 0, 12, 250, 102
LW: 0, 12, 250, 102
RW: 0, 12, 250, 102
LW: 0, 12, 250, 102
RW: 0, 12, 250, 102
LW: 0, 12, 250, 102
RW: 0, 12, 250, 102
LW: 0, 12, 250, 102
RW: 0, 12, 250, 102
LW: 0, 12, 250, 102
RW: 0, 12, 250, 102
LW: 0, 12, 250, 102
RW: 0, 12, 250, 102
LW: 0, 12, 250, 102
RW: 0, 12, 251, 102
LW: 0, 12, 251, 102
RW: 0, 12, 251, 102
LW: 0, 12, 251, 102
RW: 0, 12, 251, 101
LW: 0, 12, 251, 101
RW: 0, 12, 251, 101
LW: 0, 12, 251, 101
RW: 0, 12, 251, 101
LW: 0, 12, 251, 101
RW: 0, 12, 251, 101
LW: 0, 12, 251, 101
RW: 0, 12, 251, 101
LW: 0, 12, 251, 101
RW: 0, 12, 252, 101
LW: 0, 12, 251, 101
RW: 0, 12, 252, 101
LW: 0, 12, 251, 101
RW: 0, 12, 252, 101
LW: 0, 12, 252, 101
RW: 0, 12, 252, 101
LW: 0, 12, 252, 101
RW: 0, 12, 252, 101
LW: 0, 12, 252, 101
RW: 0, 12, 252, 101
LW: 0, 12, 252, 101
RW: 0, 12, 252, 111
LW: 0, 12, 252, 101
RW: 0, 12, 252, 111
LW: 0, 12, 252, 101
RW: 0, 12, 252, 111
LW: 0, 12, 252, 101
RW: 0, 12, 252, 111
LW: 0, 12, 252, 101
RW: 0, 12, 252, 111
LW: 0, 12, 252, 101
RW: 0, 12, 252, 111
LW: 0, 12, 252, 101
RW: 0, 12, 252, 111
LW: 0, 12, 252, 101
RW: 0, 12, 252, 111
LW: 0, 12, 252, 101
RW: 0, 12, 253, 111
LW: 0, 12, 252, 101
RW: 0, 12, 253, 111
LW: 0, 12, 252, 101
RW: 0, 12, 253, 111
LW: 0, 12, 253, 101
RW: 0, 12, 253, 111
LW: 0, 12, 253, 101
RW: 0, 12, 253, 101
LW: 0, 12, 253, 101
RW: 0, 12, 253, 101
LW: 0, 12, 253, 101
RW: 0, 12, 253, 101
LW: 0, 12, 253, 101
RW: 0, 12, 254, 101
LW: 0, 12, 253, 101
RW: 0, 12, 254, 101
LW: 0, 12, 253, 101
RW: 0, 12, 254, 101
LW: 0, 12, 253, 101
RW: 0, 12, 254, 101
LW: 0, 12, 253, 101
RW: 0, 12, 254, 101
LW: 0, 12, 254, 101
RW: 0, 12, 254, 101
LW: 0, 12, 254, 101
RW: 0, 12, 254, 101
LW: 0, 12, 254, 101
RW: 0, 12, 254, 101
LW: 0, 12, 254, 101
RW: 0, 22, 254, 101
LW: 0, 22, 254, 101
RW: 0, 22, 254, 101
LW: 0, 22, 254, 101
RW: 0, 22, 254, 101
LW: 0, 22, 254, 101
RW: 0, 22, 254, 101
LW: 0, 22, 254, 101
RW: 0, 22, 254, 101
LW: 0, 22, 254, 101
RW: 0, 22, 254, 101
LW: 0, 22, 254, 101
RW: 0, 22, 255, 101
LW: 0, 22, 254, 101
RW: 0, 22, 255, 101
LW: 0, 22, 254, 101
RW: 0, 22, 255, 101
LW: 0, 22, 254, 101
RW: 0, 22, 255, 101
LW: 0, 22, 255, 101
RW: 0, 15, 255, 102
LW: 0, 15, 255, 102
RW: 0, 15, 255, 102
LW: 0, 15, 255, 102
RW: 0, 15, 256, 102
LW: 0, 15, 255, 102
RW: 0, 15, 256, 102
LW: 0, 15, 255, 102
RW: 0, 15, 256, 102
LW: 0, 15, 255, 102
RW: 0, 15, 256, 102
LW: 0, 15, 255, 102
RW: 0, 15, 256, 102
LW: 0, 15, 256, 102
RW: 0, 15, 256, 102
LW: 0, 15, 256, 102
RW: 0, 15, 256, 102
LW: 0, 15, 256, 102
RW: 0, 15, 256, 102
LW: 0, 15, 256, 102
RW: 0, 15, 256, 102
LW: 0, 15, 256, 102
RW: 0, 15, 256, 93
LW: 0, 15, 256, 92
RW: 0, 15, 256, 93
LW: 0, 15, 256, 92
RW: 0, 15, 256, 93
LW: 0, 15, 256, 92
RW: 0, 15, 257, 93
LW: 0, 15, 256, 92
RW: 0, 15, 257, 93
LW: 0, 15, 256, 92
RW: 0, 15, 257, 93
LW: 0, 15, 256, 92
RW: 0, 15, 257, 93
LW: 0, 15, 257, 92
RW: 0, 15, 257, 93
LW: 0, 15, 257, 92
RW: 0, 15, 257, 93
LW: 0, 15, 257, 92
RW: 0, 15, 257, 93
LW: 0, 15, 257, 92
RW: 0, 15, 258, 93
LW: 0, 15, 257, 92
RW: 0, 15, 258, 93
LW: 0, 15, 257, 93
RW: 0, 5, 258, 111
LW: 0, 15, 257, 93
RW: 0, 5, 258, 111
LW: 0, 15, 258, 93
RW: 0, 5, 258, 111
LW: 0, 15, 258, 93
RW: 0, 5, 258, 111
LW: 0, 15, 258, 93
RW: 0, 5, 258, 111
LW: 0, 15, 258, 93
RW: 0, 5, 258, 111
LW: 0, 15, 258, 93
RW: 0, 5, 258, 111
LW: 0, 15, 258, 93
RW: 0, 5, 258, 111
LW: 0, 15, 258, 93
RW: 0, 5, 258, 111
LW: 0, 15, 258, 93
RW: 0, 5, 258, 111
LW: 0, 15, 258, 93
RW: 0, 5, 259, 111
LW: 0, 15, 258, 93
RW: 0, 12, 259, 102
LW: 0, 15, 258, 93
RW: 0, 12, 259, 102
LW: 0, 15, 258, 93
RW: 0, 12, 259, 102
LW: 0, 15, 259, 93
RW: 0, 12, 259, 102
LW: 0, 15, 259, 93
RW: 0, 12, 259, 102
LW: 0, 15, 259, 93
RW: 0, 12, 259, 102
LW: 0, 15, 259, 93
RW: 0, 12, 260, 102
LW: 0, 15, 259, 93
RW: 0, 12, 260, 102
LW: 0, 15, 259, 93
RW: 0, 12, 260, 102
LW: 0, 15, 259, 93
RW: 0, 12, 260, 102
LW: 0, 15, 260, 93
RW: 0, 12, 260, 102
LW: 0, 5, 260, 103
RW: 0, 12, 260, 103
LW: 0, 5, 260, 103
RW: 0, 12, 260, 103
LW: 0, 5, 260, 103
RW: 0, 12, 260, 103
LW: 0, 5, 260, 103
RW: 0, 12, 260, 103
LW: 0, 5, 260, 103
RW: 0, 12, 260, 103
LW: 0, 5, 260, 103
RW: 0, 12, 260, 103
LW: 0, 5, 260, 103
RW: 0, 12, 260, 103
LW: 0, 5, 260, 103
RW: 0, 12, 260, 103
LW: 0, 5, 260, 103
RW: 0, 12, 260, 103
LW: 0, 5, 260, 103
RW: 0, 12, 261, 103
LW: 0, 5, 261, 103
RW: 0, 12, 261, 103
LW: 0, 12, 261, 103
RW: 0, 12, 261, 103
LW: 0, 12, 261, 103
RW: 0, 12, 261, 103
LW: 0, 12, 261, 103
RW: 0, 12, 261, 103
LW: 0, 12, 261, 103
RW: 0, 12, 261, 103
LW: 0, 12, 261, 103
RW: 0, 12, 261, 103
LW: 0, 12, 261, 103
RW: 0, 12, 261, 103
LW: 0, 12, 261, 103
RW: 0, 12, 262, 103
LW: 0, 12, 262, 103
RW: 0, 12, 262, 103
LW: 0, 12, 262, 103
RW: 0, 12, 262, 103
LW: 0, 12, 262, 103
RW: 0, 12, 262, 103
LW: 0, 12, 262, 103
RW: 0, 12, 262, 103
LW: 0, 12, 262, 103
RW: 0, 12, 262, 103
LW: 0, 12, 262, 103
RW: 0, 12, 262, 103
LW: 0, 12, 262, 103
RW: 0, 12, 262, 103
LW: 0, 12, 262, 103
RW: 0, 12, 262, 103
LW: 0, 12, 262, 103
RW: 0, 12, 262, 103
LW: 0, 12, 262, 103
RW: 0, 12, 262, 103
LW: 0, 12, 262, 103
RW: 0, 12, 262, 103
LW: 0, 12, 262, 103
RW: 0, 12, 262, 103
LW: 0, 12, 262, 103
RW: 0, 12, 262, 103
LW: 0, 12, 262, 103
RW: 0, 12, 263, 103
LW: 0, 12, 263, 103
RW: 0, 12, 263, 103
LW: 0, 12, 263, 103
RW: 0, 12, 263, 103
LW: 0, 12, 263, 103
RW: 0, 12, 263, 103
LW: 0, 12, 263, 103
RW: 0, 12, 263, 103
LW: 0, 12, 263, 103
RW: 0, 12, 263, 103
LW: 0, 12, 263, 103
RW: 0, 12, 263, 103
LW: 0, 12, 263, 103
RW: 0, 12, 264, 103
LW: 0, 12, 263, 103
RW: 0, 12, 264, 103
LW: 0, 12, 264, 103
RW: 0, 12, 264, 103
LW: 0, 12, 264, 103
RW: 0, 12, 264, 103
LW: 0, 12, 264, 103
RW: 0, 12, 264, 103
LW: 0, 12, 264, 103
RW: 0, 12, 264, 103
LW: 0, 12, 264, 103
RW: 0, 12, 264, 103
LW: 0, 12, 264, 103
RW: 0, 12, 264, 103
LW: 0, 12, 264, 103
RW: 0, 12, 264, 103
LW: 0, 12, 264, 103
RW: 0, 12, 264, 103
LW: 0, 12, 264, 103
RW: 0, 12, 264, 103
LW: 0, 12, 264, 103
RW: 0, 12, 264, 103
LW: 0, 12, 264, 103
RW: 0, 12, 264, 103
LW: 0, 12, 264, 103
RW: 0, 12, 264, 103
LW: 0, 12, 264, 103
RW: 0, 12, 265, 103
LW: 0, 12, 264, 103
RW: 0, 12, 265, 103
LW: 0, 12, 265, 103
RW: 0, 12, 265, 103
LW: 0, 12, 265, 103
RW: 0, 12, 265, 103
LW: 0, 12, 265, 103
RW: 0, 12, 265, 103
LW: 0, 12, 265, 103
RW: 0, 12, 265, 103
LW: 0, 12, 265, 103
RW: 0, 12, 265, 103
LW: 0, 12, 265, 103
RW: 0, 12, 266, 103
LW: 0, 12, 265, 103
RW: 0, 12, 266, 103
LW: 0, 12, 265, 103
RW: 0, 12, 266, 103
LW: 0, 12, 266, 103
RW: 0, 12, 266, 103
LW: 0, 12, 266, 103
RW: 0, 12, 266, 103
LW: 0, 12, 266, 103
RW: 0, 12, 266, 103
LW: 0, 12, 266, 103
RW: 0, 12, 266, 103
LW: 0, 12, 266, 103
RW: 0, 12, 266, 103
LW: 0, 12, 266, 103
RW: 0, 12, 266, 103
LW: 0, 12, 266, 103
RW: 0, 12, 266, 103
LW: 0, 12, 266, 103
RW: 0, 12, 266, 103
LW: 0, 12, 266, 103
RW: 0, 12, 266, 103
LW: 0, 12, 266, 103
RW: 0, 12, 266, 103
LW: 0, 12, 266, 103
RW: 0, 12, 266, 103
LW: 0, 12, 266, 103
RW: 0, 12, 266, 103
LW: 0, 12, 266, 103
RW: 0, 12, 267, 103
LW: 0, 12, 266, 103
RW: 0, 12, 267, 103
LW: 0, 12, 267, 103
RW: 0, 12, 267, 103
LW: 0, 12, 267, 103
RW: 0, 12, 267, 103
LW: 0, 12, 267, 103
RW: 0, 12, 267, 103
LW: 0, 12, 267, 103
RW: 0, 12, 267, 103
LW: 0, 12, 267, 103
RW: 0, 12, 267, 103
LW: 0, 12, 267, 103
RW: 0, 12, 268, 103
LW: 0, 12, 267, 103
RW: 0, 12, 268, 103
LW: 0, 12, 267, 103
RW: 0, 12, 268, 103
LW: 0, 12, 268, 103
RW: 0, 12, 268, 103
LW: 0, 12, 268, 103
RW: 0, 12, 268, 103
LW: 0, 12, 268, 103
RW: 0, 12, 268, 103
LW: 0, 12, 268, 103
RW: 0, 12, 268, 103
LW: 0, 12, 268, 103
RW: 0, 12, 268, 93
LW: 0, 12, 268, 103
RW: 0, 12, 268, 93
LW: 0, 12, 268, 103
RW: 0, 12, 268, 93
LW: 0, 12, 268, 103
RW: 0, 12, 268, 93
LW: 0, 12, 268, 103
RW: 0, 12, 268, 93
LW: 0, 12, 268, 103
RW: 0, 12, 268, 93
LW: 0, 12, 268, 103
RW: 0, 12, 268, 93
LW: 0, 12, 268, 103
RW: 0, 12, 268, 93
LW: 0, 12, 268, 103
RW: 0, 12, 269, 93
LW: 0, 12, 269, 103
RW: 0, 12, 269, 93
LW: 0, 12, 269, 103
RW: 0, 12, 269, 93
LW: 0, 12, 269, 103
RW: 0, 12, 269, 93
LW: 0, 12, 269, 103
RW: 0, 22, 269, 93
LW: 0, 22, 269, 102
RW: 0, 22, 269, 93
LW: 0, 22, 269, 102
RW: 0, 22, 269, 93
LW: 0, 22, 269, 102
RW: 0, 22, 269, 93
LW: 0, 22, 269, 102
RW: 0, 22, 270, 93
LW: 0, 22, 269, 102
RW: 0, 22, 270, 93
LW: 0, 22, 269, 102
RW: 0, 22, 270, 93
LW: 0, 22, 270, 102
RW: 0, 22, 270, 93
LW: 0, 22, 270, 102
RW: 0, 22, 270, 93
LW: 0, 22, 270, 102
RW: 0, 22, 270, 93
LW: 0, 22, 270, 102
RW: 0, 22, 270, 93
LW: 0, 22, 270, 102
RW: 0, 15, 270, 93
LW: 0, 15, 270, 93
RW: 0, 15, 270, 93
LW: 0, 15, 270, 93
RW: 0, 15, 270, 93
LW: 0, 15, 270, 93
RW: 0, 15, 270, 93
LW: 0, 15, 270, 93
RW: 0, 15, 270, 93
LW: 0, 15, 270, 93
RW: 0, 15, 270, 93
LW: 0, 15, 270, 93
RW: 0, 15, 271, 93
LW: 0, 15, 270, 93
RW: 0, 15, 271, 93
LW: 0, 15, 271, 93
RW: 0, 15, 271, 93
LW: 0, 15, 271, 93
RW: 0, 15, 271, 93
LW: 0, 15, 271, 93
RW: 0, 15, 271, 93
LW: 0, 15, 271, 93
RW: 0, 15, 271, 92
LW: 0, 15, 271, 92
RW: 0, 15, 271, 92
LW: 0, 15, 271, 92
RW: 0, 15, 272, 92
LW: 0, 15, 271, 92
RW: 0, 15, 272, 92
LW: 0, 15, 272, 92
RW: 0, 15, 272, 92
LW: 0, 15, 272, 92
RW: 0, 15, 272, 92
LW: 0, 15, 272, 92
RW: 0, 15, 272, 92
LW: 0, 15, 272, 92
RW: 0, 15, 272, 92
LW: 0, 15, 272, 92
RW: 0, 15, 272, 92
LW: 0, 15, 272, 92
RW: 0, 15, 272, 92
LW: 0, 15, 272, 92
RW: 0, 15, 272, 92
LW: 0, 15, 272, 92
RW: 0, 15, 272, 92
LW: 0, 15, 272, 92
RW: 0, 15, 272, 92
LW: 0, 15, 272, 92
RW: 0, 15, 272, 92
LW: 0, 15, 272, 92
RW: 0, 15, 273, 92
LW: 0, 15, 273, 92
RW: 0, 15, 273, 92
LW: 0, 15, 273, 92
RW: 0, 15, 273, 92
LW: 0, 15, 273, 92
RW: 0, 15, 273, 92
LW: 0, 15, 273, 92
RW: 0, 15, 273, 92
LW: 0, 15, 273, 92
RW: 0, 15, 273, 92
LW: 0, 15, 273, 92
RW: 0, 15, 273, 92
LW: 0, 15, 273, 92
RW: 0, 15, 274, 92
LW: 0, 15, 273, 92
RW: 0, 15, 274, 92
LW: 0, 15, 274, 92
RW: 0, 5, 274, 101
LW: 0, 5, 274, 101
RW: 0, 5, 274, 101
LW: 0, 5, 274, 101
RW: 0, 5, 274, 101
LW: 0, 5, 274, 101
RW: 0, 5, 274, 101
LW: 0, 5, 274, 101
RW: 0, 5, 274, 101
LW: 0, 5, 274, 101
RW: 0, 5, 274, 101
LW: 0, 5, 274, 101
RW: 0, 5, 274, 101
LW: 0, 5, 274, 101
RW: 0, 5, 274, 101
LW: 0, 5, 274, 101
RW: 0, 5, 274, 101
LW: 0, 5, 274, 101
RW: 0, 5, 274, 101
LW: 0, 5, 274, 101
RW: 0, 5, 275, 101
LW: 0, 5, 274, 101
RW: 0, 12, 275, 101
LW: 0, 22, 275, 92
RW: 0, 12, 275, 101
LW: 0, 22, 275, 92
RW: 0, 12, 275, 101
LW: 0, 22, 275, 92
RW: 0, 12, 275, 101
LW: 0, 22, 275, 92
RW: 0, 12, 275, 101
LW: 0, 22, 275, 92
RW: 0, 12, 275, 101
LW: 0, 22, 275, 92
RW: 0, 12, 275, 101
LW: 0, 22, 275, 92
RW: 0, 12, 276, 101
LW: 0, 22, 275, 92
RW: 0, 12, 276, 101
LW: 0, 22, 276, 92
RW: 0, 12, 276, 101
LW: 0, 22, 276, 92
RW: 0, 12, 276, 101
LW: 0, 5, 276, 101
RW: 0, 12, 276, 101
LW: 0, 5, 276, 101
RW: 0, 12, 276, 101
LW: 0, 5, 276, 101
RW: 0, 12, 276, 101
LW: 0, 5, 276, 101
RW: 0, 12, 276, 101
LW: 0, 5, 276, 101
RW: 0, 12, 276, 101
LW: 0, 5, 276, 101
RW: 0, 12, 276, 101
LW: 0, 5, 276, 101
RW: 0, 12, 276, 101
LW: 0, 5, 276, 101
RW: 0, 12, 276, 101
LW: 0, 5, 276, 101
RW: 0, 12, 276, 101
LW: 0, 5, 277, 101
RW: 0, 12, 277, 101
LW: 0, 5, 277, 101
RW: 0, 12, 277, 101
LW: 0, 12, 277, 101
RW: 0, 12, 277, 101
LW: 0, 12, 277, 101
RW: 0, 12, 277, 101
LW: 0, 12, 277, 101
RW: 0, 12, 277, 101
LW: 0, 12, 277, 101
RW: 0, 12, 277, 101
LW: 0, 12, 277, 101
RW: 0, 12, 278, 101
LW: 0, 12, 278, 101
RW: 0, 12, 278, 101
LW: 0, 12, 278, 101
RW: 0, 12, 278, 101
LW: 0, 12, 278, 101
RW: 0, 12, 278, 101
LW: 0, 12, 278, 101
RW: 0, 12, 278, 101
LW: 0, 12, 278, 101
RW: 0, 12, 278, 101
LW: 0, 12, 278, 101
RW: 0, 12, 278, 101
LW: 0, 12, 278, 101
RW: 0, 12, 278, 101
LW: 0, 12, 278, 101
RW: 0, 12, 278, 101
LW: 0, 12, 278, 101
RW: 0, 12, 278, 101
LW: 0, 12, 278, 101
RW: 0, 12, 278, 101
LW: 0, 12, 278, 101
RW: 0, 12, 278, 101
LW: 0, 12, 278, 101
RW: 0, 12, 278, 101
LW: 0, 12, 278, 101
RW: 0, 12, 278, 101
LW: 0, 12, 278, 101
RW: 0, 12, 279, 101
LW: 0, 12, 278, 101
RW: 0, 12, 279, 101
LW: 0, 12, 279, 101
RW: 0, 12, 279, 101
LW: 0, 12, 279, 101
RW: 0, 12, 279, 101
LW: 0, 12, 279, 101
RW: 0, 12, 279, 101
LW: 0, 12, 279, 101
RW: 0, 12, 279, 101
LW: 0, 12, 279, 101
RW: 0, 12, 280, 101
LW: 0, 12, 279, 101
RW: 0, 12, 280, 101
LW: 0, 12, 279, 101
RW: 0, 12, 280, 101
LW: 0, 12, 279, 101
RW: 0, 12, 280, 101
LW: 0, 12, 280, 101
RW: 0, 12, 280, 101
LW: 0, 12, 280, 101
RW: 0, 12, 280, 101
LW: 0, 12, 280, 101
RW: 0, 12, 280, 101
LW: 0, 12, 280, 101
RW: 0, 12, 280, 101
LW: 0, 12, 280, 101
RW: 0, 12, 280, 101
LW: 0, 12, 280, 101
RW: 0, 12, 280, 101
LW: 0, 12, 280, 101
RW: 0, 12, 280, 101
LW: 0, 12, 280, 101
RW: 0, 12, 280, 101
LW: 0, 12, 280, 101
RW: 0, 12, 280, 101
LW: 0, 12, 280, 101
RW: 0, 12, 280, 101
LW: 0, 12, 280, 101
RW: 0, 12, 281, 101
LW: 0, 12, 280, 101
RW: 0, 12, 281, 101
LW: 0, 12, 280, 101
RW: 0, 12, 281, 101
LW: 0, 12, 280, 101
RW: 0, 12, 281, 101
LW: 0, 12, 281, 101
RW: 0, 12, 281, 101
LW: 0, 12, 281, 101
RW: 0, 12, 281, 101
LW: 0, 12, 281, 101
RW: 0, 12, 281, 101
LW: 0, 12, 281, 101
RW: 0, 12, 282, 101
LW: 0, 12, 281, 101
RW: 0, 12, 282, 101
LW: 0, 12, 281, 101
RW: 0, 12, 282, 101
LW: 0, 12, 281, 101
RW: 0, 12, 282, 101
LW: 0, 12, 281, 101
RW: 0, 12, 282, 101
LW: 0, 12, 281, 101
RW: 0, 12, 282, 101
LW: 0, 12, 282, 101
RW: 0, 12, 282, 101
LW: 0, 12, 282, 101
RW: 0, 12, 282, 101
LW: 0, 12, 282, 101
RW: 0, 12, 282, 101
LW: 0, 12, 282, 101
RW: 0, 12, 282, 101
LW: 0, 12, 282, 101
RW: 0, 12, 282, 101
LW: 0, 12, 282, 101
RW: 0, 12, 282, 101
LW: 0, 12, 282, 101
RW: 0, 12, 282, 101
LW: 0, 12, 282, 101
RW: 0, 12, 283, 101
LW: 0, 12, 282, 101
RW: 0, 12, 283, 101
LW: 0, 12, 282, 101
RW: 0, 12, 283, 101
LW: 0, 12, 282, 101
RW: 0, 12, 283, 101
LW: 0, 12, 282, 101
RW: 0, 12, 283, 101
LW: 0, 12, 282, 101
RW: 0, 12, 283, 101
LW: 0, 12, 283, 101
RW: 0, 12, 283, 101
LW: 0, 12, 283, 101
RW: 0, 12, 284, 101
LW: 0, 12, 283, 101
RW: 0, 12, 284, 101
LW: 0, 12, 283, 101
RW: 0, 12, 284, 111
LW: 0, 22, 283, 101
RW: 0, 12, 284, 111
LW: 0, 22, 283, 101
RW: 0, 12, 284, 111
LW: 0, 22, 283, 101
RW: 0, 12, 284, 111
LW: 0, 22, 283, 101
RW: 0, 12, 284, 111
LW: 0, 22, 283, 101
RW: 0, 12, 284, 111
LW: 0, 22, 284, 101
RW: 0, 12, 284, 111
LW: 0, 22, 284, 101
RW: 0, 12, 284, 111
LW: 0, 22, 284, 101
RW: 0, 12, 284, 111
LW: 0, 22, 284, 101
RW: 0, 12, 284, 111
LW: 0, 22, 284, 101
RW: 0, 12, 284, 111
LW: 0, 22, 284, 101
RW: 0, 22, 284, 93
LW: 0, 15, 284, 93
RW: 0, 22, 285, 93
LW: 0, 15, 284, 93
RW: 0, 22, 285, 93
LW: 0, 15, 284, 93
RW: 0, 22, 285, 93
LW: 0, 15, 284, 93
RW: 0, 22, 285, 93
LW: 0, 15, 284, 93
RW: 0, 22, 285, 93
LW: 0, 15, 284, 93
RW: 0, 22, 285, 93
LW: 0, 15, 285, 93
RW: 0, 22, 285, 93
LW: 0, 15, 285, 93
RW: 0, 22, 286, 93
LW: 0, 15, 285, 93
RW: 0, 22, 286, 93
LW: 0, 15, 285, 93
RW: 0, 22, 286, 93
LW: 0, 15, 285, 93
RW: 0, 5, 286, 102
LW: 0, 15, 285, 102
RW: 0, 5, 286, 102
LW: 0, 15, 285, 102
RW: 0, 5, 286, 102
LW: 0, 15, 286, 102
RW: 0, 5, 286, 102
LW: 0, 15, 286, 102
RW: 0, 5, 286, 102
LW: 0, 15, 286, 102
RW: 0, 5, 286, 102
LW: 0, 15, 286, 102
RW: 0, 5, 286, 102
LW: 0, 15, 286, 102
RW: 0, 5, 286, 102
LW: 0, 15, 286, 102
RW: 0, 5, 286, 102
LW: 0, 15, 286, 102
RW: 0, 5, 286, 102
LW: 0, 15, 286, 102
RW: 0, 5, 287, 102
LW: 0, 15, 286, 102
RW: 0, 12, 287, 102
LW: 0, 15, 286, 93
RW: 0, 12, 287, 102
LW: 0, 15, 286, 93
RW: 0, 12, 287, 102
LW: 0, 15, 286, 93
RW: 0, 12, 287, 102
LW: 0, 15, 287, 93
RW: 0, 12, 287, 102
LW: 0, 15, 287, 93
RW: 0, 12, 287, 102
LW: 0, 15, 287, 93
RW: 0, 12, 288, 102
LW: 0, 15, 287, 93
RW: 0, 12, 288, 102
LW: 0, 15, 287, 93
RW: 0, 12, 288, 102
LW: 0, 15, 287, 93
RW: 0, 12, 288, 102
LW: 0, 15, 287, 93
RW: 0, 12, 288, 102
LW: 0, 15, 288, 93
RW: 0, 12, 288, 102
LW: 0, 5, 288, 102
RW: 0, 12, 288, 102
LW: 0, 5, 288, 102
RW: 0, 12, 288, 102
LW: 0, 5, 288, 102
RW: 0, 12, 288, 102
LW: 0, 5, 288, 102
RW: 0, 12, 288, 102
LW: 0, 5, 288, 102
RW: 0, 12, 288, 102
LW: 0, 5, 288, 102
RW: 0, 12, 288, 102
LW: 0, 5, 288, 102
RW: 0, 12, 288, 102
LW: 0, 5, 288, 102
RW: 0, 12, 288, 102
LW: 0, 5, 288, 102
RW: 0, 12, 288, 102
LW: 0, 5, 288, 102
RW: 0, 12, 289, 102
LW: 0, 5, 288, 102
RW: 0, 12, 289, 103
LW: 0, 22, 289, 93
RW: 0, 12, 289, 103
LW: 0, 22, 289, 93
RW: 0, 12, 289, 103
LW: 0, 22, 289, 93
RW: 0, 12, 289, 103
LW: 0, 22, 289, 93
RW: 0, 12, 289, 103
LW: 0, 22, 289, 93
RW: 0, 12, 289, 103
LW: 0, 22, 289, 93
RW: 0, 12, 289, 103
LW: 0, 22, 289, 93
RW: 0, 12, 290, 103
LW: 0, 22, 289, 93
RW: 0, 12, 290, 103
LW: 0, 22, 290, 93
RW: 0, 12, 290, 103
LW: 0, 22, 290, 93
RW: 0, 12, 290, 103
LW: 0, 22, 290, 93
RW: 0, 12, 290, 102
LW: 0, 5, 290, 102
RW: 0, 12, 290, 102
LW: 0, 5, 290, 102
RW: 0, 12, 290, 102
LW: 0, 5, 290, 102
RW: 0, 12, 290, 102
LW: 0, 5, 290, 102
RW: 0, 12, 290, 102
LW: 0, 5, 290, 102
RW: 0, 12, 290, 102
LW: 0, 5, 290, 102
RW: 0, 12, 290, 102
LW: 0, 5, 290, 102
RW: 0, 12, 290, 102
LW: 0, 5, 290, 102
RW: 0, 12, 290, 102
LW: 0, 5, 291, 102
RW: 0, 12, 290, 102
LW: 0, 5, 291, 102
RW: 0, 12, 291, 102
LW: 0, 5, 291, 102
RW: 0, 12, 291, 103
LW: 0, 12, 291, 102
RW: 0, 12, 291, 103
LW: 0, 12, 291, 102
RW: 0, 12, 291, 103
LW: 0, 12, 291, 102
RW: 0, 12, 291, 103
LW: 0, 12, 291, 102
RW: 0, 12, 291, 103
LW: 0, 12, 291, 102
RW: 0, 12, 291, 103
LW: 0, 12, 292, 102
RW: 0, 12, 291, 103
LW: 0, 12, 292, 102
RW: 0, 12, 292, 103
LW: 0, 12, 292, 102
RW: 0, 12, 292, 103
LW: 0, 12, 292, 102
RW: 0, 12, 292, 103
LW: 0, 12, 292, 102
RW: 0, 12, 292, 103
LW: 0, 12, 292, 102
RW: 0, 12, 292, 103
LW: 0, 12, 292, 102
RW: 0, 12, 292, 102
LW: 0, 12, 292, 102
RW: 0, 12, 292, 102
LW: 0, 12, 292, 102
RW: 0, 12, 292, 102
LW: 0, 12, 292, 102
RW: 0, 12, 292, 102
LW: 0, 12, 292, 102
RW: 0, 12, 292, 102
LW: 0, 12, 292, 102
RW: 0, 12, 292, 102
LW: 0, 12, 292, 102
RW: 0, 12, 292, 102
LW: 0, 12, 292, 102
RW: 0, 12, 292, 102
LW: 0, 12, 293, 102
RW: 0, 12, 292, 102
LW: 0, 12, 293, 102
RW: 0, 12, 293, 102
LW: 0, 12, 293, 102
RW: 0, 12, 293, 102
LW: 0, 12, 293, 102
RW: 0, 12, 293, 103
LW: 0, 12, 293, 102
RW: 0, 12, 293, 103
LW: 0, 12, 293, 102
RW: 0, 12, 293, 103
LW: 0, 12, 293, 102
RW: 0, 12, 293, 103
LW: 0, 12, 293, 102
RW: 0, 12, 293, 103
LW: 0, 12, 293, 102
RW: 0, 12, 294, 103
LW: 0, 12, 294, 102
RW: 0, 12, 294, 103
LW: 0, 12, 294, 102
RW: 0, 12, 294, 103
LW: 0, 12, 294, 102
RW: 0, 12, 294, 103
LW: 0, 12, 294, 102
RW: 0, 12, 294, 103
LW: 0, 12, 294, 102
RW: 0, 12, 294, 103
LW: 0, 12, 294, 102
RW: 0, 12, 294, 93
LW: 0, 12, 294, 102
RW: 0, 12, 294, 93
LW: 0, 12, 294, 102
RW: 0, 12, 294, 93
LW: 0, 12, 294, 102
RW: 0, 12, 294, 93
LW: 0, 12, 294, 102
RW: 0, 12, 294, 93
LW: 0, 12, 294, 102
RW: 0, 12, 294, 93
LW: 0, 12, 294, 102
RW: 0, 12, 294, 93
LW: 0, 12, 294, 102
RW: 0, 12, 294, 93
LW: 0, 12, 294, 102
RW: 0, 12, 295, 93
LW: 0, 12, 295, 102
RW: 0, 12, 295, 93
LW: 0, 12, 295, 102
RW: 0, 12, 295, 93
LW: 0, 12, 295, 102
RW: 0, 12, 295, 93
LW: 0, 12, 295, 102
RW: 0, 12, 295, 102
LW: 0, 12, 295, 102
RW: 0, 12, 295, 102
LW: 0, 12, 295, 102
RW: 0, 12, 295, 102
LW: 0, 12, 295, 102
RW: 0, 12, 296, 102
LW: 0, 12, 296, 102
RW: 0, 12, 296, 102
LW: 0, 12, 296, 102
RW: 0, 12, 296, 102
LW: 0, 12, 296, 102
RW: 0, 12, 296, 102
LW: 0, 12, 296, 102
RW: 0, 12, 296, 102
LW: 0, 12, 296, 102
RW: 0, 12, 296, 102
LW: 0, 12, 296, 102
RW: 0, 12, 296, 102
LW: 0, 12, 296, 102
RW: 0, 12, 296, 92
LW: 0, 12, 296, 101
RW: 0, 12, 296, 92
LW: 0, 12, 296, 101
RW: 0, 12, 296, 92
LW: 0, 12, 296, 101
RW: 0, 12, 296, 92
LW: 0, 12, 296, 101
RW: 0, 12, 296, 92
LW: 0, 12, 296, 101
RW: 0, 12, 296, 92
LW: 0, 12, 296, 101
RW: 0, 12, 297, 92
LW: 0, 12, 296, 101
RW: 0, 12, 297, 92
LW: 0, 12, 297, 101
RW: 0, 12, 297, 92
LW: 0, 12, 297, 101
RW: 0, 12, 297, 92
LW: 0, 12, 297, 101
RW: 0, 12, 297, 92
LW: 0, 12, 297, 101
RW: 0, 12, 297, 92
LW: 0, 12, 297, 101
RW: 0, 12, 297, 92
LW: 0, 12, 297, 101
RW: 0, 12, 298, 92
LW: 0, 12, 297, 101
RW: 0, 12, 298, 92
LW: 0, 12, 297, 101
RW: 0, 12, 298, 92
LW: 0, 12, 297, 101
RW: 0, 12, 298, 92
LW: 0, 12, 298, 101
RW: 0, 12, 298, 92
LW: 0, 12, 298, 101
RW: 0, 12, 298, 92
LW: 0, 12, 298, 101
RW: 0, 12, 298, 92
LW: 0, 12, 298, 101
RW: 0, 12, 298, 92
LW: 0, 12, 298, 101
RW: 0, 12, 298, 92
LW: 0, 12, 298, 101
RW: 0, 12, 298, 92
LW: 0, 12, 298, 101
RW: 0, 22, 298, 92
LW: 0, 22, 298, 91
RW: 0, 22, 298, 92
LW: 0, 22, 298, 91
RW: 0, 22, 298, 92
LW: 0, 22, 298, 91
RW: 0, 22, 298, 92
LW: 0, 22, 298, 91
RW: 0, 22, 299, 92
LW: 0, 22, 298, 91
RW: 0, 22, 299, 92
LW: 0, 22, 298, 91
RW: 0, 22, 299, 92
LW: 0, 22, 298, 91
RW: 0, 22, 299, 92
LW: 0, 22, 299, 91
RW: 0, 22, 299, 92
LW: 0, 22, 299, 91
RW: 0, 22, 299, 92
LW: 0, 22, 299, 91
RW: 0, 22, 299, 92
LW: 0, 22, 299, 91
RW: 0, 15, 300, 92
LW: 0, 15, 299, 101
RW: 0, 15, 300, 92
LW: 0, 15, 299, 101
RW: 0, 15, 300, 92
LW: 0, 15, 299, 101
RW: 0, 15, 300, 92
LW: 0, 15, 299, 101
RW: 0, 15, 300, 92
LW: 0, 15, 300, 101
RW: 0, 15, 300, 92
LW: 0, 15, 300, 101
RW: 0, 15, 300, 92
LW: 0, 15, 300, 101
RW: 0, 15, 300, 92
LW: 0, 15, 300, 101
RW: 0, 15, 300, 92
LW: 0, 15, 300, 101
RW: 0, 15, 300, 92
LW: 0, 15, 300, 101
RW: 0, 15, 300, 92
LW: 0, 15, 300, 101
RW: 0, 15, 300, 92
LW: 0, 15, 300, 92
RW: 0, 15, 301, 92
LW: 0, 15, 300, 92
RW: 0, 15, 301, 92
LW: 0, 15, 300, 92
RW: 0, 15, 301, 92
LW: 0, 15, 300, 92
RW: 0, 15, 301, 92
LW: 0, 15, 301, 92
RW: 0, 15, 301, 92
LW: 0, 15, 301, 92
RW: 0, 15, 301, 92
LW: 0, 15, 301, 92
RW: 0, 15, 301, 92
LW: 0, 15, 301, 92
RW: 0, 15, 302, 92
LW: 0, 15, 301, 92
RW: 0, 15, 302, 92
LW: 0, 15, 301, 92
RW: 0, 15, 302, 92
LW: 0, 15, 301, 92
RW: 0, 15, 302, 92
LW: 0, 15, 301, 92
RW: 0, 5, 302, 101
LW: 0, 15, 302, 92
RW: 0, 5, 302, 101
LW: 0, 15, 302, 92
RW: 0, 5, 302, 101
LW: 0, 15, 302, 92
RW: 0, 5, 302, 101
LW: 0, 15, 302, 92
RW: 0, 5, 302, 101
LW: 0, 15, 302, 92
RW: 0, 5, 302, 101
LW: 0, 15, 302, 92
RW: 0, 5, 302, 101
LW: 0, 15, 302, 92
RW: 0, 5, 302, 101
LW: 0, 15, 302, 92
RW: 0, 5, 302, 101
LW: 0, 15, 302, 92
RW: 0, 5, 303, 101
LW: 0, 15, 302, 92
RW: 0, 5, 303, 101
LW: 0, 15, 302, 92
RW: 0, 12, 303, 101
LW: 0, 15, 303, 92
RW: 0, 12, 303, 101
LW: 0, 15, 303, 92
RW: 0, 12, 303, 101
LW: 0, 15, 303, 92
RW: 0, 12, 303, 101
LW: 0, 15, 303, 92
RW: 0, 12, 303, 101
LW: 0, 15, 303, 92
RW: 0, 12, 304, 101
LW: 0, 15, 303, 92
RW: 0, 12, 304, 101
LW: 0, 15, 303, 92
RW: 0, 12, 304, 101
LW: 0, 15, 303, 92
RW: 0, 12, 304, 101
LW: 0, 15, 304, 92
RW: 0, 12, 304, 101
LW: 0, 15, 304, 92
RW: 0, 12, 304, 101
LW: 0, 15, 304, 92
RW: 0, 12, 304, 101
LW: 0, 5, 304, 101
RW: 0, 12, 304, 101
LW: 0, 5, 304, 101
RW: 0, 12, 304, 101
LW: 0, 5, 304, 101
RW: 0, 12, 304, 101
LW: 0, 5, 304, 101
RW: 0, 12, 304, 101
LW: 0, 5, 304, 101
RW: 0, 12, 304, 101
LW: 0, 5, 304, 101
RW: 0, 12, 304, 101
LW: 0, 5, 304, 101
RW: 0, 12, 304, 101
LW: 0, 5, 305, 101
RW: 0, 12, 305, 101
LW: 0, 5, 305, 101
RW: 0, 12, 305, 101
LW: 0, 5, 305, 101
RW: 0, 12, 305, 101
LW: 0, 5, 305, 101
RW: 0, 12, 305, 102
LW: 0, 12, 305, 102
RW: 0, 12, 305, 102
LW: 0, 12, 305, 102
RW: 0, 12, 305, 102
LW: 0, 12, 305, 102
RW: 0, 12, 305, 102
LW: 0, 12, 305, 102
RW: 0, 12, 306, 102
LW: 0, 12, 306, 102
RW: 0, 12, 306, 102
LW: 0, 12, 306, 102
RW: 0, 12, 306, 102
LW: 0, 12, 306, 102
RW: 0, 12, 306, 102
LW: 0, 12, 306, 102
RW: 0, 12, 306, 102
LW: 0, 12, 306, 102
RW: 0, 12, 306, 102
LW: 0, 12, 306, 102
RW: 0, 12, 306, 102
LW: 0, 12, 306, 102
RW: 0, 12, 306, 102
LW: 0, 12, 306, 101
RW: 0, 12, 306, 101
LW: 0, 12, 306, 101
RW: 0, 12, 306, 101
LW: 0, 12, 306, 101
RW: 0, 12, 306, 101
LW: 0, 12, 306, 101
RW: 0, 12, 306, 101
LW: 0, 12, 306, 101
RW: 0, 12, 306, 101
LW: 0, 12, 306, 101
RW: 0, 12, 306, 101
LW: 0, 12, 306, 101
RW: 0, 12, 306, 101
LW: 0, 12, 306, 101
RW: 0, 12, 307, 101
LW: 0, 12, 307, 101
RW: 0, 12, 307, 101
LW: 0, 12, 307, 101
RW: 0, 12, 307, 101
LW: 0, 12, 307, 101
RW: 0, 12, 307, 101
LW: 0, 12, 307, 101
RW: 0, 12, 307, 102
LW: 0, 12, 307, 102
RW: 0, 12, 307, 102
LW: 0, 12, 307, 102
RW: 0, 12, 307, 102
LW: 0, 12, 307, 102
RW: 0, 12, 308, 102
LW: 0, 12, 307, 102
RW: 0, 12, 308, 102
LW: 0, 12, 307, 102
RW: 0, 12, 308, 102
LW: 0, 12, 308, 102
RW: 0, 12, 308, 102
LW: 0, 12, 308, 102
RW: 0, 12, 308, 102
LW: 0, 12, 308, 102
RW: 0, 12, 308, 102
LW: 0, 12, 308, 102
RW: 0, 12, 308, 102
LW: 0, 12, 308, 102
RW: 0, 12, 308, 102
LW: 0, 12, 308, 102
RW: 0, 12, 308, 102
LW: 0, 12, 308, 102
RW: 0, 12, 308, 102
LW: 0, 12, 308, 102
RW: 0, 12, 308, 102
LW: 0, 12, 308, 102
RW: 0, 12, 308, 102
LW: 0, 12, 308, 102
RW: 0, 12, 308, 102
LW: 0, 12, 308, 102
RW: 0, 12, 308, 102
LW: 0, 12, 308, 102
RW: 0, 12, 309, 102
LW: 0, 12, 308, 102
RW: 0, 12, 309, 102
LW: 0, 12, 308, 102
RW: 0, 12, 309, 102
LW: 0, 12, 309, 102
RW: 0, 12, 309, 102
LW: 0, 12, 309, 102
RW: 0, 12, 309, 102
LW: 0, 12, 309, 102
RW: 0, 12, 309, 102
LW: 0, 12, 309, 102
RW: 0, 12, 309, 102
LW: 0, 12, 309, 102
RW: 0, 12, 310, 102
LW: 0, 12, 309, 102
RW: 0, 12, 310, 102
LW: 0, 12, 309, 102
RW: 0, 12, 310, 102
LW: 0, 12, 309, 102
RW: 0, 12, 310, 102
LW: 0, 12, 309, 102
RW: 0, 12, 310, 102
LW: 0, 12, 310, 102
RW: 0, 12, 310, 102
LW: 0, 12, 310, 102
RW: 0, 12, 310, 102
LW: 0, 12, 310, 102
RW: 0, 12, 310, 102
LW: 0, 12, 310, 102
RW: 0, 12, 310, 102
LW: 0, 12, 310, 102
RW: 0, 12, 310, 101
LW: 0, 12, 310, 101
RW: 0, 12, 310, 101
LW: 0, 12, 310, 101
RW: 0, 12, 310, 101
LW: 0, 12, 310, 101
RW: 0, 12, 310, 101
LW: 0, 12, 310, 101
RW: 0, 12, 311, 101
LW: 0, 12, 310, 101
RW: 0, 12, 311, 101
LW: 0, 12, 310, 101
RW: 0, 12, 311, 101
LW: 0, 12, 310, 101
RW: 0, 12, 311, 101
LW: 0, 12, 310, 101
RW: 0, 12, 311, 101
LW: 0, 12, 310, 101
RW: 0, 12, 311, 101
LW: 0, 12, 311, 101
RW: 0, 12, 311, 101
LW: 0, 12, 311, 101
RW: 0, 12, 312, 101
LW: 0, 12, 311, 101
RW: 0, 12, 312, 110
LW: 0, 22, 311, 101
RW: 0, 12, 312, 110
LW: 0, 22, 311, 101
RW: 0, 12, 312, 110
LW: 0, 22, 311, 101
RW: 0, 12, 312, 110
LW: 0, 22, 311, 101
RW: 0, 12, 312, 110
LW: 0, 22, 311, 101
RW: 0, 12, 312, 110
LW: 0, 22, 312, 101
RW: 0, 12, 312, 110
LW: 0, 22, 312, 101
RW: 0, 12, 312, 110
LW: 0, 22, 312, 101
RW: 0, 12, 312, 110
LW: 0, 22, 312, 101
RW: 0, 12, 312, 110
LW: 0, 22, 312, 101
RW: 0, 12, 312, 110
LW: 0, 22, 312, 101
RW: 0, 22, 312, 91
LW: 0, 15, 312, 101
RW: 0, 22, 312, 91
LW: 0, 15, 312, 101
RW: 0, 22, 313, 91
LW: 0, 15, 312, 101
RW: 0, 22, 313, 91
LW: 0, 15, 312, 101
RW: 0, 22, 313, 91
LW: 0, 15, 312, 101
RW: 0, 22, 313, 91
LW: 0, 15, 312, 101
RW: 0, 22, 313, 91
LW: 0, 15, 313, 101
RW: 0, 22, 313, 91
LW: 0, 15, 313, 101
RW: 0, 22, 313, 91
LW: 0, 15, 313, 101
RW: 0, 22, 314, 91
LW: 0, 15, 313, 101
RW: 0, 22, 314, 91
LW: 0, 15, 313, 101
RW: 0, 22, 314, 100
LW: 0, 15, 313, 101
RW: 0, 5, 314, 100
LW: 0, 15, 313, 101
RW: 0, 5, 314, 100
LW: 0, 15, 314, 101
RW: 0, 5, 314, 100
LW: 0, 15, 314, 101
RW: 0, 5, 314, 100
LW: 0, 15, 314, 101
RW: 0, 5, 314, 100
LW: 0, 15, 314, 101
RW: 0, 5, 314, 100
LW: 0, 15, 314, 101
RW: 0, 5, 314, 100
LW: 0, 15, 314, 101
RW: 0, 5, 314, 100
LW: 0, 15, 314, 101
RW: 0, 5, 315, 100
LW: 0, 15, 314, 101
RW: 0, 5, 315, 100
LW: 0, 15, 314, 101
RW: 0, 5, 315, 100
LW: 0, 15, 314, 92
RW: 0, 12, 315, 100
LW: 0, 15, 314, 92
RW: 0, 12, 315, 100
LW: 0, 15, 314, 92
RW: 0, 12, 315, 100
LW: 0, 15, 315, 92
RW: 0, 12, 315, 100
LW: 0, 15, 315, 92
RW: 0, 12, 316, 100
LW: 0, 15, 315, 92
RW: 0, 12, 316, 100
LW: 0, 15, 315, 92
RW: 0, 12, 316, 100
LW: 0, 15, 315, 92
RW: 0, 12, 316, 100
LW: 0, 15, 315, 92
RW: 0, 12, 316, 100
LW: 0, 15, 315, 92
RW: 0, 12, 316, 100
LW: 0, 15, 316, 92
RW: 0, 12, 316, 100
LW: 0, 5, 316, 101
RW: 0, 12, 316, 100
LW: 0, 5, 316, 101
RW: 0, 12, 316, 100
LW: 0, 5, 316, 101
RW: 0, 12, 316, 100
LW: 0, 5, 316, 101
RW: 0, 12, 316, 100
LW: 0, 5, 316, 101
RW: 0, 12, 316, 100
LW: 0, 5, 316, 101
RW: 0, 12, 316, 100
LW: 0, 5, 316, 101
RW: 0, 12, 316, 100
LW: 0, 5, 316, 101
RW: 0, 12, 317, 100
LW: 0, 5, 316, 101
RW: 0, 12, 317, 100
LW: 0, 5, 316, 101
RW: 0, 12, 317, 100
LW: 0, 5, 316, 101
RW: 0, 12, 317, 100
LW: 0, 12, 317, 91
RW: 0, 12, 317, 100
LW: 0, 12, 317, 91
RW: 0, 12, 317, 100
LW: 0, 12, 317, 91
RW: 0, 12, 317, 100
LW: 0, 12, 317, 91
RW: 0, 12, 317, 100
LW: 0, 12, 317, 91
RW: 0, 12, 318, 100
LW: 0, 12, 317, 91
RW: 0, 12, 318, 100
LW: 0, 12, 317, 91
RW: 0, 12, 318, 100
LW: 0, 12, 317, 91
RW: 0, 12, 318, 100
LW: 0, 12, 318, 91
RW: 0, 12, 318, 100
LW: 0, 12, 318, 91
RW: 0, 12, 318, 100
LW: 0, 12, 318, 91
RW: 0, 12, 318, 100
LW: 0, 12, 318, 101
RW: 0, 12, 318, 101
LW: 0, 12, 318, 101
RW: 0, 12, 318, 101
LW: 0, 12, 318, 101
RW: 0, 12, 318, 101
LW: 0, 12, 318, 101
RW: 0, 12, 318, 101
LW: 0, 12, 318, 101
RW: 0, 12, 318, 101
LW: 0, 12, 318, 101
RW: 0, 12, 318, 101
LW: 0, 12, 318, 101
RW: 0, 12, 318, 101
LW: 0, 12, 318, 101
RW: 0, 12, 319, 101
LW: 0, 12, 318, 101
RW: 0, 12, 319, 101
LW: 0, 12, 318, 101
RW: 0, 12, 319, 101
LW: 0, 12, 318, 101
RW: 0, 12, 319, 101
LW: 0, 22, 318, 92
RW: 0, 12, 319, 101
LW: 0, 22, 319, 92
RW: 0, 12, 319, 101
LW: 0, 22, 319, 92
RW: 0, 12, 319, 101
LW: 0, 22, 319, 92
RW: 0, 12, 319, 101
LW: 0, 22, 319, 92
RW: 0, 12, 320, 101
LW: 0, 22, 319, 92
RW: 0, 12, 320, 101
LW: 0, 22, 319, 92
RW: 0, 12, 320, 101
LW: 0, 22, 319, 92
RW: 0, 12, 320, 101
LW: 0, 22, 319, 92
RW: 0, 12, 320, 101
LW: 0, 22, 319, 92
RW: 0, 12, 320, 101
LW: 0, 22, 320, 92
RW: 0, 12, 320, 101
LW: 0, 5, 320, 102
RW: 0, 12, 320, 101
LW: 0, 5, 320, 102
RW: 0, 12, 320, 101
LW: 0, 5, 320, 102
RW: 0, 12, 320, 101
LW: 0, 5, 320, 102
RW: 0, 12, 320, 101
LW: 0, 5, 320, 102
RW: 0, 12, 320, 101
LW: 0, 5, 320, 102
RW: 0, 12, 320, 101
LW: 0, 5, 320, 102
RW: 0, 12, 320, 101
LW: 0, 5, 320, 102
RW: 0, 12, 321, 101
LW: 0, 5, 320, 102
RW: 0, 12, 321, 101
LW: 0, 5, 320, 102
RW: 0, 12, 321, 101
LW: 0, 5, 320, 102
RW: 0, 12, 321, 101
LW: 0, 12, 321, 102
RW: 0, 12, 321, 101
LW: 0, 12, 321, 102
RW: 0, 12, 321, 101
LW: 0, 12, 321, 102
RW: 0, 12, 321, 101
LW: 0, 12, 321, 102
RW: 0, 12, 322, 101
LW: 0, 12, 321, 102
RW: 0, 12, 322, 101
LW: 0, 12, 321, 102
RW: 0, 12, 322, 101
LW: 0, 12, 321, 102
RW: 0, 12, 322, 101
LW: 0, 12, 321, 102
RW: 0, 12, 322, 101
LW: 0, 12, 322, 102
RW: 0, 12, 322, 101
LW: 0, 12, 322, 102
RW: 0, 12, 322, 101
LW: 0, 12, 322, 102
RW: 0, 12, 322, 101
LW: 0, 12, 322, 102
RW: 0, 12, 322, 93
LW: 0, 12, 322, 102
RW: 0, 12, 322, 93
LW: 0, 12, 322, 102
RW: 0, 12, 322, 93
LW: 0, 12, 322, 102
RW: 0, 12, 322, 93
LW: 0, 12, 322, 102
RW: 0, 12, 322, 93
LW: 0, 12, 322, 102
RW: 0, 12, 322, 93
LW: 0, 12, 322, 102
RW: 0, 12, 322, 93
LW: 0, 12, 322, 102
RW: 0, 12, 323, 93
LW: 0, 12, 322, 102
RW: 0, 12, 323, 93
LW: 0, 12, 322, 102
RW: 0, 12, 323, 93
LW: 0, 12, 322, 102
RW: 0, 12, 323, 93
LW: 0, 12, 323, 102
RW: 0, 12, 323, 102
LW: 0, 12, 323, 102
RW: 0, 12, 323, 102
LW: 0, 12, 323, 102
RW: 0, 12, 323, 102
LW: 0, 12, 323, 102
RW: 0, 12, 324, 102
LW: 0, 12, 323, 102
RW: 0, 12, 324, 102
LW: 0, 12, 323, 102
RW: 0, 12, 324, 102
LW: 0, 12, 323, 102
RW: 0, 12, 324, 102
LW: 0, 12, 323, 102
RW: 0, 12, 324, 102
LW: 0, 12, 323, 102
RW: 0, 12, 324, 102
LW: 0, 12, 324, 102
RW: 0, 12, 324, 102
LW: 0, 12, 324, 102
RW: 0, 12, 324, 102
LW: 0, 12, 324, 102
RW: 0, 12, 324, 93
LW: 0, 12, 324, 102
RW: 0, 12, 324, 93
LW: 0, 12, 324, 102
RW: 0, 12, 324, 93
LW: 0, 12, 324, 102
RW: 0, 12, 324, 93
LW: 0, 12, 324, 102
RW: 0, 12, 324, 93
LW: 0, 12, 324, 102
RW: 0, 12, 324, 93
LW: 0, 12, 324, 102
RW: 0, 12, 325, 93
LW: 0, 12, 324, 102
RW: 0, 12, 325, 93
LW: 0, 12, 324, 102
RW: 0, 12, 325, 93
LW: 0, 12, 324, 102
RW: 0, 12, 325, 93
LW: 0, 12, 324, 102
RW: 0, 12, 325, 93
LW: 0, 12, 324, 102
RW: 0, 12, 325, 93
LW: 0, 22, 325, 93
RW: 0, 12, 325, 93
LW: 0, 22, 325, 93
RW: 0, 12, 326, 93
LW: 0, 22, 325, 93
RW: 0, 12, 326, 93
LW: 0, 22, 325, 93
RW: 0, 12, 326, 93
LW: 0, 22, 325, 93
RW: 0, 12, 326, 93
LW: 0, 22, 325, 93
RW: 0, 12, 326, 93
LW: 0, 22, 325, 93
RW: 0, 12, 326, 93
LW: 0, 22, 325, 93
RW: 0, 12, 326, 93
LW: 0, 22, 325, 93
RW: 0, 12, 326, 93
LW: 0, 22, 326, 93
RW: 0, 12, 326, 93
LW: 0, 22, 326, 93
RW: 0, 12, 326, 93
LW: 0, 15, 326, 93
RW: 0, 22, 326, 93
LW: 0, 15, 326, 93
RW: 0, 22, 326, 93
LW: 0, 15, 326, 93
RW: 0, 22, 326, 93
LW: 0, 15, 326, 93
RW: 0, 22, 326, 93
LW: 0, 15, 326, 93
RW: 0, 22, 327, 93
LW: 0, 15, 326, 93
RW: 0, 22, 327, 93
LW: 0, 15, 326, 93
RW: 0, 22, 327, 93
LW: 0, 15, 326, 93
RW: 0, 22, 327, 93
LW: 0, 15, 326, 93
RW: 0, 22, 327, 93
LW: 0, 15, 326, 93
RW: 0, 22, 327, 93
LW: 0, 15, 327, 93
RW: 0, 22, 327, 93
LW: 0, 15, 327, 93
RW: 0, 5, 328, 93
LW: 0, 15, 327, 103
RW: 0, 5, 328, 93
LW: 0, 15, 327, 103
RW: 0, 5, 328, 93
LW: 0, 15, 327, 103
RW: 0, 5, 328, 93
LW: 0, 15, 327, 103
RW: 0, 5, 328, 93
LW: 0, 15, 327, 103
RW: 0, 5, 328, 93
LW: 0, 15, 328, 103
RW: 0, 5, 328, 93
LW: 0, 15, 328, 103
RW: 0, 5, 328, 93
LW: 0, 15, 328, 103
RW: 0, 5, 328, 93
LW: 0, 15, 328, 103
RW: 0, 5, 328, 93
LW: 0, 15, 328, 103
RW: 0, 5, 328, 93
LW: 0, 15, 328, 103
RW: 0, 22, 328, 93
LW: 0, 15, 328, 93
RW: 0, 22, 328, 93
LW: 0, 15, 328, 93
RW: 0, 22, 329, 93
LW: 0, 15, 328, 93
RW: 0, 22, 329, 93
LW: 0, 15, 328, 93
RW: 0, 22, 329, 93
LW: 0, 15, 328, 93
RW: 0, 22, 329, 93
LW: 0, 15, 329, 93
RW: 0, 22, 329, 93
LW: 0, 15, 329, 93
RW: 0, 22, 329, 93
LW: 0, 15, 329, 93
RW: 0, 22, 329, 93
LW: 0, 15, 329, 93
RW: 0, 22, 330, 93
LW: 0, 15, 329, 93
RW: 0, 22, 330, 93
LW: 0, 15, 329, 93
RW: 0, 5, 330, 101
LW: 0, 15, 329, 102
RW: 0, 5, 330, 101
LW: 0, 15, 330, 102
RW: 0, 5, 330, 101
LW: 0, 15, 330, 102
RW: 0, 5, 330, 101
LW: 0, 15, 330, 102
RW: 0, 5, 330, 101
LW: 0, 15, 330, 102
RW: 0, 5, 330, 101
LW: 0, 15, 330, 102
RW: 0, 5, 330, 101
LW: 0, 15, 330, 102
RW: 0, 5, 330, 101
LW: 0, 15, 330, 102
RW: 0, 5, 330, 101
LW: 0, 15, 330, 102
RW: 0, 5, 330, 101
LW: 0, 15, 330, 102
RW: 0, 5, 330, 101
LW: 0, 15, 330, 102
RW: 0, 5, 331, 101
LW: 0, 15, 330, 93
RW: 0, 12, 331, 101
LW: 0, 15, 330, 93
RW: 0, 12, 331, 101
LW: 0, 15, 331, 93
RW: 0, 12, 331, 101
LW: 0, 15, 331, 93
RW: 0, 12, 331, 101
LW: 0, 15, 331, 93
RW: 0, 12, 331, 101
LW: 0, 15, 331, 93
RW: 0, 12, 331, 101
LW: 0, 15, 331, 93
RW: 0, 12, 332, 101
LW: 0, 15, 331, 93
RW: 0, 12, 332, 101
LW: 0, 15, 331, 93
RW: 0, 12, 332, 101
LW: 0, 15, 332, 93
RW: 0, 12, 332, 101
LW: 0, 15, 332, 93
RW: 0, 12, 332, 101
LW: 0, 15, 332, 93
RW: 0, 12, 332, 101
LW: 0, 5, 332, 101
RW: 0, 12, 332, 101
LW: 0, 5, 332, 101
RW: 0, 12, 332, 101
LW: 0, 5, 332, 101
RW: 0, 12, 332, 101
LW: 0, 5, 332, 101
RW: 0, 12, 332, 101
LW: 0, 5, 332, 101
RW: 0, 12, 332, 101
LW: 0, 5, 332, 101
RW: 0, 12, 332, 101
LW: 0, 5, 332, 101
RW: 0, 12, 332, 101
LW: 0, 5, 332, 101
RW: 0, 12, 333, 101
LW: 0, 5, 332, 101
RW: 0, 12, 333, 101
LW: 0, 5, 333, 101
RW: 0, 12, 333, 101
LW: 0, 5, 333, 101
RW: 0, 12, 333, 101
LW: 0, 12, 333, 101
RW: 0, 12, 333, 101
LW: 0, 12, 333, 101
RW: 0, 12, 333, 101
LW: 0, 12, 333, 101
RW: 0, 12, 333, 101
LW: 0, 12, 333, 101
RW: 0, 12, 333, 101
LW: 0, 12, 333, 101
RW: 0, 12, 334, 101
LW: 0, 12, 333, 101
RW: 0, 12, 334, 101
LW: 0, 12, 333, 101
RW: 0, 12, 334, 101
LW: 0, 12, 334, 101
RW: 0, 12, 334, 101
LW: 0, 12, 334, 101
RW: 0, 12, 334, 101
LW: 0, 12, 334, 101
RW: 0, 12, 334, 101
LW: 0, 12, 334, 101
RW: 0, 12, 334, 101
LW: 0, 12, 334, 101
RW: 0, 12, 334, 101
LW: 0, 12, 334, 101
RW: 0, 12, 334, 101
LW: 0, 12, 334, 101
RW: 0, 12, 334, 101
LW: 0, 12, 334, 101
RW: 0, 12, 334, 101
LW: 0, 12, 334, 101
RW: 0, 12, 334, 101
LW: 0, 12, 334, 101
RW: 0, 12, 334, 101
LW: 0, 12, 334, 101
RW: 0, 12, 335, 101
LW: 0, 12, 334, 101
RW: 0, 12, 335, 101
LW: 0, 12, 334, 101
RW: 0, 12, 335, 101
LW: 0, 12, 334, 101
RW: 0, 12, 335, 101
LW: 0, 12, 334, 101
RW: 0, 12, 335, 101
LW: 0, 12, 335, 92
RW: 0, 12, 335, 101
LW: 0, 12, 335, 92
RW: 0, 12, 335, 101
LW: 0, 12, 335, 92
RW: 0, 12, 335, 101
LW: 0, 12, 335, 92
RW: 0, 12, 336, 101
LW: 0, 12, 335, 92
RW: 0, 12, 336, 101
LW: 0, 12, 335, 92
RW: 0, 12, 336, 101
LW: 0, 12, 335, 92
RW: 0, 12, 336, 101
LW: 0, 12, 335, 92
RW: 0, 12, 336, 101
LW: 0, 12, 335, 92
RW: 0, 12, 336, 101
LW: 0, 12, 336, 92
RW: 0, 12, 336, 101
LW: 0, 12, 336, 92
RW: 0, 12, 336, 101
LW: 0, 12, 336, 110
RW: 0, 12, 336, 101
LW: 0, 12, 336, 110
RW: 0, 12, 336, 101
LW: 0, 12, 336, 110
RW: 0, 12, 336, 101
LW: 0, 12, 336, 110
RW: 0, 12, 336, 101
LW: 0, 12, 336, 110
RW: 0, 12, 336, 101
LW: 0, 12, 336, 110
RW: 0, 12, 337, 101
LW: 0, 12, 336, 110
RW: 0, 12, 337, 101
LW: 0, 12, 336, 110
RW: 0, 12, 337, 101
LW: 0, 12, 336, 110
RW: 0, 12, 337, 101
LW: 0, 12, 336, 110
RW: 0, 12, 337, 101
LW: 0, 12, 336, 110
RW: 0, 12, 337, 101
LW: 0, 22, 336, 91
RW: 0, 12, 337, 101
LW: 0, 22, 337, 91
RW: 0, 12, 338, 101
LW: 0, 22, 337, 91
RW: 0, 12, 338, 101
LW: 0, 22, 337, 91
RW: 0, 12, 338, 101
LW: 0, 22, 337, 91
RW: 0, 12, 338, 101
LW: 0, 22, 337, 91
RW: 0, 12, 338, 101
LW: 0, 22, 337, 91
RW: 0, 12, 338, 101
LW: 0, 22, 337, 91
RW: 0, 12, 338, 101
LW: 0, 22, 337, 91
RW: 0, 12, 338, 101
LW: 0, 22, 338, 91
RW: 0, 12, 338, 101
LW: 0, 22, 338, 91
RW: 0, 12, 338, 101
LW: 0, 5, 338, 101
RW: 0, 12, 338, 101
LW: 0, 5, 338, 101
RW: 0, 12, 338, 101
LW: 0, 5, 338, 101
RW: 0, 12, 338, 101
LW: 0, 5, 338, 101
RW: 0, 12, 338, 101
LW: 0, 5, 338, 101
RW: 0, 12, 339, 101
LW: 0, 5, 338, 101
RW: 0, 12, 339, 101
LW: 0, 5, 338, 101
RW: 0, 12, 339, 101
LW: 0, 5, 338, 101
RW: 0, 12, 339, 101
LW: 0, 5, 338, 101
RW: 0, 12, 339, 101
LW: 0, 5, 338, 101
RW: 0, 12, 339, 101
LW: 0, 5, 339, 101
RW: 0, 12, 339, 101
LW: 0, 22, 339, 101
RW: 0, 22, 340, 101
LW: 0, 22, 339, 101
RW: 0, 22, 340, 101
LW: 0, 22, 339, 101
RW: 0, 22, 340, 101
LW: 0, 22, 339, 101
RW: 0, 22, 340, 101
LW: 0, 22, 339, 101
RW: 0, 22, 340, 101
LW: 0, 22, 339, 101
RW: 0, 22, 340, 101
LW: 0, 22, 339, 101
RW: 0, 22, 340, 101
LW: 0, 22, 339, 101
RW: 0, 22, 340, 101
LW: 0, 22, 340, 101
RW: 0, 22, 340, 101
LW: 0, 22, 340, 101
RW: 0, 22, 340, 101
LW: 0, 22, 340, 101
RW: 0, 22, 340, 101
LW: 0, 22, 340, 101
RW: 0, 15, 340, 92
LW: 0, 15, 340, 101
RW: 0, 15, 340, 92
LW: 0, 15, 340, 101
RW: 0, 15, 340, 92
LW: 0, 15, 340, 101
RW: 0, 15, 341, 92
LW: 0, 15, 340, 101
RW: 0, 15, 341, 92
LW: 0, 15, 340, 101
RW: 0, 15, 341, 92
LW: 0, 15, 340, 101
RW: 0, 15, 341, 92
LW: 0, 15, 340, 101
RW: 0, 15, 341, 92
LW: 0, 15, 340, 101
RW: 0, 15, 341, 92
LW: 0, 15, 341, 101
RW: 0, 15, 342, 92
LW: 0, 15, 341, 101
RW: 0, 15, 342, 92
LW: 0, 15, 341, 101
RW: 0, 5, 342, 102
LW: 0, 15, 341, 101
RW: 0, 5, 342, 102
LW: 0, 15, 341, 101
RW: 0, 5, 342, 102
LW: 0, 15, 341, 101
RW: 0, 5, 342, 102
LW: 0, 15, 341, 101
RW: 0, 5, 342, 102
LW: 0, 15, 341, 101
RW: 0, 5, 342, 102
LW: 0, 15, 342, 101
RW: 0, 5, 342, 102
LW: 0, 15, 342, 101
RW: 0, 5, 342, 102
LW: 0, 15, 342, 101
RW: 0, 5, 342, 102
LW: 0, 15, 342, 101
RW: 0, 5, 342, 102
LW: 0, 15, 342, 101
RW: 0, 5, 343, 102
LW: 0, 15, 342, 101
RW: 0, 12, 343, 102
LW: 0, 15, 342, 92
RW: 0, 12, 343, 102
LW: 0, 15, 342, 92
RW: 0, 12, 343, 102
LW: 0, 15, 342, 92
RW: 0, 12, 343, 102
LW: 0, 15, 342, 92
RW: 0, 12, 343, 102
LW: 0, 15, 342, 92
RW: 0, 12, 343, 102
LW: 0, 15, 343, 92
RW: 0, 12, 344, 102
LW: 0, 15, 343, 92
RW: 0, 12, 344, 102
LW: 0, 15, 343, 92
RW: 0, 12, 344, 102
LW: 0, 15, 343, 92
RW: 0, 12, 344, 102
LW: 0, 15, 343, 92
RW: 0, 12, 344, 102
LW: 0, 15, 343, 92
RW: 0, 12, 344, 102
LW: 0, 15, 343, 92
RW: 0, 12, 344, 102
LW: 0, 15, 344, 92
RW: 0, 12, 344, 102
LW: 0, 15, 344, 92
RW: 0, 12, 344, 102
LW: 0, 15, 344, 92
RW: 0, 12, 344, 102
LW: 0, 15, 344, 92
RW: 0, 12, 344, 102
LW: 0, 15, 344, 92
RW: 0, 12, 344, 102
LW: 0, 15, 344, 92
RW: 0, 12, 344, 102
LW: 0, 15, 344, 92
RW: 0, 12, 344, 102
LW: 0, 15, 344, 92
RW: 0, 12, 344, 102
LW: 0, 15, 344, 92
RW: 0, 12, 345, 102
LW: 0, 15, 344, 92
RW: 0, 12, 345, 102
LW: 0, 15, 344, 92
RW: 0, 12, 345, 102
LW: 0, 15, 345, 92
RW: 0, 12, 345, 102
LW: 0, 15, 345, 92
RW: 0, 12, 345, 102
LW: 0, 15, 345, 92
RW: 0, 12, 345, 102
LW: 0, 15, 345, 92
RW: 0, 12, 345, 102
LW: 0, 15, 345, 92
RW: 0, 12, 346, 102
LW: 0, 15, 345, 92
RW: 0, 12, 346, 102
LW: 0, 15, 345, 92
RW: 0, 12, 346, 102
LW: 0, 15, 345, 92
RW: 0, 12, 346, 102
LW: 0, 15, 346, 92
RW: 0, 12, 346, 102
LW: 0, 15, 346, 92
RW: 0, 12, 346, 102
LW: 0, 5, 346, 111
RW: 0, 12, 346, 102
LW: 0, 5, 346, 111
RW: 0, 12, 346, 102
LW: 0, 5, 346, 111
RW: 0, 12, 346, 102
LW: 0, 5, 346, 111
RW: 0, 12, 346, 102
LW: 0, 5, 346, 111
RW: 0, 12, 346, 102
LW: 0, 5, 346, 111
RW: 0, 12, 346, 102
LW: 0, 5, 346, 111
RW: 0, 12, 346, 102
LW: 0, 5, 346, 111
RW: 0, 12, 346, 102
LW: 0, 5, 346, 111
RW: 0, 12, 347, 102
LW: 0, 5, 346, 111
RW: 0, 12, 347, 102
LW: 0, 5, 347, 111
RW: 0, 12, 347, 102
LW: 0, 12, 347, 102
RW: 0, 12, 347, 102
LW: 0, 12, 347, 102
RW: 0, 12, 347, 102
LW: 0, 12, 347, 102
RW: 0, 12, 347, 102
LW: 0, 12, 347, 102
RW: 0, 12, 347, 102
LW: 0, 12, 347, 102
RW: 0, 12, 347, 102
LW: 0, 12, 347, 102
RW: 0, 12, 348, 102
LW: 0, 12, 347, 102
RW: 0, 12, 348, 102
LW: 0, 12, 348, 102
RW: 0, 12, 348, 102
LW: 0, 12, 348, 102
RW: 0, 12, 348, 102
LW: 0, 12, 348, 102
RW: 0, 12, 348, 102
LW: 0, 12, 348, 102
RW: 0, 12, 348, 102
LW: 0, 12, 348, 112
RW: 0, 12, 348, 102
LW: 0, 12, 348, 112
RW: 0, 12, 348, 102
LW: 0, 12, 348, 112
RW: 0, 12, 348, 102
LW: 0, 12, 348, 112
RW: 0, 12, 348, 102
LW: 0, 12, 348, 112
RW: 0, 12, 348, 102
LW: 0, 12, 348, 112
RW: 0, 12, 348, 102
LW: 0, 12, 348, 112
RW: 0, 12, 348, 102
LW: 0, 12, 348, 112
RW: 0, 12, 348, 102
LW: 0, 12, 348, 112
RW: 0, 12, 349, 102
LW: 0, 12, 348, 112
RW: 0, 12, 349, 102
LW: 0, 12, 349, 112
RW: 0, 12, 349, 102
LW: 0, 12, 349, 102
RW: 0, 12, 349, 102
LW: 0, 12, 349, 102
RW: 0, 12, 349, 102
LW: 0, 12, 349, 102
RW: 0, 12, 349, 102
LW: 0, 12, 349, 102
RW: 0, 12, 349, 102
LW: 0, 12, 349, 102
RW: 0, 12, 350, 102
LW: 0, 12, 349, 102
RW: 0, 12, 350, 102
LW: 0, 12, 349, 102
RW: 0, 12, 350, 102
LW: 0, 12, 349, 102
RW: 0, 12, 350, 102
LW: 0, 12, 349, 102
RW: 0, 12, 350, 102
LW: 0, 12, 350, 102
RW: 0, 12, 350, 102
LW: 0, 12, 350, 102
RW: 0, 12, 350, 102
LW: 0, 12, 350, 102
RW: 0, 12, 350, 102
LW: 0, 12, 350, 102
RW: 0, 12, 350, 102
LW: 0, 12, 350, 102
RW: 0, 12, 350, 102
LW: 0, 12, 350, 102
RW: 0, 12, 350, 102
LW: 0, 12, 350, 102
RW: 0, 12, 350, 102
LW: 0, 12, 350, 102
RW: 0, 12, 350, 102
LW: 0, 12, 350, 102
RW: 0, 12, 350, 102
LW: 0, 12, 350, 102
RW: 0, 12, 351, 102
LW: 0, 12, 350, 102
RW: 0, 12, 351, 102
LW: 0, 12, 350, 102
RW: 0, 12, 351, 102
LW: 0, 12, 350, 102
RW: 0, 12, 351, 102
LW: 0, 22, 350, 93
RW: 0, 12, 351, 103
LW: 0, 22, 351, 93
RW: 0, 12, 351, 103
LW: 0, 22, 351, 93
RW: 0, 12, 351, 103
LW: 0, 22, 351, 93
RW: 0, 12, 351, 103
LW: 0, 22, 351, 93
RW: 0, 12, 352, 103
LW: 0, 22, 351, 93
RW: 0, 12, 352, 103
LW: 0, 22, 351, 93
RW: 0, 12, 352, 103
LW: 0, 22, 351, 93
RW: 0, 12, 352, 103
LW: 0, 22, 351, 93
RW: 0, 12, 352, 103
LW: 0, 22, 351, 93
RW: 0, 12, 352, 103
LW: 0, 22, 352, 93
RW: 0, 12, 352, 103
LW: 0, 22, 352, 93
RW: 0, 12, 352, 93
LW: 0, 5, 352, 102
RW: 0, 12, 352, 93
LW: 0, 5, 352, 102
RW: 0, 12, 352, 93
LW: 0, 5, 352, 102
RW: 0, 12, 352, 93
LW: 0, 5, 352, 102
RW: 0, 12, 352, 93
LW: 0, 5, 352, 102
RW: 0, 12, 352, 93
LW: 0, 5, 352, 102
RW: 0, 12, 352, 93
LW: 0, 5, 352, 102
RW: 0, 12, 352, 93
LW: 0, 5, 352, 102
RW: 0, 12, 353, 93
LW: 0, 5, 352, 102
RW: 0, 12, 353, 93
LW: 0, 5, 352, 102
RW: 0, 12, 353, 93
LW: 0, 5, 353, 102
RW: 0, 12, 353, 93
LW: 0, 12, 353, 102
RW: 0, 12, 353, 93
LW: 0, 12, 353, 102
RW: 0, 12, 353, 93
LW: 0, 12, 353, 102
RW: 0, 12, 353, 93
LW: 0, 12, 353, 102
RW: 0, 12, 353, 93
LW: 0, 12, 353, 102
RW: 0, 12, 354, 93
LW: 0, 12, 353, 102
RW: 0, 12, 354, 93
LW: 0, 12, 353, 102
RW: 0, 12, 354, 93
LW: 0, 12, 354, 102
RW: 0, 12, 354, 93
LW: 0, 12, 354, 102
RW: 0, 12, 354, 93
LW: 0, 12, 354, 102
RW: 0, 12, 354, 93
LW: 0, 12, 354, 102
RW: 0, 22, 354, 93
LW: 0, 22, 354, 102
RW: 0, 22, 354, 93
LW: 0, 22, 354, 102
RW: 0, 22, 354, 93
LW: 0, 22, 354, 102
RW: 0, 22, 354, 93
LW: 0, 22, 354, 102
RW: 0, 22, 354, 93
LW: 0, 22, 354, 102
RW: 0, 22, 354, 93
LW: 0, 22, 354, 102
RW: 0, 22, 354, 93
LW: 0, 22, 354, 102
RW: 0, 22, 354, 93
LW: 0, 22, 354, 102
RW: 0, 22, 354, 93
LW: 0, 22, 354, 102
RW: 0, 22, 355, 93
LW: 0, 22, 354, 102
RW: 0, 22, 355, 93
LW: 0, 22, 355, 102
RW: 0, 22, 355, 93
LW: 0, 15, 355, 102
RW: 0, 15, 355, 93
LW: 0, 15, 355, 102
RW: 0, 15, 355, 93
LW: 0, 15, 355, 102
RW: 0, 15, 355, 93
LW: 0, 15, 355, 102
RW: 0, 15, 356, 93
LW: 0, 15, 355, 102
RW: 0, 15, 356, 93
LW: 0, 15, 356, 102
RW: 0, 15, 356, 93
LW: 0, 15, 356, 102
RW: 0, 15, 356, 93
LW: 0, 15, 356, 102
RW: 0, 15, 356, 93
LW: 0, 15, 356, 102
RW: 0, 15, 356, 93
LW: 0, 15, 356, 102
RW: 0, 15, 356, 93
LW: 0, 15, 356, 102
RW: 0, 15, 356, 93
LW: 0, 15, 356, 92
RW: 0, 15, 356, 93
LW: 0, 15, 356, 92
RW: 0, 15, 356, 93
LW: 0, 15, 356, 92
RW: 0, 15, 356, 93
LW: 0, 15, 356, 92
RW: 0, 15, 356, 93
LW: 0, 15, 356, 92
RW: 0, 15, 357, 93
LW: 0, 15, 356, 92
RW: 0, 15, 357, 93
LW: 0, 15, 357, 92
RW: 0, 15, 357, 93
LW: 0, 15, 357, 92
RW: 0, 15, 357, 93
LW: 0, 15, 357, 92
RW: 0, 15, 357, 93
LW: 0, 15, 357, 92
RW: 0, 15, 357, 93
LW: 0, 15, 357, 92
RW: 0, 15, 357, 93
LW: 0, 15, 357, 92
RW: 0, 15, 358, 93
LW: 0, 15, 357, 92
RW: 0, 15, 358, 93
LW: 0, 15, 357, 92
RW: 0, 15, 358, 93
LW: 0, 15, 358, 92
RW: 0, 15, 358, 93
LW: 0, 15, 358, 92
RW: 0, 15, 358, 93
LW: 0, 15, 358, 92
RW: 0, 15, 358, 93
LW: 0, 15, 358, 92
RW: 0, 15, 358, 93
LW: 0, 15, 358, 92
RW: 0, 15, 358, 93
LW: 0, 15, 358, 92
RW: 0, 15, 358, 93
LW: 0, 15, 358, 92
RW: 0, 15, 358, 93
LW: 0, 15, 358, 92
RW: 0, 15, 358, 92
LW: 0, 15, 358, 92
RW: 0, 15, 358, 92
LW: 0, 15, 358, 92
RW: 0, 15, 358, 92
LW: 0, 15, 358, 92
RW: 0, 15, 359, 92
LW: 0, 15, 359, 92
RW: 0, 15, 359, 92
LW: 0, 15, 359, 92
RW: 0, 15, 359, 92
LW: 0, 15, 359, 92
RW: 0, 15, 359, 92
LW: 0, 15, 359, 92
RW: 0, 15, 359, 92
LW: 0, 15, 359, 92
RW: 0, 15, 359, 92
LW: 0, 15, 359, 92
RW: 0, 15, 360, 92
LW: 0, 15, 359, 92
RW: 0, 15, 360, 92
LW: 0, 15, 359, 92
RW: 0, 15, 360, 102
LW: 0, 5, 360, 101
RW: 0, 5, 360, 102
LW: 0, 5, 360, 101
RW: 0, 5, 360, 102
LW: 0, 5, 360, 101
RW: 0, 5, 360, 102
LW: 0, 5, 360, 101
RW: 0, 5, 360, 102
LW: 0, 5, 360, 101
RW: 0, 5, 360, 102
LW: 0, 5, 360, 101
RW: 0, 5, 360, 102
LW: 0, 5, 360, 101
RW: 0, 5, 360, 102
LW: 0, 5, 360, 101
RW: 0, 5, 360, 102
LW: 0, 5, 360, 101
RW: 0, 5, 360, 102
LW: 0, 5, 360, 101
RW: 0, 5, 360, 102
LW: 0, 5, 360, 101
RW: 0, 5, 361, 102
LW: 0, 5, 360, 101
RW: 0, 12, 361, 102
LW: 0, 22, 361, 92
RW: 0, 12, 361, 102
LW: 0, 22, 361, 92
RW: 0, 12, 361, 102
LW: 0, 22, 361, 92
RW: 0, 12, 361, 102
LW: 0, 22, 361, 92
RW: 0, 12, 361, 102
LW: 0, 22, 361, 92
RW: 0, 12, 361, 102
LW: 0, 22, 361, 92
RW: 0, 12, 362, 102
LW: 0, 22, 361, 92
RW: 0, 12, 362, 102
LW: 0, 22, 361, 92
RW: 0, 12, 362, 102
LW: 0, 22, 361, 92
RW: 0, 12, 362, 102
LW: 0, 22, 362, 92
RW: 0, 12, 362, 102
LW: 0, 22, 362, 92
RW: 0, 12, 362, 102
LW: 0, 5, 362, 111
RW: 0, 12, 362, 102
LW: 0, 5, 362, 111
RW: 0, 12, 362, 102
LW: 0, 5, 362, 111
RW: 0, 12, 362, 102
LW: 0, 5, 362, 111
RW: 0, 12, 362, 102
LW: 0, 5, 362, 111
RW: 0, 12, 362, 102
LW: 0, 5, 362, 111
RW: 0, 12, 362, 102
LW: 0, 5, 362, 111
RW: 0, 12, 362, 102
LW: 0, 5, 362, 111
RW: 0, 12, 362, 102
LW: 0, 5, 362, 111
RW: 0, 12, 363, 102
LW: 0, 5, 363, 111
RW: 0, 12, 363, 102
LW: 0, 5, 363, 111
RW: 0, 12, 363, 102
LW: 0, 12, 363, 102
RW: 0, 12, 363, 102
LW: 0, 12, 363, 102
RW: 0, 12, 363, 102
LW: 0, 12, 363, 102
RW: 0, 12, 363, 102
LW: 0, 12, 363, 102
RW: 0, 12, 363, 102
LW: 0, 12, 363, 102
RW: 0, 12, 364, 102
LW: 0, 12, 363, 102
RW: 0, 12, 364, 102
LW: 0, 12, 364, 102
RW: 0, 12, 364, 102
LW: 0, 12, 364, 102
RW: 0, 12, 364, 102
LW: 0, 12, 364, 102
RW: 0, 12, 364, 102
LW: 0, 12, 364, 102
RW: 0, 12, 364, 102
LW: 0, 12, 364, 102
RW: 0, 12, 364, 102
LW: 0, 12, 364, 102
RW: 0, 12, 364, 102
LW: 0, 12, 364, 102
RW: 0, 12, 364, 102
LW: 0, 12, 364, 102
RW: 0, 12, 364, 102
LW: 0, 12, 364, 102
RW: 0, 12, 364, 102
LW: 0, 12, 364, 102
RW: 0, 12, 364, 102
LW: 0, 12, 364, 102
RW: 0, 12, 364, 102
LW: 0, 12, 364, 102
RW: 0, 12, 365, 102
LW: 0, 12, 364, 102
RW: 0, 12, 365, 102
LW: 0, 12, 364, 102
RW: 0, 12, 365, 102
LW: 0, 12, 364, 102
RW: 0, 12, 365, 102
LW: 0, 12, 365, 102
RW: 0, 12, 365, 102
LW: 0, 12, 365, 102
RW: 0, 12, 365, 102
LW: 0, 12, 365, 102
RW: 0, 12, 365, 102
LW: 0, 12, 365, 102
RW: 0, 12, 366, 102
LW: 0, 12, 365, 102
RW: 0, 12, 366, 102
LW: 0, 12, 365, 102
RW: 0, 12, 366, 102
LW: 0, 12, 365, 102
RW: 0, 12, 366, 102
LW: 0, 12, 365, 102
RW: 0, 12, 366, 102
LW: 0, 12, 365, 102
RW: 0, 12, 366, 102
LW: 0, 12, 366, 102
RW: 0, 12, 366, 102
LW: 0, 12, 366, 102
RW: 0, 12, 366, 102
LW: 0, 12, 366, 102
RW: 0, 12, 366, 102
LW: 0, 12, 366, 102
RW: 0, 12, 366, 102
LW: 0, 12, 366, 102
RW: 0, 12, 366, 102
LW: 0, 12, 366, 102
RW: 0, 12, 366, 102
LW: 0, 12, 366, 102
RW: 0, 12, 366, 102
LW: 0, 12, 366, 102
RW: 0, 12, 367, 102
LW: 0, 12, 366, 102
RW: 0, 12, 367, 102
LW: 0, 12, 366, 102
RW: 0, 12, 367, 102
LW: 0, 12, 366, 102
RW: 0, 12, 367, 102
LW: 0, 12, 366, 102
RW: 0, 12, 367, 102
LW: 0, 12, 366, 102
RW: 0, 12, 367, 102
LW: 0, 12, 366, 102
RW: 0, 12, 367, 102
LW: 0, 12, 367, 102
RW: 0, 22, 367, 102
LW: 0, 22, 367, 102
RW: 0, 22, 368, 102
LW: 0, 22, 367, 102
RW: 0, 22, 368, 102
LW: 0, 22, 367, 102
RW: 0, 22, 368, 102
LW: 0, 22, 367, 102
RW: 0, 22, 368, 102
LW: 0, 22, 367, 102
RW: 0, 22, 368, 102
LW: 0, 22, 367, 102
RW: 0, 22, 368, 102
LW: 0, 22, 367, 102
RW: 0, 22, 368, 102
LW: 0, 22, 367, 102
RW: 0, 22, 368, 102
LW: 0, 22, 368, 102
RW: 0, 22, 368, 102
LW: 0, 22, 368, 102
RW: 0, 22, 368, 102
LW: 0, 22, 368, 102
RW: 0, 22, 368, 102
LW: 0, 15, 368, 102
RW: 0, 15, 368, 102
LW: 0, 15, 368, 102
RW: 0, 15, 369, 102
LW: 0, 15, 368, 102
RW: 0, 15, 369, 102
LW: 0, 15, 368, 102
RW: 0, 15, 369, 102
LW: 0, 15, 368, 102
RW: 0, 15, 369, 102
LW: 0, 15, 368, 102
RW: 0, 15, 369, 102
LW: 0, 15, 368, 102
RW: 0, 15, 369, 102
LW: 0, 15, 368, 102
RW: 0, 15, 370, 102
LW: 0, 15, 369, 102
RW: 0, 15, 370, 102
LW: 0, 15, 369, 102
RW: 0, 15, 370, 102
LW: 0, 15, 369, 102
RW: 0, 15, 370, 102
LW: 0, 15, 369, 102
RW: 0, 5, 370, 111
LW: 0, 15, 369, 102
RW: 0, 5, 370, 111
LW: 0, 15, 369, 102
RW: 0, 5, 370, 111
LW: 0, 15, 369, 102
RW: 0, 5, 370, 111
LW: 0, 15, 370, 102
RW: 0, 5, 370, 111
LW: 0, 15, 370, 102
RW: 0, 5, 370, 111
LW: 0, 15, 370, 102
RW: 0, 5, 370, 111
LW: 0, 15, 370, 102
RW: 0, 5, 370, 111
LW: 0, 15, 370, 102
RW: 0, 5, 370, 111
LW: 0, 15, 370, 102
RW: 0, 5, 371, 111
LW: 0, 15, 370, 102
RW: 0, 5, 371, 111
LW: 0, 15, 370, 102
RW: 0, 12, 371, 101
LW: 0, 15, 370, 92
RW: 0, 12, 371, 101
LW: 0, 15, 370, 92
RW: 0, 12, 371, 101
LW: 0, 15, 370, 92
RW: 0, 12, 371, 101
LW: 0, 15, 371, 92
RW: 0, 12, 371, 101
LW: 0, 15, 371, 92
RW: 0, 12, 372, 101
LW: 0, 15, 371, 92
RW: 0, 12, 372, 101
LW: 0, 15, 371, 92
RW: 0, 12, 372, 101
LW: 0, 15, 371, 92
RW: 0, 12, 372, 101
LW: 0, 15, 371, 92
RW: 0, 12, 372, 101
LW: 0, 15, 372, 92
RW: 0, 12, 372, 101
LW: 0, 15, 372, 92
RW: 0, 12, 372, 101
LW: 0, 5, 372, 111
RW: 0, 12, 372, 101
LW: 0, 5, 372, 111
RW: 0, 12, 372, 101
LW: 0, 5, 372, 111
RW: 0, 12, 372, 101
LW: 0, 5, 372, 111
RW: 0, 12, 372, 101
LW: 0, 5, 372, 111
RW: 0, 12, 372, 101
LW: 0, 5, 372, 111
RW: 0, 12, 372, 101
LW: 0, 5, 372, 111
RW: 0, 12, 372, 101
LW: 0, 5, 372, 111
RW: 0, 12, 373, 101
LW: 0, 5, 372, 111
RW: 0, 12, 373, 101
LW: 0, 5, 372, 111
RW: 0, 12, 373, 101
LW: 0, 5, 373, 111
RW: 0, 12, 373, 101
LW: 0, 12, 373, 101
RW: 0, 12, 373, 101
LW: 0, 12, 373, 101
RW: 0, 12, 373, 101
LW: 0, 12, 373, 101
RW: 0, 12, 373, 101
LW: 0, 12, 373, 101
RW: 0, 12, 374, 101
LW: 0, 12, 373, 101
RW: 0, 12, 374, 101
LW: 0, 12, 373, 101
RW: 0, 12, 374, 101
LW: 0, 12, 373, 101
RW: 0, 12, 374, 101
LW: 0, 12, 373, 101
RW: 0, 12, 374, 101
LW: 0, 12, 373, 101
RW: 0, 12, 374, 101
LW: 0, 12, 374, 101
RW: 0, 12, 374, 101
LW: 0, 12, 374, 101
RW: 0, 12, 374, 101
LW: 0, 12, 374, 101
RW: 0, 12, 374, 101
LW: 0, 12, 374, 101
RW: 0, 12, 374, 101
LW: 0, 12, 374, 101
RW: 0, 12, 374, 101
LW: 0, 12, 374, 101
RW: 0, 12, 374, 101
LW: 0, 12, 374, 101
RW: 0, 12, 374, 101
LW: 0, 12, 374, 101
RW: 0, 12, 374, 101
LW: 0, 12, 374, 101
RW: 0, 12, 375, 101
LW: 0, 12, 374, 101
RW: 0, 12, 375, 101
LW: 0, 12, 374, 101
RW: 0, 12, 375, 101
LW: 0, 12, 374, 101
RW: 0, 12, 375, 101
LW: 0, 12, 374, 101
RW: 0, 12, 375, 101
LW: 0, 12, 374, 101
RW: 0, 12, 375, 101
LW: 0, 22, 375, 92
RW: 0, 12, 375, 101
LW: 0, 22, 375, 92
RW: 0, 12, 375, 101
LW: 0, 22, 375, 92
RW: 0, 12, 376, 101
LW: 0, 22, 375, 92
RW: 0, 12, 376, 101
LW: 0, 22, 375, 92
RW: 0, 12, 376, 101
LW: 0, 22, 375, 92
RW: 0, 12, 376, 101
LW: 0, 22, 375, 92
RW: 0, 12, 376, 101
LW: 0, 22, 375, 92
RW: 0, 12, 376, 101
LW: 0, 22, 376, 92
RW: 0, 12, 376, 101
LW: 0, 22, 376, 92
RW: 0, 12, 376, 102
LW: 0, 5, 376, 102
RW: 0, 12, 376, 102
LW: 0, 5, 376, 102
RW: 0, 12, 376, 102
LW: 0, 5, 376, 102
RW: 0, 12, 376, 102
LW: 0, 5, 376, 102
RW: 0, 12, 376, 102
LW: 0, 5, 376, 102
RW: 0, 12, 376, 102
LW: 0, 5, 376, 102
RW: 0, 12, 376, 102
LW: 0, 5, 376, 102
RW: 0, 12, 377, 102
LW: 0, 5, 376, 102
RW: 0, 12, 377, 102
LW: 0, 5, 376, 102
RW: 0, 12, 377, 102
LW: 0, 5, 376, 102
RW: 0, 12, 377, 102
LW: 0, 5, 377, 102
RW: 0, 12, 377, 102
LW: 0, 12, 377, 102
RW: 0, 12, 377, 102
LW: 0, 12, 377, 102
RW: 0, 12, 377, 102
LW: 0, 12, 377, 102
RW: 0, 12, 377, 102
LW: 0, 12, 377, 102
RW: 0, 12, 378, 102
LW: 0, 12, 377, 102
RW: 0, 12, 378, 102
LW: 0, 12, 377, 102
RW: 0, 12, 378, 102
LW: 0, 12, 377, 102
RW: 0, 12, 378, 102
LW: 0, 12, 378, 102
RW: 0, 12, 378, 102
LW: 0, 12, 378, 102
RW: 0, 12, 378, 102
LW: 0, 12, 378, 102
RW: 0, 12, 378, 102
LW: 0, 12, 378, 102
RW: 0, 12, 378, 102
LW: 0, 12, 378, 102
RW: 0, 12, 378, 102
LW: 0, 12, 378, 102
RW: 0, 12, 378, 102
LW: 0, 12, 378, 102
RW: 0, 12, 378, 102
LW: 0, 12, 378, 102
RW: 0, 12, 378, 102
LW: 0, 12, 378, 102
RW: 0, 12, 378, 102
LW: 0, 12, 378, 102
RW: 0, 12, 378, 102
LW: 0, 12, 378, 102
RW: 0, 12, 379, 102
LW: 0, 12, 378, 102
RW: 0, 12, 379, 102
LW: 0, 12, 378, 102
RW: 0, 12, 379, 102
LW: 0, 12, 378, 102
RW: 0, 12, 379, 102
LW: 0, 12, 378, 102
RW: 0, 12, 379, 102
LW: 0, 12, 379, 102
RW: 0, 12, 379, 102
LW: 0, 12, 379, 102
RW: 0, 12, 379, 102
LW: 0, 12, 379, 102
RW: 0, 12, 379, 102
LW: 0, 12, 379, 102
RW: 0, 12, 380, 102
LW: 0, 12, 379, 102
RW: 0, 12, 380, 102
LW: 0, 12, 379, 102
RW: 0, 12, 380, 102
LW: 0, 12, 379, 102
RW: 0, 12, 380, 102
LW: 0, 12, 379, 102
RW: 0, 12, 380, 102
LW: 0, 12, 379, 102
RW: 0, 12, 380, 102
LW: 0, 12, 380, 102
RW: 0, 12, 380, 102
LW: 0, 12, 380, 102
RW: 0, 12, 380, 102
LW: 0, 12, 380, 102
RW: 0, 12, 380, 93
LW: 0, 12, 380, 102
RW: 0, 12, 380, 93
LW: 0, 12, 380, 102
RW: 0, 12, 380, 93
LW: 0, 12, 380, 102
RW: 0, 12, 380, 93
LW: 0, 12, 380, 102
RW: 0, 12, 380, 93
LW: 0, 12, 380, 102
RW: 0, 12, 380, 93
LW: 0, 12, 380, 102
RW: 0, 12, 380, 93
LW: 0, 12, 380, 102
RW: 0, 12, 381, 93
LW: 0, 12, 380, 102
RW: 0, 12, 381, 93
LW: 0, 12, 380, 102
RW: 0, 12, 381, 93
LW: 0, 12, 380, 102
RW: 0, 12, 381, 93
LW: 0, 12, 380, 102
RW: 0, 12, 381, 93
LW: 0, 22, 381, 93
RW: 0, 12, 381, 93
LW: 0, 22, 381, 93
RW: 0, 12, 381, 93
LW: 0, 22, 381, 93
RW: 0, 12, 382, 93
LW: 0, 22, 381, 93
RW: 0, 12, 382, 93
LW: 0, 22, 381, 93
RW: 0, 12, 382, 93
LW: 0, 22, 381, 93
RW: 0, 12, 382, 93
LW: 0, 22, 381, 93
RW: 0, 12, 382, 93
LW: 0, 22, 381, 93
RW: 0, 12, 382, 93
LW: 0, 22, 381, 93
RW: 0, 12, 382, 93
LW: 0, 22, 382, 93
RW: 0, 12, 382, 93
LW: 0, 22, 382, 93
RW: 0, 22, 382, 93
LW: 0, 15, 382, 93
RW: 0, 22, 382, 93
LW: 0, 15, 382, 93
RW: 0, 22, 382, 93
LW: 0, 15, 382, 93
RW: 0, 22, 382, 93
LW: 0, 15, 382, 93
RW: 0, 22, 382, 93
LW: 0, 15, 382, 93
RW: 0, 22, 382, 93
LW: 0, 15, 382, 93
RW: 0, 22, 382, 93
LW: 0, 15, 382, 93
RW: 0, 22, 383, 93
LW: 0, 15, 382, 93
RW: 0, 22, 383, 93
LW: 0, 15, 382, 93
RW: 0, 22, 383, 93
LW: 0, 15, 382, 93
RW: 0, 22, 383, 93
LW: 0, 15, 383, 93
RW: 0, 15, 383, 93
LW: 0, 15, 383, 93
RW: 0, 15, 383, 93
LW: 0, 15, 383, 93
RW: 0, 15, 383, 93
LW: 0, 15, 383, 93
RW: 0, 15, 384, 93
LW: 0, 15, 383, 93
RW: 0, 15, 384, 93
LW: 0, 15, 383, 93
RW: 0, 15, 384, 93
LW: 0, 15, 383, 93
RW: 0, 15, 384, 93
LW: 0, 15, 384, 93
RW: 0, 15, 384, 93
LW: 0, 15, 384, 93
RW: 0, 15, 384, 93
LW: 0, 15, 384, 93
RW: 0, 15, 384, 93
LW: 0, 15, 384, 93
RW: 0, 15, 384, 93
LW: 0, 15, 384, 93
RW: 0, 15, 384, 93
LW: 0, 15, 384, 93
RW: 0, 15, 384, 93
LW: 0, 15, 384, 93
RW: 0, 15, 384, 93
LW: 0, 15, 384, 93
RW: 0, 15, 384, 93
LW: 0, 15, 384, 93
RW: 0, 15, 385, 93
LW: 0, 15, 384, 93
RW: 0, 15, 385, 93
LW: 0, 15, 384, 93
RW: 0, 15, 385, 93
LW: 0, 15, 384, 93
RW: 0, 15, 385, 93
LW: 0, 15, 385, 93
RW: 0, 15, 385, 93
LW: 0, 15, 385, 93
RW: 0, 15, 385, 93
LW: 0, 15, 385, 93
RW: 0, 15, 386, 93
LW: 0, 15, 385, 93
RW: 0, 5, 386, 102
LW: 0, 15, 385, 102
RW: 0, 5, 386, 102
LW: 0, 15, 385, 102
RW: 0, 5, 386, 102
LW: 0, 15, 385, 102
RW: 0, 5, 386, 102
LW: 0, 15, 386, 102
RW: 0, 5, 386, 102
LW: 0, 15, 386, 102
RW: 0, 5, 386, 102
LW: 0, 15, 386, 102
RW: 0, 5, 386, 102
LW: 0, 15, 386, 102
RW: 0, 5, 386, 102
LW: 0, 15, 386, 102
RW: 0, 5, 386, 102
LW: 0, 15, 386, 102
RW: 0, 5, 386, 102
LW: 0, 15, 386, 102
RW: 0, 5, 386, 102
LW: 0, 15, 386, 102
RW: 0, 5, 386, 92
LW: 0, 15, 386, 92
RW: 0, 22, 386, 92
LW: 0, 15, 386, 92
RW: 0, 22, 387, 92
LW: 0, 15, 386, 92
RW: 0, 22, 387, 92
LW: 0, 15, 387, 92
RW: 0, 22, 387, 92
LW: 0, 15, 387, 92
RW: 0, 22, 387, 92
LW: 0, 15, 387, 92
RW: 0, 22, 387, 92
LW: 0, 15, 387, 92
RW: 0, 22, 387, 92
LW: 0, 15, 387, 92
RW: 0, 22, 387, 92
LW: 0, 15, 387, 92
RW: 0, 22, 388, 92
LW: 0, 15, 387, 92
RW: 0, 22, 388, 92
LW: 0, 15, 387, 92
RW: 0, 22, 388, 92
LW: 0, 15, 388, 92
RW: 0, 5, 388, 101
LW: 0, 5, 388, 101
RW: 0, 5, 388, 101
LW: 0, 5, 388, 101
RW: 0, 5, 388, 101
LW: 0, 5, 388, 101
RW: 0, 5, 388, 101
LW: 0, 5, 388, 101
RW: 0, 5, 388, 101
LW: 0, 5, 388, 101
RW: 0, 5, 388, 101
LW: 0, 5, 388, 101
RW: 0, 5, 388, 101
LW: 0, 5, 388, 101
RW: 0, 5, 388, 101
LW: 0, 5, 388, 101
RW: 0, 5, 388, 101
LW: 0, 5, 388, 101
RW: 0, 5, 388, 101
LW: 0, 5, 388, 101
RW: 0, 5, 389, 101
LW: 0, 5, 388, 101
RW: 0, 12, 389, 101
LW: 0, 22, 389, 92
RW: 0, 12, 389, 101
LW: 0, 22, 389, 92
RW: 0, 12, 389, 101
LW: 0, 22, 389, 92
RW: 0, 12, 389, 101
LW: 0, 22, 389, 92
RW: 0, 12, 389, 101
LW: 0, 22, 389, 92
RW: 0, 12, 389, 101
LW: 0, 22, 389, 92
RW: 0, 12, 390, 101
LW: 0, 22, 389, 92
RW: 0, 12, 390, 101
LW: 0, 22, 389, 92
RW: 0, 12, 390, 101
LW: 0, 22, 389, 92
RW: 0, 12, 390, 101
LW: 0, 22, 390, 92
RW: 0, 12, 390, 101
LW: 0, 22, 390, 92
RW: 0, 12, 390, 101
LW: 0, 5, 390, 101
RW: 0, 12, 390, 101
LW: 0, 5, 390, 101
RW: 0, 12, 390, 101
LW: 0, 5, 390, 101
RW: 0, 12, 390, 101
LW: 0, 5, 390, 101
RW: 0, 12, 390, 101
LW: 0, 5, 390, 101
RW: 0, 12, 390, 101
LW: 0, 5, 390, 101
RW: 0, 12, 390, 101
LW: 0, 5, 390, 101
RW: 0, 12, 390, 101
LW: 0, 5, 390, 101
RW: 0, 12, 390, 101
LW: 0, 5, 390, 101
RW: 0, 12, 391, 101
LW: 0, 5, 390, 101
RW: 0, 12, 391, 101
LW: 0, 5, 391, 101
RW: 0, 12, 391, 101
LW: 0, 12, 391, 101
RW: 0, 12, 391, 101
LW: 0, 12, 391, 101
RW: 0, 12, 391, 101
LW: 0, 12, 391, 101
RW: 0, 12, 391, 101
LW: 0, 12, 391, 101
RW: 0, 12, 391, 101
LW: 0, 12, 391, 101
RW: 0, 12, 391, 101
LW: 0, 12, 391, 101
RW: 0, 12, 392, 101
LW: 0, 12, 391, 101
RW: 0, 12, 392, 101
LW: 0, 12, 391, 101
RW: 0, 12, 392, 101
LW: 0, 12, 392, 101
RW: 0, 12, 392, 101
LW: 0, 12, 392, 101
RW: 0, 12, 392, 101
LW: 0, 12, 392, 101
RW: 0, 12, 392, 101
LW: 0, 12, 392, 101
RW: 0, 12, 392, 101
LW: 0, 12, 392, 110
RW: 0, 12, 392, 101
LW: 0, 12, 392, 110
RW: 0, 12, 392, 101
LW: 0, 12, 392, 110
RW: 0, 12, 392, 101
LW: 0, 12, 392, 110
RW: 0, 12, 392, 101
LW: 0, 12, 392, 110
RW: 0, 12, 392, 101
LW: 0, 12, 392, 110
RW: 0, 12, 392, 101
LW: 0, 12, 392, 110
RW: 0, 12, 392, 101
LW: 0, 12, 392, 110
RW: 0, 12, 393, 101
LW: 0, 12, 392, 110
RW: 0, 12, 393, 101
LW: 0, 12, 392, 110
RW: 0, 12, 393, 101
LW: 0, 12, 393, 110
RW: 0, 12, 393, 101
LW: 0, 12, 393, 101
RW: 0, 12, 393, 101
LW: 0, 12, 393, 101
RW: 0, 12, 393, 101
LW: 0, 12, 393, 101
RW: 0, 12, 393, 101
LW: 0, 12, 393, 101
RW: 0, 12, 393, 101
LW: 0, 12, 393, 101
RW: 0, 12, 394, 101
LW: 0, 12, 393, 101
RW: 0, 12, 394, 101
LW: 0, 12, 393, 101
RW: 0, 12, 394, 101
LW: 0, 12, 393, 101
RW: 0, 12, 394, 101
LW: 0, 12, 394, 101
RW: 0, 12, 394, 101
LW: 0, 12, 394, 101
RW: 0, 12, 394, 101
LW: 0, 12, 394, 101
RW: 0, 12, 394, 100
LW: 0, 12, 394, 100
RW: 0, 12, 394, 100
LW: 0, 12, 394, 100
RW: 0, 12, 394, 100
LW: 0, 12, 394, 100
RW: 0, 12, 394, 100
LW: 0, 12, 394, 100
RW: 0, 12, 394, 100
LW: 0, 12, 394, 100
RW: 0, 12, 394, 100
LW: 0, 12, 394, 100
RW: 0, 12, 394, 100
LW: 0, 12, 394, 100
RW: 0, 12, 394, 100
LW: 0, 12, 394, 100
RW: 0, 12, 394, 100
LW: 0, 12, 394, 100
RW: 0, 12, 395, 100
LW: 0, 12, 394, 100
RW: 0, 12, 395, 100
LW: 0, 12, 394, 100
RW: 0, 12, 395, 101
LW: 0, 31, 394, 91
RW: 0, 22, 395, 101
LW: 0, 31, 395, 91
RW: 0, 22, 395, 101
LW: 0, 31, 395, 91
RW: 0, 22, 395, 101
LW: 0, 31, 395, 91
RW: 0, 22, 395, 101
LW: 0, 31, 395, 91
RW: 0, 22, 395, 101
LW: 0, 31, 395, 91
RW: 0, 22, 396, 101
LW: 0, 31, 395, 91
RW: 0, 22, 396, 101
LW: 0, 31, 395, 91
RW: 0, 22, 396, 101
LW: 0, 31, 396, 91
RW: 0, 22, 396, 101
LW: 0, 31, 396, 91
RW: 0, 22, 396, 101
LW: 0, 31, 396, 91
RW: 0, 15, 396, 91
LW: 0, 8, 396, 100
RW: 0, 15, 396, 91
LW: 0, 8, 396, 100
RW: 0, 15, 396, 91
LW: 0, 8, 396, 100
RW: 0, 15, 396, 91
LW: 0, 8, 396, 100
RW: 0, 15, 396, 91
LW: 0, 8, 396, 100
RW: 0, 15, 396, 91
LW: 0, 8, 396, 100
RW: 0, 15, 396, 91
LW: 0, 8, 396, 100
RW: 0, 15, 397, 91
LW: 0, 8, 397, 100
RW: 0, 15, 397, 91
LW: 0, 8, 397, 100
RW: 0, 15, 397, 91
LW: 0, 8, 397, 100
RW: 0, 15, 397, 91
LW: 0, 8, 397, 100
RW: 0, 15, 397, 91
LW: 0, 15, 397, 100
RW: 0, 15, 397, 101
LW: 0, 15, 397, 100
RW: 0, 15, 397, 101
LW: 0, 15, 398, 100
RW: 0, 15, 398, 101
LW: 0, 15, 398, 100
RW: 0, 15, 398, 101
LW: 0, 15, 398, 100
RW: 0, 15, 398, 101
LW: 0, 15, 398, 100
RW: 0, 15, 398, 101
LW: 0, 15, 398, 100
RW: 0, 15, 398, 101
LW: 0, 15, 398, 100
RW: 0, 15, 398, 101
LW: 0, 15, 398, 100
RW: 0, 15, 398, 101
LW: 0, 15, 398, 100
RW: 0, 15, 398, 101
LW: 0, 15, 398, 100
RW: 0, 15, 398, 101
LW: 0, 15, 398, 100
RW: 0, 15, 398, 92
LW: 0, 15, 398, 91
RW: 0, 15, 398, 92
LW: 0, 15, 398, 91
RW: 0, 15, 398, 92
LW: 0, 15, 399, 91
RW: 0, 15, 399, 92
LW: 0, 15, 399, 91
RW: 0, 15, 399, 92
LW: 0, 15, 399, 91
RW: 0, 15, 399, 92
LW: 0, 15, 399, 91
RW: 0, 15, 399, 92
LW: 0, 15, 399, 91
RW: 0, 15, 399, 92
LW: 0, 15, 399, 91
RW: 0, 15, 399, 92
LW: 0, 15, 399, 91
RW: 0, 15, 399, 92
LW: 0, 15, 400, 91
RW: 0, 15, 400, 92
LW: 0, 15, 400, 91
RW: 0, 5, 400, 101
LW: 0, 5, 400, 110
RW: 0, 5, 400, 101
LW: 0, 5, 400, 110
RW: 0, 5, 400, 101
LW: 0, 5, 400, 110
RW: 0, 5, 400, 101
LW: 0, 5, 400, 110
RW: 0, 5, 400, 101
LW: 0, 5, 400, 110
RW: 0, 5, 400, 101
LW: 0, 5, 400, 110
RW: 0, 5, 400, 101
LW: 0, 5, 400, 110
RW: 0, 5, 400, 101
LW: 0, 5, 400, 110
RW: 0, 5, 400, 101
LW: 0, 5, 400, 110
RW: 0, 5, 400, 101
LW: 0, 5, 400, 110
RW: 0, 5, 400, 101
LW: 0, 5, 400, 110
RW: 0, 22, 400, 92
LW: 0, 12, 401, 92
RW: 0, 22, 401, 92
LW: 0, 12, 401, 92
RW: 0, 22, 401, 92
LW: 0, 12, 401, 92
RW: 0, 22, 401, 92
LW: 0, 12, 401, 92
RW: 0, 22, 401, 92
LW: 0, 12, 401, 92
RW: 0, 22, 401, 92
LW: 0, 12, 401, 92
RW: 0, 22, 401, 92
LW: 0, 12, 401, 92
RW: 0, 22, 401, 92
LW: 0, 12, 401, 92
RW: 0, 22, 402, 92
LW: 0, 12, 401, 92
RW: 0, 22, 402, 92
LW: 0, 12, 402, 92
RW: 0, 22, 402, 92
LW: 0, 12, 402, 92
RW: 0, 22, 402, 92
LW: 0, 12, 402, 101
RW: 0, 5, 402, 102
LW: 0, 12, 402, 101
RW: 0, 5, 402, 102
LW: 0, 12, 402, 101
RW: 0, 5, 402, 102
LW: 0, 12, 402, 101
RW: 0, 5, 402, 102
LW: 0, 12, 402, 101
RW: 0, 5, 402, 102
LW: 0, 12, 402, 101
RW: 0, 5, 402, 102
LW: 0, 12, 402, 101
RW: 0, 5, 402, 102
LW: 0, 12, 402, 101
RW: 0, 5, 402, 102
LW: 0, 12, 402, 101
RW: 0, 5, 403, 102
LW: 0, 12, 402, 101
RW: 0, 5, 403, 102
LW: 0, 12, 402, 101
RW: 0, 5, 403, 102
LW: 0, 12, 402, 101
RW: 0, 12, 403, 102
LW: 0, 22, 402, 92
RW: 0, 12, 403, 102
LW: 0, 22, 403, 92
RW: 0, 12, 403, 102
LW: 0, 22, 403, 92
RW: 0, 12, 403, 102
LW: 0, 22, 403, 92
RW: 0, 12, 404, 102
LW: 0, 22, 403, 92
RW: 0, 12, 404, 102
LW: 0, 22, 403, 92
RW: 0, 12, 404, 102
LW: 0, 22, 403, 92
RW: 0, 12, 404, 102
LW: 0, 22, 403, 92
RW: 0, 12, 404, 102
LW: 0, 22, 403, 92
RW: 0, 12, 404, 102
LW: 0, 22, 404, 92
RW: 0, 12, 404, 102
LW: 0, 22, 404, 92
RW: 0, 12, 404, 102
LW: 0, 5, 404, 102
RW: 0, 12, 404, 102
LW: 0, 5, 404, 102
RW: 0, 12, 404, 102
LW: 0, 5, 404, 102
RW: 0, 12, 404, 102
LW: 0, 5, 404, 102
RW: 0, 12, 404, 102
LW: 0, 5, 404, 102
RW: 0, 12, 404, 102
LW: 0, 5, 404, 102
RW: 0, 12, 405, 102
LW: 0, 5, 404, 102
RW: 0, 12, 405, 102
LW: 0, 5, 404, 102
RW: 0, 12, 405, 102
LW: 0, 5, 404, 102
RW: 0, 12, 405, 102
LW: 0, 5, 404, 102
RW: 0, 12, 405, 102
LW: 0, 5, 405, 102
RW: 0, 12, 405, 102
LW: 0, 12, 405, 102
RW: 0, 12, 405, 102
LW: 0, 12, 405, 102
RW: 0, 12, 406, 102
LW: 0, 12, 405, 102
RW: 0, 12, 406, 102
LW: 0, 12, 405, 102
RW: 0, 12, 406, 102
LW: 0, 12, 405, 102
RW: 0, 12, 406, 102
LW: 0, 12, 405, 102
RW: 0, 12, 406, 102
LW: 0, 12, 405, 102
RW: 0, 12, 406, 102
LW: 0, 12, 406, 102
RW: 0, 12, 406, 102
LW: 0, 12, 406, 102
RW: 0, 12, 406, 102
LW: 0, 12, 406, 102
RW: 0, 12, 406, 102
LW: 0, 12, 406, 102
RW: 0, 12, 406, 102
LW: 0, 12, 406, 111
RW: 0, 12, 406, 102
LW: 0, 12, 406, 111
RW: 0, 12, 406, 102
LW: 0, 12, 406, 111
RW: 0, 12, 406, 102
LW: 0, 12, 406, 111
RW: 0, 12, 406, 102
LW: 0, 12, 406, 111
RW: 0, 12, 407, 102
LW: 0, 12, 406, 111
RW: 0, 12, 407, 102
LW: 0, 12, 406, 111
RW: 0, 12, 407, 102
LW: 0, 12, 406, 111
RW: 0, 12, 407, 102
LW: 0, 12, 406, 111
RW: 0, 12, 407, 102
LW: 0, 12, 406, 111
RW: 0, 12, 407, 102
LW: 0, 12, 407, 111
RW: 0, 12, 407, 102
LW: 0, 12, 407, 111
RW: 0, 12, 408, 102
LW: 0, 12, 407, 102
RW: 0, 12, 408, 102
LW: 0, 12, 407, 102
RW: 0, 12, 408, 102
LW: 0, 12, 407, 102
RW: 0, 12, 408, 102
LW: 0, 12, 407, 102
RW: 0, 12, 408, 102
LW: 0, 12, 407, 102
RW: 0, 12, 408, 102
LW: 0, 12, 407, 102
RW: 0, 12, 408, 102
LW: 0, 12, 407, 102
RW: 0, 12, 408, 102
LW: 0, 12, 407, 102
RW: 0, 12, 408, 102
LW: 0, 12, 408, 102
RW: 0, 12, 408, 102
LW: 0, 12, 408, 102
RW: 0, 12, 408, 102
LW: 0, 12, 408, 102
RW: 0, 22, 408, 102
LW: 0, 22, 408, 102
RW: 0, 22, 408, 102
LW: 0, 22, 408, 102
RW: 0, 22, 408, 102
LW: 0, 22, 408, 102
RW: 0, 22, 409, 102
LW: 0, 22, 408, 102
RW: 0, 22, 409, 102
LW: 0, 22, 408, 102
RW: 0, 22, 409, 102
LW: 0, 22, 408, 102
RW: 0, 22, 409, 102
LW: 0, 22, 408, 102
RW: 0, 22, 409, 102
LW: 0, 22, 408, 102
RW: 0, 22, 409, 102
LW: 0, 22, 408, 102
RW: 0, 22, 409, 102
LW: 0, 22, 408, 102
RW: 0, 22, 410, 102
LW: 0, 22, 409, 102
RW: 0, 5, 410, 111
LW: 0, 15, 409, 102
RW: 0, 5, 410, 111
LW: 0, 15, 409, 102
RW: 0, 5, 410, 111
LW: 0, 15, 409, 102
RW: 0, 5, 410, 111
LW: 0, 15, 409, 102
RW: 0, 5, 410, 111
LW: 0, 15, 409, 102
RW: 0, 5, 410, 111
LW: 0, 15, 409, 102
RW: 0, 5, 410, 111
LW: 0, 15, 409, 102
RW: 0, 5, 410, 111
LW: 0, 15, 410, 102
RW: 0, 5, 410, 111
LW: 0, 15, 410, 102
RW: 0, 5, 410, 111
LW: 0, 15, 410, 102
RW: 0, 5, 410, 111
LW: 0, 15, 410, 102
RW: 0, 22, 410, 92
LW: 0, 15, 410, 93
RW: 0, 22, 411, 92
LW: 0, 15, 410, 93
RW: 0, 22, 411, 92
LW: 0, 15, 410, 93
RW: 0, 22, 411, 92
LW: 0, 15, 410, 93
RW: 0, 22, 411, 92
LW: 0, 15, 410, 93
RW: 0, 22, 411, 92
LW: 0, 15, 410, 93
RW: 0, 22, 411, 92
LW: 0, 15, 410, 93
RW: 0, 22, 412, 92
LW: 0, 15, 411, 93
RW: 0, 22, 412, 92
LW: 0, 15, 411, 93
RW: 0, 22, 412, 92
LW: 0, 15, 411, 93
RW: 0, 22, 412, 92
LW: 0, 15, 411, 93
RW: 0, 22, 412, 92
LW: 0, 15, 411, 93
RW: 0, 5, 412, 110
LW: 0, 15, 411, 102
RW: 0, 5, 412, 110
LW: 0, 15, 411, 102
RW: 0, 5, 412, 110
LW: 0, 15, 412, 102
RW: 0, 5, 412, 110
LW: 0, 15, 412, 102
RW: 0, 5, 412, 110
LW: 0, 15, 412, 102
RW: 0, 5, 412, 110
LW: 0, 15, 412, 102
RW: 0, 5, 412, 110
LW: 0, 15, 412, 102
RW: 0, 5, 412, 110
LW: 0, 15, 412, 102
RW: 0, 5, 413, 110
LW: 0, 15, 412, 102
RW: 0, 5, 413, 110
LW: 0, 15, 412, 102
RW: 0, 5, 413, 110
LW: 0, 15, 412, 102
RW: 0, 12, 413, 101
LW: 0, 15, 412, 92
RW: 0, 12, 413, 101
LW: 0, 15, 412, 92
RW: 0, 12, 413, 101
LW: 0, 15, 413, 92
RW: 0, 12, 413, 101
LW: 0, 15, 413, 92
RW: 0, 12, 414, 101
LW: 0, 15, 413, 92
RW: 0, 12, 414, 101
LW: 0, 15, 413, 92
RW: 0, 12, 414, 101
LW: 0, 15, 413, 92
RW: 0, 12, 414, 101
LW: 0, 15, 413, 92
RW: 0, 12, 414, 101
LW: 0, 15, 413, 92
RW: 0, 12, 414, 101
LW: 0, 15, 413, 92
RW: 0, 12, 414, 101
LW: 0, 15, 414, 92
RW: 0, 12, 414, 101
LW: 0, 5, 414, 110
RW: 0, 12, 414, 101
LW: 0, 5, 414, 110
RW: 0, 12, 414, 101
LW: 0, 5, 414, 110
RW: 0, 12, 414, 101
LW: 0, 5, 414, 110
RW: 0, 12, 414, 101
LW: 0, 5, 414, 110
RW: 0, 12, 414, 101
LW: 0, 5, 414, 110
RW: 0, 12, 414, 101
LW: 0, 5, 414, 110
RW: 0, 12, 414, 101
LW: 0, 5, 414, 110
RW: 0, 12, 415, 101
LW: 0, 5, 414, 110
RW: 0, 12, 415, 101
LW: 0, 5, 414, 110
RW: 0, 12, 415, 101
LW: 0, 5, 415, 110
RW: 0, 12, 415, 101
LW: 0, 12, 415, 101
RW: 0, 12, 415, 101
LW: 0, 12, 415, 101
RW: 0, 12, 415, 101
LW: 0, 12, 415, 101
RW: 0, 12, 415, 101
LW: 0, 12, 415, 101
RW: 0, 12, 416, 101
LW: 0, 12, 415, 101
RW: 0, 12, 416, 101
LW: 0, 12, 415, 101
RW: 0, 12, 416, 101
LW: 0, 12, 415, 101
RW: 0, 12, 416, 101
LW: 0, 12, 415, 101
RW: 0, 12, 416, 101
LW: 0, 12, 416, 101
RW: 0, 12, 416, 101
LW: 0, 12, 416, 101
RW: 0, 12, 416, 101
LW: 0, 12, 416, 101
RW: 0, 12, 416, 101
LW: 0, 12, 416, 101
RW: 0, 12, 416, 101
LW: 0, 12, 416, 101
RW: 0, 12, 416, 101
LW: 0, 12, 416, 101
RW: 0, 12, 416, 101
LW: 0, 12, 416, 101
RW: 0, 12, 416, 101
LW: 0, 12, 416, 101
RW: 0, 12, 416, 101
LW: 0, 12, 416, 101
RW: 0, 12, 416, 101
LW: 0, 12, 416, 101
RW: 0, 12, 417, 101
LW: 0, 12, 416, 101
RW: 0, 12, 417, 101
LW: 0, 12, 416, 101
RW: 0, 12, 417, 101
LW: 0, 12, 416, 101
RW: 0, 12, 417, 101
LW: 0, 12, 416, 101
RW: 0, 12, 417, 101
LW: 0, 12, 417, 101
RW: 0, 12, 417, 101
LW: 0, 12, 417, 101
RW: 0, 12, 417, 101
LW: 0, 12, 417, 101
RW: 0, 12, 418, 101
LW: 0, 12, 417, 101
RW: 0, 12, 418, 101
LW: 0, 12, 417, 101
RW: 0, 12, 418, 101
LW: 0, 12, 417, 101
RW: 0, 12, 418, 101
LW: 0, 12, 417, 101
RW: 0, 12, 418, 101
LW: 0, 12, 417, 101
RW: 0, 12, 418, 101
LW: 0, 12, 418, 101
RW: 0, 12, 418, 101
LW: 0, 12, 418, 101
RW: 0, 12, 418, 101
LW: 0, 12, 418, 101
RW: 0, 12, 418, 101
LW: 0, 12, 418, 101
RW: 0, 12, 418, 101
LW: 0, 12, 418, 101
RW: 0, 12, 418, 101
LW: 0, 12, 418, 101
RW: 0, 12, 418, 101
LW: 0, 12, 418, 101
RW: 0, 12, 418, 101
LW: 0, 12, 418, 101
RW: 0, 12, 418, 101
LW: 0, 12, 418, 101
RW: 0, 12, 419, 101
LW: 0, 12, 418, 101
RW: 0, 12, 419, 101
LW: 0, 12, 418, 101
RW: 0, 12, 419, 101
LW: 0, 12, 418, 101
RW: 0, 12, 419, 101
LW: 0, 12, 418, 101
RW: 0, 12, 419, 101
LW: 0, 12, 418, 101
RW: 0, 12, 419, 101
LW: 0, 12, 419, 101
RW: 0, 12, 419, 101
LW: 0, 12, 419, 101
RW: 0, 12, 420, 101
LW: 0, 12, 419, 101
RW: 0, 12, 420, 101
LW: 0, 12, 419, 101
RW: 0, 12, 420, 101
LW: 0, 12, 419, 101
RW: 0, 12, 420, 101
LW: 0, 12, 419, 101
RW: 0, 12, 420, 101
LW: 0, 12, 419, 101
RW: 0, 12, 420, 101
LW: 0, 12, 419, 101
RW: 0, 12, 420, 101
LW: 0, 12, 419, 101
RW: 0, 12, 420, 101
LW: 0, 12, 420, 101
RW: 0, 12, 420, 101
LW: 0, 12, 420, 101
RW: 0, 12, 420, 101
LW: 0, 12, 420, 101
RW: 0, 12, 420, 92
LW: 0, 12, 420, 101
RW: 0, 12, 420, 92
LW: 0, 12, 420, 101
RW: 0, 12, 420, 92
LW: 0, 12, 420, 101
RW: 0, 12, 420, 92
LW: 0, 12, 420, 101
RW: 0, 12, 421, 92
LW: 0, 12, 420, 101
RW: 0, 12, 421, 92
LW: 0, 12, 420, 101
RW: 0, 12, 421, 92
LW: 0, 12, 420, 101
RW: 0, 12, 421, 92
LW: 0, 12, 420, 101
RW: 0, 12, 421, 92
LW: 0, 12, 420, 101
RW: 0, 12, 421, 92
LW: 0, 12, 420, 101
RW: 0, 12, 421, 92
LW: 0, 12, 420, 101
RW: 0, 12, 422, 92
LW: 0, 31, 421, 92
RW: 0, 12, 422, 110
LW: 0, 31, 421, 92
RW: 0, 12, 422, 110
LW: 0, 31, 421, 92
RW: 0, 12, 422, 110
LW: 0, 31, 421, 92
RW: 0, 12, 422, 110
LW: 0, 31, 421, 92
RW: 0, 12, 422, 110
LW: 0, 31, 421, 92
RW: 0, 12, 422, 110
LW: 0, 31, 421, 92
RW: 0, 12, 422, 110
LW: 0, 31, 421, 92
RW: 0, 12, 422, 110
LW: 0, 31, 422, 92
RW: 0, 12, 422, 110
LW: 0, 31, 422, 92
RW: 0, 12, 422, 110
LW: 0, 31, 422, 92
RW: 0, 12, 422, 110
LW: 0, 31, 422, 101
RW: 0, 22, 422, 92
LW: 0, 8, 422, 101
RW: 0, 22, 422, 92
LW: 0, 8, 422, 101
RW: 0, 22, 423, 92
LW: 0, 8, 422, 101
RW: 0, 22, 423, 92
LW: 0, 8, 422, 101
RW: 0, 22, 423, 92
LW: 0, 8, 422, 101
RW: 0, 22, 423, 92
LW: 0, 8, 422, 101
RW: 0, 22, 423, 92
LW: 0, 8, 422, 101
RW: 0, 22, 423, 92
LW: 0, 8, 423, 101
RW: 0, 22, 423, 92
LW: 0, 8, 423, 101
RW: 0, 22, 424, 92
LW: 0, 8, 423, 101
RW: 0, 22, 424, 92
LW: 0, 8, 423, 101
RW: 0, 5, 424, 101
LW: 0, 15, 423, 101
RW: 0, 5, 424, 101
LW: 0, 15, 423, 101
RW: 0, 5, 424, 101
LW: 0, 15, 424, 101
RW: 0, 5, 424, 101
LW: 0, 15, 424, 101
RW: 0, 5, 424, 101
LW: 0, 15, 424, 101
RW: 0, 5, 424, 101
LW: 0, 15, 424, 101
RW: 0, 5, 424, 101
LW: 0, 15, 424, 101
RW: 0, 5, 424, 101
LW: 0, 15, 424, 101
RW: 0, 5, 424, 101
LW: 0, 15, 424, 101
RW: 0, 5, 424, 101
LW: 0, 15, 424, 101
RW: 0, 5, 424, 101
LW: 0, 15, 424, 101
RW: 0, 12, 425, 101
LW: 0, 15, 424, 92
RW: 0, 12, 425, 101
LW: 0, 15, 424, 92
RW: 0, 12, 425, 101
LW: 0, 15, 424, 92
RW: 0, 12, 425, 101
LW: 0, 15, 425, 92
RW: 0, 12, 425, 101
LW: 0, 15, 425, 92
RW: 0, 12, 425, 101
LW: 0, 15, 425, 92
RW: 0, 12, 425, 101
LW: 0, 15, 425, 92
RW: 0, 12, 425, 101
LW: 0, 15, 425, 92
RW: 0, 12, 426, 101
LW: 0, 15, 425, 92
RW: 0, 12, 426, 101
LW: 0, 15, 425, 92
RW: 0, 12, 426, 101
LW: 0, 15, 426, 92
RW: 0, 12, 426, 102
LW: 0, 5, 426, 101
RW: 0, 12, 426, 102
LW: 0, 5, 426, 101
RW: 0, 12, 426, 102
LW: 0, 5, 426, 101
RW: 0, 12, 426, 102
LW: 0, 5, 426, 101
RW: 0, 12, 426, 102
LW: 0, 5, 426, 101
RW: 0, 12, 426, 102
LW: 0, 5, 426, 101
RW: 0, 12, 426, 102
LW: 0, 5, 426, 101
RW: 0, 12, 426, 102
LW: 0, 5, 426, 101
RW: 0, 12, 426, 102
LW: 0, 5, 426, 101
RW: 0, 12, 426, 102
LW: 0, 5, 426, 101
RW: 0, 12, 426, 102
LW: 0, 5, 427, 101
RW: 0, 12, 426, 102
LW: 0, 5, 427, 101
RW: 0, 12, 427, 102
LW: 0, 12, 427, 101
RW: 0, 12, 427, 102
LW: 0, 12, 427, 101
RW: 0, 12, 427, 102
LW: 0, 12, 427, 101
RW: 0, 12, 427, 102
LW: 0, 12, 427, 101
RW: 0, 12, 427, 102
LW: 0, 12, 427, 101
RW: 0, 12, 427, 102
LW: 0, 12, 427, 101
RW: 0, 12, 427, 102
LW: 0, 12, 427, 101
RW: 0, 12, 428, 102
LW: 0, 12, 428, 101
RW: 0, 12, 428, 102
LW: 0, 12, 428, 101
RW: 0, 12, 428, 102
LW: 0, 12, 428, 101
RW: 0, 12, 428, 102
LW: 0, 12, 428, 101
RW: 0, 12, 428, 102
LW: 0, 12, 428, 101
RW: 0, 12, 428, 102
LW: 0, 12, 428, 101
RW: 0, 12, 428, 102
LW: 0, 12, 428, 101
RW: 0, 12, 428, 102
LW: 0, 12, 428, 101
RW: 0, 12, 428, 102
LW: 0, 12, 428, 101
RW: 0, 12, 428, 102
LW: 0, 12, 428, 101
RW: 0, 12, 428, 102
LW: 0, 12, 428, 101
RW: 0, 12, 428, 102
LW: 0, 12, 428, 101
RW: 0, 12, 428, 102
LW: 0, 12, 428, 101
RW: 0, 12, 428, 102
LW: 0, 12, 428, 101
RW: 0, 12, 428, 102
LW: 0, 12, 429, 101
RW: 0, 22, 428, 93
LW: 0, 12, 429, 101
RW: 0, 22, 429, 93
LW: 0, 12, 429, 101
RW: 0, 22, 429, 93
LW: 0, 12, 429, 101
RW: 0, 22, 429, 93
LW: 0, 12, 429, 101
RW: 0, 22, 429, 93
LW: 0, 12, 429, 101
RW: 0, 22, 429, 93
LW: 0, 12, 429, 101
RW: 0, 22, 429, 93
LW: 0, 12, 429, 101
RW: 0, 22, 429, 93
LW: 0, 12, 429, 101
RW: 0, 22, 430, 93
LW: 0, 12, 429, 101
RW: 0, 22, 430, 93
LW: 0, 12, 430, 101
RW: 0, 22, 430, 93
LW: 0, 12, 430, 101
RW: 0, 22, 430, 102
LW: 0, 12, 430, 101
RW: 0, 5, 430, 102
LW: 0, 12, 430, 101
RW: 0, 5, 430, 102
LW: 0, 12, 430, 101
RW: 0, 5, 430, 102
LW: 0, 12, 430, 101
RW: 0, 5, 430, 102
LW: 0, 12, 430, 101
RW: 0, 5, 430, 102
LW: 0, 12, 430, 101
RW: 0, 5, 430, 102
LW: 0, 12, 430, 101
RW: 0, 5, 430, 102
LW: 0, 12, 430, 101
RW: 0, 5, 430, 102
LW: 0, 12, 430, 101
RW: 0, 5, 430, 102
LW: 0, 12, 430, 101
RW: 0, 5, 430, 102
LW: 0, 12, 430, 101
RW: 0, 5, 431, 102
LW: 0, 12, 430, 101
RW: 0, 12, 431, 102
LW: 0, 22, 430, 92
RW: 0, 12, 431, 102
LW: 0, 22, 431, 92
RW: 0, 12, 431, 102
LW: 0, 22, 431, 92
RW: 0, 12, 431, 102
LW: 0, 22, 431, 92
RW: 0, 12, 431, 102
LW: 0, 22, 431, 92
RW: 0, 12, 431, 102
LW: 0, 22, 431, 92
RW: 0, 12, 432, 102
LW: 0, 22, 431, 92
RW: 0, 12, 432, 102
LW: 0, 22, 431, 92
RW: 0, 12, 432, 102
LW: 0, 22, 431, 92
RW: 0, 12, 432, 102
LW: 0, 22, 432, 92
RW: 0, 12, 432, 102
LW: 0, 22, 432, 92
RW: 0, 12, 432, 92
LW: 0, 5, 432, 111
RW: 0, 12, 432, 92
LW: 0, 5, 432, 111
RW: 0, 12, 432, 92
LW: 0, 5, 432, 111
RW: 0, 12, 432, 92
LW: 0, 5, 432, 111
RW: 0, 12, 432, 92
LW: 0, 5, 432, 111
RW: 0, 12, 432, 92
LW: 0, 5, 432, 111
RW: 0, 12, 432, 92
LW: 0, 5, 432, 111
RW: 0, 12, 432, 92
LW: 0, 5, 432, 111
RW: 0, 12, 433, 92
LW: 0, 5, 432, 111
RW: 0, 12, 433, 92
LW: 0, 12, 433, 102
RW: 0, 12, 433, 102
LW: 0, 12, 433, 102
RW: 0, 12, 433, 102
LW: 0, 12, 433, 102
RW: 0, 12, 433, 102
LW: 0, 12, 433, 102
RW: 0, 12, 433, 102
LW: 0, 12, 433, 102
RW: 0, 12, 433, 102
LW: 0, 12, 433, 102
RW: 0, 12, 434, 102
LW: 0, 12, 433, 102
RW: 0, 12, 434, 102
LW: 0, 12, 433, 102
RW: 0, 12, 434, 102
LW: 0, 12, 434, 102
RW: 0, 12, 434, 102
LW: 0, 12, 434, 102
RW: 0, 12, 434, 102
LW: 0, 12, 434, 102
RW: 0, 12, 434, 93
LW: 0, 12, 434, 102
RW: 0, 12, 434, 93
LW: 0, 12, 434, 102
RW: 0, 12, 434, 93
LW: 0, 12, 434, 102
RW: 0, 12, 434, 93
LW: 0, 12, 434, 102
RW: 0, 12, 434, 93
LW: 0, 12, 434, 102
RW: 0, 12, 434, 93
LW: 0, 12, 434, 102
RW: 0, 12, 434, 93
LW: 0, 12, 434, 102
RW: 0, 12, 434, 93
LW: 0, 12, 434, 102
RW: 0, 12, 435, 93
LW: 0, 12, 434, 102
RW: 0, 12, 435, 93
LW: 0, 12, 434, 102
RW: 0, 22, 435, 93
LW: 0, 31, 434, 93
RW: 0, 22, 435, 93
LW: 0, 31, 435, 93
RW: 0, 22, 435, 93
LW: 0, 31, 435, 93
RW: 0, 22, 435, 93
LW: 0, 31, 435, 93
RW: 0, 22, 435, 93
LW: 0, 31, 435, 93
RW: 0, 22, 436, 93
LW: 0, 31, 435, 93
RW: 0, 22, 436, 93
LW: 0, 31, 435, 93
RW: 0, 22, 436, 93
LW: 0, 31, 435, 93
RW: 0, 22, 436, 93
LW: 0, 31, 436, 93
RW: 0, 22, 436, 93
LW: 0, 31, 436, 93
RW: 0, 22, 436, 93
LW: 0, 8, 436, 93
RW: 0, 15, 436, 93
LW: 0, 8, 436, 93
RW: 0, 15, 436, 93
LW: 0, 8, 436, 93
RW: 0, 15, 436, 93
LW: 0, 8, 436, 93
RW: 0, 15, 436, 93
LW: 0, 8, 436, 93
RW: 0, 15, 436, 93
LW: 0, 8, 436, 93
RW: 0, 15, 436, 93
LW: 0, 8, 436, 93
RW: 0, 15, 437, 93
LW: 0, 8, 436, 93
RW: 0, 15, 437, 93
LW: 0, 8, 437, 93
RW: 0, 15, 437, 93
LW: 0, 8, 437, 93
RW: 0, 15, 437, 93
LW: 0, 8, 437, 93
RW: 0, 15, 437, 93
LW: 0, 15, 437, 93
RW: 0, 15, 437, 93
LW: 0, 15, 437, 93
RW: 0, 15, 438, 93
LW: 0, 15, 437, 93
RW: 0, 15, 438, 93
LW: 0, 15, 437, 93
RW: 0, 15, 438, 93
LW: 0, 15, 438, 93
RW: 0, 15, 438, 93
LW: 0, 15, 438, 93
RW: 0, 15, 438, 93
LW: 0, 15, 438, 93
RW: 0, 15, 438, 93
LW: 0, 15, 438, 93
RW: 0, 15, 438, 93
LW: 0, 15, 438, 93
RW: 0, 15, 438, 93
LW: 0, 15, 438, 93
RW: 0, 15, 438, 93
LW: 0, 15, 438, 93
RW: 0, 15, 438, 93
LW: 0, 15, 438, 93
RW: 0, 15, 438, 93
LW: 0, 15, 438, 93
RW: 0, 15, 439, 93
LW: 0, 15, 438, 93
RW: 0, 15, 439, 93
LW: 0, 15, 438, 93
RW: 0, 15, 439, 93
LW: 0, 15, 439, 93
RW: 0, 15, 439, 93
LW: 0, 15, 439, 93
RW: 0, 15, 439, 93
LW: 0, 15, 439, 93
RW: 0, 15, 439, 93
LW: 0, 15, 439, 93
RW: 0, 15, 440, 93
LW: 0, 15, 439, 93
RW: 0, 5, 440, 112
LW: 0, 15, 439, 94
RW: 0, 5, 440, 112
LW: 0, 15, 439, 94
RW: 0, 5, 440, 112
LW: 0, 15, 440, 94
RW: 0, 5, 440, 112
LW: 0, 15, 440, 94
RW: 0, 5, 440, 112
LW: 0, 15, 440, 94
RW: 0, 5, 440, 112
LW: 0, 15, 440, 94
RW: 0, 5, 440, 112
LW: 0, 15, 440, 94
RW: 0, 5, 440, 112
LW: 0, 15, 440, 94
RW: 0, 5, 440, 112
LW: 0, 15, 440, 94
RW: 0, 22, 440, 93
LW: 0, 15, 440, 93
RW: 0, 22, 441, 93
LW: 0, 15, 441, 93
RW: 0, 22, 441, 93
LW: 0, 15, 441, 93
RW: 0, 22, 441, 93
LW: 0, 15, 441, 93
RW: 0, 22, 441, 93
LW: 0, 15, 441, 93
RW: 0, 22, 441, 93
LW: 0, 15, 441, 93
RW: 0, 22, 442, 93
LW: 0, 15, 441, 93
RW: 0, 22, 442, 93
LW: 0, 15, 441, 93
RW: 0, 22, 442, 93
LW: 0, 15, 442, 93
RW: 0, 22, 442, 103
LW: 0, 5, 442, 112
RW: 0, 5, 442, 103
LW: 0, 5, 442, 112
RW: 0, 5, 442, 103
LW: 0, 5, 442, 112
RW: 0, 5, 442, 103
LW: 0, 5, 442, 112
RW: 0, 5, 442, 103
LW: 0, 5, 442, 112
RW: 0, 5, 442, 103
LW: 0, 5, 442, 112
RW: 0, 5, 442, 103
LW: 0, 5, 442, 112
RW: 0, 5, 442, 103
LW: 0, 5, 442, 112
RW: 0, 5, 442, 103
LW: 0, 5, 442, 112
RW: 0, 5, 443, 103
LW: 0, 5, 442, 112
RW: 0, 5, 443, 103
LW: 0, 5, 443, 112
RW: 0, 12, 443, 103
LW: 0, 12, 443, 102
RW: 0, 12, 443, 103
LW: 0, 12, 443, 102
RW: 0, 12, 443, 103
LW: 0, 12, 443, 102
RW: 0, 12, 443, 103
LW: 0, 12, 443, 102
RW: 0, 12, 443, 103
LW: 0, 12, 443, 102
RW: 0, 12, 444, 103
LW: 0, 12, 443, 102
RW: 0, 12, 444, 103
LW: 0, 12, 443, 102
RW: 0, 12, 444, 103
LW: 0, 12, 444, 102
RW: 0, 12, 444, 103
LW: 0, 12, 444, 102
RW: 0, 12, 444, 103
LW: 0, 12, 444, 102
RW: 0, 12, 444, 103
LW: 0, 12, 444, 103
RW: 0, 12, 444, 103
LW: 0, 12, 444, 103
RW: 0, 12, 444, 103
LW: 0, 12, 444, 103
RW: 0, 12, 444, 103
LW: 0, 12, 444, 103
RW: 0, 12, 444, 103
LW: 0, 12, 444, 103
RW: 0, 12, 444, 103
LW: 0, 12, 444, 103
RW: 0, 12, 445, 103
LW: 0, 12, 444, 103
RW: 0, 12, 445, 103
LW: 0, 22, 445, 93
RW: 0, 12, 445, 103
LW: 0, 22, 445, 93
RW: 0, 12, 445, 103
LW: 0, 22, 445, 93
RW: 0, 12, 445, 103
LW: 0, 22, 445, 93
RW: 0, 12, 446, 103
LW: 0, 22, 445, 93
RW: 0, 12, 446, 103
LW: 0, 22, 445, 93
RW: 0, 12, 446, 103
LW: 0, 22, 445, 93
RW: 0, 12, 446, 103
LW: 0, 22, 445, 93
RW: 0, 12, 446, 103
LW: 0, 22, 446, 93
RW: 0, 12, 446, 103
LW: 0, 22, 446, 93
RW: 0, 12, 446, 103
LW: 0, 22, 446, 93
RW: 0, 12, 446, 103
LW: 0, 5, 446, 112
RW: 0, 12, 446, 103
LW: 0, 5, 446, 112
RW: 0, 12, 446, 103
LW: 0, 5, 446, 112
RW: 0, 12, 446, 103
LW: 0, 5, 446, 112
RW: 0, 12, 446, 103
LW: 0, 5, 446, 112
RW: 0, 12, 446, 103
LW: 0, 5, 446, 112
RW: 0, 12, 446, 103
LW: 0, 5, 446, 112
RW: 0, 12, 447, 103
LW: 0, 5, 446, 112
RW: 0, 12, 447, 103
LW: 0, 5, 447, 112
RW: 0, 12, 447, 103
LW: 0, 5, 447, 112
RW: 0, 12, 447, 103
LW: 0, 5, 447, 112
RW: 0, 12, 447, 103
LW: 0, 12, 447, 103
RW: 0, 12, 447, 103
LW: 0, 12, 447, 103
RW: 0, 12, 447, 103
LW: 0, 12, 447, 103
RW: 0, 12, 448, 103
LW: 0, 12, 447, 103
RW: 0, 12, 448, 103
LW: 0, 12, 447, 103
RW: 0, 12, 448, 103
LW: 0, 12, 448, 103
RW: 0, 12, 448, 103
LW: 0, 12, 448, 103
RW: 0, 12, 448, 103
LW: 0, 12, 448, 103
RW: 0, 12, 448, 103
LW: 0, 12, 448, 103
RW: 0, 12, 448, 103
LW: 0, 12, 448, 103
RW: 0, 12, 448, 103
LW: 0, 12, 448, 103
RW: 0, 12, 448, 103
LW: 0, 12, 448, 103
RW: 0, 12, 448, 103
LW: 0, 12, 448, 103
RW: 0, 12, 448, 103
LW: 0, 12, 448, 103
RW: 0, 12, 448, 103
LW: 0, 12, 448, 103
RW: 0, 12, 448, 103
LW: 0, 12, 448, 103
RW: 0, 12, 448, 103
LW: 0, 12, 448, 103
RW: 0, 12, 449, 103
LW: 0, 12, 448, 103
RW: 0, 12, 449, 103
LW: 0, 12, 448, 103
RW: 0, 12, 449, 103
LW: 0, 12, 449, 103
RW: 0, 12, 449, 103
LW: 0, 12, 449, 103
RW: 0, 12, 449, 104
LW: 0, 12, 449, 103
RW: 0, 12, 449, 104
LW: 0, 12, 449, 103
RW: 0, 12, 449, 104
LW: 0, 12, 449, 103
RW: 0, 12, 450, 104
LW: 0, 12, 449, 103
RW: 0, 12, 450, 104
LW: 0, 12, 449, 103
RW: 0, 12, 450, 104
LW: 0, 12, 449, 103
RW: 0, 12, 450, 104
LW: 0, 12, 450, 103
RW: 0, 12, 450, 104
LW: 0, 12, 450, 103
RW: 0, 12, 450, 104
LW: 0, 12, 450, 103
RW: 0, 12, 450, 104
LW: 0, 12, 450, 103
RW: 0, 12, 450, 104
LW: 0, 12, 450, 103
RW: 0, 12, 450, 94
LW: 0, 12, 450, 103
RW: 0, 12, 450, 94
LW: 0, 12, 450, 103
RW: 0, 12, 450, 94
LW: 0, 12, 450, 103
RW: 0, 12, 450, 94
LW: 0, 12, 450, 103
RW: 0, 12, 450, 94
LW: 0, 12, 450, 103
RW: 0, 12, 450, 94
LW: 0, 12, 450, 103
RW: 0, 12, 451, 94
LW: 0, 12, 450, 103
RW: 0, 12, 451, 94
LW: 0, 12, 450, 103
RW: 0, 12, 451, 94
LW: 0, 12, 450, 103
RW: 0, 12, 451, 94
LW: 0, 12, 451, 103
RW: 0, 12, 451, 94
LW: 0, 22, 451, 103
RW: 0, 22, 451, 103
LW: 0, 22, 451, 103
RW: 0, 22, 451, 103
LW: 0, 22, 451, 103
RW: 0, 22, 451, 103
LW: 0, 22, 451, 103
RW: 0, 22, 452, 103
LW: 0, 22, 451, 103
RW: 0, 22, 452, 103
LW: 0, 22, 451, 103
RW: 0, 22, 452, 103
LW: 0, 22, 451, 103
RW: 0, 22, 452, 103
LW: 0, 22, 451, 103
RW: 0, 22, 452, 103
LW: 0, 22, 451, 103
RW: 0, 22, 452, 103
LW: 0, 22, 452, 103
RW: 0, 22, 452, 103
LW: 0, 22, 452, 103
RW: 0, 22, 452, 103
LW: 0, 22, 452, 103
RW: 0, 15, 452, 93
LW: 0, 15, 452, 93
RW: 0, 15, 452, 93
LW: 0, 15, 452, 93
RW: 0, 15, 452, 93
LW: 0, 15, 452, 93
RW: 0, 15, 452, 93
LW: 0, 15, 452, 93
RW: 0, 15, 452, 93
LW: 0, 15, 452, 93
RW: 0, 15, 453, 93
LW: 0, 15, 452, 93
RW: 0, 15, 453, 93
LW: 0, 15, 452, 93
RW: 0, 15, 453, 93
LW: 0, 15, 452, 93
RW: 0, 15, 453, 93
LW: 0, 15, 452, 93
RW: 0, 15, 453, 93
LW: 0, 15, 453, 93
RW: 0, 15, 453, 93
LW: 0, 15, 453, 93
RW: 0, 15, 453, 94
LW: 0, 15, 453, 94
RW: 0, 15, 454, 94
LW: 0, 15, 453, 94
RW: 0, 15, 454, 94
LW: 0, 15, 453, 94
RW: 0, 15, 454, 94
LW: 0, 15, 453, 94
RW: 0, 15, 454, 94
LW: 0, 15, 453, 94
RW: 0, 15, 454, 94
LW: 0, 15, 454, 94
RW: 0, 15, 454, 94
LW: 0, 15, 454, 94
RW: 0, 15, 454, 94
LW: 0, 15, 454, 94
RW: 0, 15, 454, 94
LW: 0, 15, 454, 94
RW: 0, 15, 454, 94
LW: 0, 15, 454, 94
RW: 0, 15, 454, 94
LW: 0, 15, 454, 94
RW: 0, 15, 454, 93
LW: 0, 15, 454, 93
RW: 0, 15, 454, 93
LW: 0, 15, 454, 93
RW: 0, 15, 455, 93
LW: 0, 15, 454, 93
RW: 0, 15, 455, 93
LW: 0, 15, 454, 93
RW: 0, 15, 455, 93
LW: 0, 15, 454, 93
RW: 0, 15, 455, 93
LW: 0, 15, 454, 93
RW: 0, 15, 455, 93
LW: 0, 15, 455, 93
RW: 0, 15, 455, 93
LW: 0, 15, 455, 93
RW: 0, 15, 456, 93
LW: 0, 15, 455, 93
RW: 0, 15, 456, 93
LW: 0, 15, 455, 93
RW: 0, 15, 456, 93
LW: 0, 15, 455, 93
RW: 0, 15, 456, 93
LW: 0, 15, 455, 102
RW: 0, 5, 456, 102
LW: 0, 15, 455, 102
RW: 0, 5, 456, 102
LW: 0, 15, 456, 102
RW: 0, 5, 456, 102
LW: 0, 15, 456, 102
RW: 0, 5, 456, 102
LW: 0, 15, 456, 102
RW: 0, 5, 456, 102
LW: 0, 15, 456, 102
RW: 0, 5, 456, 102
LW: 0, 15, 456, 102
RW: 0, 5, 456, 102
LW: 0, 15, 456, 102
RW: 0, 5, 456, 102
LW: 0, 15, 456, 102
RW: 0, 5, 456, 102
LW: 0, 15, 456, 102
RW: 0, 5, 457, 102
LW: 0, 15, 456, 102
RW: 0, 5, 457, 102
LW: 0, 15, 456, 102
RW: 0, 12, 457, 102
LW: 0, 15, 456, 93
RW: 0, 12, 457, 102
LW: 0, 15, 457, 93
RW: 0, 12, 457, 102
LW: 0, 15, 457, 93
RW: 0, 12, 457, 102
LW: 0, 15, 457, 93
RW: 0, 12, 458, 102
LW: 0, 15, 457, 93
RW: 0, 12, 458, 102
LW: 0, 15, 457, 93
RW: 0, 12, 458, 102
LW: 0, 15, 457, 93
RW: 0, 12, 458, 102
LW: 0, 15, 457, 93
RW: 0, 12, 458, 102
LW: 0, 15, 458, 93
RW: 0, 12, 458, 102
LW: 0, 15, 458, 93
RW: 0, 12, 458, 102
LW: 0, 15, 458, 93
RW: 0, 12, 458, 102
LW: 0, 5, 458, 102
RW: 0, 12, 458, 102
LW: 0, 5, 458, 102
RW: 0, 12, 458, 102
LW: 0, 5, 458, 102
RW: 0, 12, 458, 102
LW: 0, 5, 458, 102
RW: 0, 12, 458, 102
LW: 0, 5, 458, 102
RW: 0, 12, 458, 102
LW: 0, 5, 458, 102
RW: 0, 12, 458, 102
LW: 0, 5, 458, 102
RW: 0, 12, 459, 102
LW: 0, 5, 458, 102
RW: 0, 12, 459, 102
LW: 0, 5, 459, 102
RW: 0, 12, 459, 102
LW: 0, 5, 459, 102
RW: 0, 12, 459, 102
LW: 0, 12, 459, 102
RW: 0, 12, 459, 102
LW: 0, 12, 459, 102
RW: 0, 12, 459, 102
LW: 0, 12, 459, 102
RW: 0, 12, 459, 102
LW: 0, 12, 459, 102
RW: 0, 12, 459, 102
LW: 0, 12, 459, 102
RW: 0, 12, 460, 102
LW: 0, 12, 459, 102
RW: 0, 12, 460, 102
LW: 0, 12, 460, 102
RW: 0, 12, 460, 102
LW: 0, 12, 460, 102
RW: 0, 12, 460, 102
LW: 0, 12, 460, 102
RW: 0, 12, 460, 102
LW: 0, 12, 460, 102
RW: 0, 12, 460, 102
LW: 0, 12, 460, 102
RW: 0, 12, 460, 102
LW: 0, 12, 460, 102
RW: 0, 12, 460, 102
LW: 0, 12, 460, 102
RW: 0, 12, 460, 102
LW: 0, 12, 460, 102
RW: 0, 12, 460, 102
LW: 0, 12, 460, 102
RW: 0, 12, 460, 102
LW: 0, 12, 460, 102
RW: 0, 12, 460, 102
LW: 0, 12, 460, 102
RW: 0, 12, 460, 102
LW: 0, 12, 460, 102
RW: 0, 12, 460, 102
LW: 0, 12, 460, 102
RW: 0, 12, 461, 102
LW: 0, 12, 460, 102
RW: 0, 12, 461, 102
LW: 0, 12, 460, 102
RW: 0, 12, 461, 102
LW: 0, 12, 461, 102
RW: 0, 12, 461, 102
LW: 0, 12, 461, 102
RW: 0, 12, 461, 102
LW: 0, 12, 461, 102
RW: 0, 12, 461, 102
LW: 0, 12, 461, 102
RW: 0, 12, 461, 102
LW: 0, 12, 461, 102
RW: 0, 12, 462, 102
LW: 0, 12, 461, 102
RW: 0, 12, 462, 102
LW: 0, 12, 461, 102
RW: 0, 12, 462, 102
LW: 0, 12, 461, 102
RW: 0, 12, 462, 102
LW: 0, 12, 461, 102
RW: 0, 12, 462, 102
LW: 0, 12, 462, 102
RW: 0, 12, 462, 102
LW: 0, 12, 462, 102
RW: 0, 12, 462, 102
LW: 0, 12, 462, 102
RW: 0, 12, 462, 102
LW: 0, 12, 462, 102
RW: 0, 12, 462, 102
LW: 0, 12, 462, 102
RW: 0, 12, 462, 102
LW: 0, 12, 462, 102
RW: 0, 12, 462, 102
LW: 0, 12, 462, 102
RW: 0, 12, 462, 102
LW: 0, 12, 462, 102
RW: 0, 12, 462, 102
LW: 0, 12, 462, 102
RW: 0, 12, 462, 102
LW: 0, 12, 462, 102
RW: 0, 12, 463, 102
LW: 0, 12, 462, 102
RW: 0, 12, 463, 102
LW: 0, 12, 462, 102
RW: 0, 12, 463, 102
LW: 0, 12, 462, 102
RW: 0, 12, 463, 102
LW: 0, 12, 463, 102
RW: 0, 12, 463, 102
LW: 0, 12, 463, 102
RW: 0, 12, 463, 102
LW: 0, 12, 463, 102
RW: 0, 12, 463, 102
LW: 0, 12, 463, 102
RW: 0, 12, 463, 102
LW: 0, 12, 463, 102
RW: 0, 12, 464, 102
LW: 0, 12, 463, 102
RW: 0, 12, 464, 102
LW: 0, 12, 463, 102
RW: 0, 12, 464, 102
LW: 0, 12, 463, 102
RW: 0, 12, 464, 102
LW: 0, 12, 463, 102
RW: 0, 12, 464, 102
LW: 0, 12, 464, 102
RW: 0, 12, 464, 102
LW: 0, 12, 464, 102
RW: 0, 12, 464, 102
LW: 0, 12, 464, 102
RW: 0, 12, 464, 102
LW: 0, 12, 464, 102
RW: 0, 12, 464, 102
LW: 0, 12, 464, 102
RW: 0, 12, 464, 102
LW: 0, 12, 464, 102
RW: 0, 12, 464, 102
LW: 0, 12, 464, 102
RW: 0, 12, 464, 102
LW: 0, 12, 464, 102
RW: 0, 12, 464, 102
LW: 0, 12, 464, 102
RW: 0, 12, 464, 102
LW: 0, 12, 464, 102
RW: 0, 12, 464, 102
LW: 0, 12, 464, 102
RW: 0, 12, 465, 102
LW: 0, 12, 464, 102
RW: 0, 12, 465, 102
LW: 0, 12, 464, 102
RW: 0, 12, 465, 102
LW: 0, 12, 465, 102
RW: 0, 12, 465, 102
LW: 0, 12, 465, 103
RW: 0, 12, 465, 102
LW: 0, 12, 465, 103
RW: 0, 12, 465, 102
LW: 0, 12, 465, 103
RW: 0, 12, 465, 102
LW: 0, 12, 465, 103
RW: 0, 12, 466, 102
LW: 0, 12, 465, 103
RW: 0, 12, 466, 102
LW: 0, 12, 465, 103
RW: 0, 12, 466, 102
LW: 0, 12, 465, 103
RW: 0, 12, 466, 102
LW: 0, 12, 466, 103
RW: 0, 12, 466, 102
LW: 0, 12, 466, 103
RW: 0, 12, 466, 102
LW: 0, 12, 466, 103
RW: 0, 12, 466, 102
LW: 0, 12, 466, 103
RW: 0, 22, 466, 93
LW: 0, 22, 466, 103
RW: 0, 22, 466, 93
LW: 0, 22, 466, 103
RW: 0, 22, 466, 93
LW: 0, 22, 466, 103
RW: 0, 22, 466, 93
LW: 0, 22, 466, 103
RW: 0, 22, 466, 93
LW: 0, 22, 466, 103
RW: 0, 22, 466, 93
LW: 0, 22, 466, 103
RW: 0, 22, 466, 93
LW: 0, 22, 466, 103
RW: 0, 22, 466, 93
LW: 0, 22, 466, 103
RW: 0, 22, 467, 93
LW: 0, 22, 466, 103
RW: 0, 22, 467, 93
LW: 0, 22, 466, 103
RW: 0, 22, 467, 93
LW: 0, 22, 467, 103
RW: 0, 22, 467, 93
LW: 0, 15, 467, 103
RW: 0, 15, 467, 93
LW: 0, 15, 467, 103
RW: 0, 15, 467, 93
LW: 0, 15, 467, 103
RW: 0, 15, 467, 93
LW: 0, 15, 467, 103
RW: 0, 15, 468, 93
LW: 0, 15, 467, 103
RW: 0, 15, 468, 93
LW: 0, 15, 467, 103
RW: 0, 15, 468, 93
LW: 0, 15, 467, 103
RW: 0, 15, 468, 93
LW: 0, 15, 468, 103
RW: 0, 15, 468, 93
LW: 0, 15, 468, 103
RW: 0, 15, 468, 93
LW: 0, 15, 468, 103
RW: 0, 15, 468, 93
LW: 0, 15, 468, 103
RW: 0, 15, 468, 93
LW: 0, 15, 468, 93
RW: 0, 15, 468, 93
LW: 0, 15, 468, 93
RW: 0, 15, 468, 93
LW: 0, 15, 468, 93
RW: 0, 15, 468, 93
LW: 0, 15, 468, 93
RW: 0, 15, 468, 93
LW: 0, 15, 468, 93
RW: 0, 15, 468, 93
LW: 0, 15, 468, 93
RW: 0, 15, 469, 93
LW: 0, 15, 468, 93
RW: 0, 15, 469, 93
LW: 0, 15, 469, 93
RW: 0, 15, 469, 93
LW: 0, 15, 469, 93
RW: 0, 15, 469, 93
LW: 0, 15, 469, 93
RW: 0, 15, 469, 93
LW: 0, 15, 469, 93
RW: 0, 15, 469, 94
LW: 0, 15, 469, 94
RW: 0, 15, 470, 94
LW: 0, 15, 469, 94
RW: 0, 15, 470, 94
LW: 0, 15, 469, 94
RW: 0, 15, 470, 94
LW: 0, 15, 469, 94
RW: 0, 15, 470, 94
LW: 0, 15, 470, 94
RW: 0, 15, 470, 94
LW: 0, 15, 470, 94
RW: 0, 15, 470, 94
LW: 0, 15, 470, 94
RW: 0, 15, 470, 94
LW: 0, 15, 470, 94
RW: 0, 15, 470, 94
LW: 0, 15, 470, 94
RW: 0, 15, 470, 94
LW: 0, 15, 470, 94
RW: 0, 15, 470, 94
LW: 0, 15, 470, 94
RW: 0, 15, 470, 94
LW: 0, 15, 470, 94
RW: 0, 15, 470, 93
LW: 0, 15, 470, 93
RW: 0, 15, 470, 93
LW: 0, 15, 470, 93
RW: 0, 15, 471, 93
LW: 0, 15, 470, 93
RW: 0, 15, 471, 93
LW: 0, 15, 471, 93
RW: 0, 15, 471, 93
LW: 0, 15, 471, 93
RW: 0, 15, 471, 93
LW: 0, 15, 471, 93
RW: 0, 15, 471, 93
LW: 0, 15, 471, 93
RW: 0, 15, 471, 93
LW: 0, 15, 471, 93
RW: 0, 15, 472, 93
LW: 0, 15, 471, 93
RW: 0, 15, 472, 93
LW: 0, 15, 471, 93
RW: 0, 15, 472, 93
LW: 0, 15, 472, 93
RW: 0, 5, 472, 102
LW: 0, 5, 472, 102
RW: 0, 5, 472, 102
LW: 0, 5, 472, 102
RW: 0, 5, 472, 102
LW: 0, 5, 472, 102
RW: 0, 5, 472, 102
LW: 0, 5, 472, 102
RW: 0, 5, 472, 102
LW: 0, 5, 472, 102
RW: 0, 5, 472, 102
LW: 0, 5, 472, 102
RW: 0, 5, 472, 102
LW: 0, 5, 472, 102
RW: 0, 5, 472, 102
LW: 0, 5, 472, 102
RW: 0, 5, 472, 102
LW: 0, 5, 472, 102
RW: 0, 5, 472, 102
LW: 0, 5, 472, 102
RW: 0, 5, 473, 102
LW: 0, 5, 472, 102
RW: 0, 12, 473, 102
LW: 0, 22, 473, 93
RW: 0, 12, 473, 102
LW: 0, 22, 473, 93
RW: 0, 12, 473, 102
LW: 0, 22, 473, 93
RW: 0, 12, 473, 102
LW: 0, 22, 473, 93
RW: 0, 12, 473, 102
LW: 0, 22, 473, 93
RW: 0, 12, 473, 102
LW: 0, 22, 473, 93
RW: 0, 12, 473, 102
LW: 0, 22, 473, 93
RW: 0, 12, 474, 102
LW: 0, 22, 473, 93
RW: 0, 12, 474, 102
LW: 0, 22, 473, 93
RW: 0, 12, 474, 102
LW: 0, 22, 474, 93
RW: 0, 12, 474, 102
LW: 0, 22, 474, 93
RW: 0, 12, 474, 102
LW: 0, 5, 474, 102
RW: 0, 12, 474, 102
LW: 0, 5, 474, 102
RW: 0, 12, 474, 102
LW: 0, 5, 474, 102
RW: 0, 12, 474, 102
LW: 0, 5, 474, 102
RW: 0, 12, 474, 102
LW: 0, 5, 474, 102
RW: 0, 12, 474, 102
LW: 0, 5, 474, 102
RW: 0, 12, 474, 102
LW: 0, 5, 474, 102
RW: 0, 12, 474, 102
LW: 0, 5, 474, 102
RW: 0, 12, 474, 102
LW: 0, 5, 474, 102
RW: 0, 12, 475, 102
LW: 0, 5, 475, 102
RW: 0, 12, 475, 102
LW: 0, 5, 475, 102
RW: 0, 12, 475, 102
LW: 0, 5, 475, 102
RW: 0, 12, 475, 102
LW: 0, 12, 475, 102
RW: 0, 12, 475, 102
LW: 0, 12, 475, 102
RW: 0, 12, 475, 102
LW: 0, 12, 475, 102
RW: 0, 12, 475, 102
LW: 0, 12, 475, 102
RW: 0, 12, 476, 102
LW: 0, 12, 475, 102
RW: 0, 12, 476, 102
LW: 0, 12, 475, 102
RW: 0, 12, 476, 102
LW: 0, 12, 476, 102
RW: 0, 12, 476, 102
LW: 0, 12, 476, 102
RW: 0, 12, 476, 102
LW: 0, 12, 476, 102
RW: 0, 12, 476, 102
LW: 0, 12, 476, 102
RW: 0, 12, 476, 102
LW: 0, 12, 476, 102
RW: 0, 12, 476, 101
LW: 0, 12, 476, 102
RW: 0, 12, 476, 101
LW: 0, 12, 476, 102
RW: 0, 12, 476, 101
LW: 0, 12, 476, 102
RW: 0, 12, 476, 101
LW: 0, 12, 476, 102
RW: 0, 12, 476, 101
LW: 0, 12, 476, 102
RW: 0, 12, 476, 101
LW: 0, 12, 476, 102
RW: 0, 12, 476, 101
LW: 0, 12, 476, 102
RW: 0, 12, 477, 101
LW: 0, 12, 476, 102
RW: 0, 12, 477, 101
LW: 0, 12, 476, 102
RW: 0, 12, 477, 101
LW: 0, 12, 477, 102
RW: 0, 12, 477, 101
LW: 0, 12, 477, 102
RW: 0, 12, 477, 101
LW: 0, 12, 477, 101
RW: 0, 12, 477, 101
LW: 0, 12, 477, 101
RW: 0, 12, 477, 101
LW: 0, 12, 477, 101
RW: 0, 12, 478, 101
LW: 0, 12, 477, 101
RW: 0, 12, 478, 101
LW: 0, 12, 477, 101
RW: 0, 12, 478, 101
LW: 0, 12, 477, 101
RW: 0, 12, 478, 101
LW: 0, 12, 477, 101
RW: 0, 12, 478, 101
LW: 0, 12, 478, 101
RW: 0, 12, 478, 101
LW: 0, 12, 478, 101
RW: 0, 12, 478, 101
LW: 0, 12, 478, 101
RW: 0, 12, 478, 101
LW: 0, 12, 478, 101
RW: 0, 12, 478, 101
LW: 0, 12, 478, 101
RW: 0, 12, 478, 101
LW: 0, 12, 478, 101
RW: 0, 12, 478, 101
LW: 0, 12, 478, 101
RW: 0, 12, 478, 101
LW: 0, 12, 478, 101
RW: 0, 12, 478, 101
LW: 0, 12, 478, 101
RW: 0, 12, 478, 101
LW: 0, 12, 478, 101
RW: 0, 12, 479, 101
LW: 0, 12, 478, 101
RW: 0, 12, 479, 101
LW: 0, 12, 478, 101
RW: 0, 12, 479, 101
LW: 0, 12, 478, 101
RW: 0, 12, 479, 101
LW: 0, 12, 478, 101
RW: 0, 12, 479, 101
LW: 0, 12, 479, 101
RW: 0, 12, 479, 101
LW: 0, 22, 479, 101
RW: 0, 22, 479, 101
LW: 0, 22, 479, 101
RW: 0, 22, 480, 101
LW: 0, 22, 479, 101
RW: 0, 22, 480, 101
LW: 0, 22, 479, 101
RW: 0, 22, 480, 101
LW: 0, 22, 479, 101
RW: 0, 22, 480, 101
LW: 0, 22, 479, 101
RW: 0, 22, 480, 101
LW: 0, 22, 479, 101
RW: 0, 22, 480, 101
LW: 0, 22, 480, 101
RW: 0, 22, 480, 101
LW: 0, 22, 480, 101
RW: 0, 22, 480, 101
LW: 0, 22, 480, 101
RW: 0, 15, 480, 101
LW: 0, 15, 480, 101
RW: 0, 15, 480, 101
LW: 0, 15, 480, 101
RW: 0, 15, 480, 101
LW: 0, 15, 480, 101
RW: 0, 15, 481, 101
LW: 0, 15, 480, 101
RW: 0, 15, 481, 101
LW: 0, 15, 480, 101
RW: 0, 15, 481, 101
LW: 0, 15, 480, 101
RW: 0, 15, 481, 101
LW: 0, 15, 480, 101
RW: 0, 15, 481, 101
LW: 0, 15, 481, 101
RW: 0, 15, 481, 101
LW: 0, 15, 481, 101
RW: 0, 15, 481, 101
LW: 0, 15, 481, 101
RW: 0, 15, 482, 101
LW: 0, 15, 481, 101
RW: 0, 5, 482, 110
LW: 0, 15, 481, 101
RW: 0, 5, 482, 110
LW: 0, 15, 481, 101
RW: 0, 5, 482, 110
LW: 0, 15, 481, 101
RW: 0, 5, 482, 110
LW: 0, 15, 481, 101
RW: 0, 5, 482, 110
LW: 0, 15, 482, 101
RW: 0, 5, 482, 110
LW: 0, 15, 482, 101
RW: 0, 5, 482, 110
LW: 0, 15, 482, 101
RW: 0, 5, 482, 110
LW: 0, 15, 482, 101
RW: 0, 5, 482, 110
LW: 0, 15, 482, 101
RW: 0, 5, 482, 110
LW: 0, 15, 482, 101
RW: 0, 5, 482, 110
LW: 0, 15, 482, 101
RW: 0, 5, 483, 101
LW: 0, 15, 482, 92
RW: 0, 12, 483, 101
LW: 0, 15, 482, 92
RW: 0, 12, 483, 101
LW: 0, 15, 482, 92
RW: 0, 12, 483, 101
LW: 0, 15, 482, 92
RW: 0, 12, 483, 101
LW: 0, 15, 483, 92
RW: 0, 12, 483, 101
LW: 0, 15, 483, 92
RW: 0, 12, 483, 101
LW: 0, 15, 483, 92
RW: 0, 12, 483, 101
LW: 0, 15, 483, 92
RW: 0, 12, 484, 101
LW: 0, 15, 483, 92
RW: 0, 12, 484, 101
LW: 0, 15, 483, 92
RW: 0, 12, 484, 101
LW: 0, 15, 483, 92
RW: 0, 12, 484, 101
LW: 0, 15, 484, 92
RW: 0, 12, 484, 101
LW: 0, 5, 484, 110
RW: 0, 12, 484, 101
LW: 0, 5, 484, 110
RW: 0, 12, 484, 101
LW: 0, 5, 484, 110
RW: 0, 12, 484, 101
LW: 0, 5, 484, 110
RW: 0, 12, 484, 101
LW: 0, 5, 484, 110
RW: 0, 12, 484, 101
LW: 0, 5, 484, 110
RW: 0, 12, 484, 101
LW: 0, 5, 484, 110
RW: 0, 12, 484, 101
LW: 0, 5, 484, 110
RW: 0, 12, 484, 101
LW: 0, 5, 484, 110
RW: 0, 12, 484, 101
LW: 0, 5, 484, 110
RW: 0, 12, 484, 101
LW: 0, 5, 484, 110
RW: 0, 12, 485, 101
LW: 0, 22, 484, 92
RW: 0, 12, 485, 101
LW: 0, 22, 485, 92
RW: 0, 12, 485, 101
LW: 0, 22, 485, 92
RW: 0, 12, 485, 101
LW: 0, 22, 485, 92
RW: 0, 12, 485, 101
LW: 0, 22, 485, 92
RW: 0, 12, 485, 101
LW: 0, 22, 485, 92
RW: 0, 12, 485, 101
LW: 0, 22, 485, 92
RW: 0, 12, 486, 101
LW: 0, 22, 485, 92
RW: 0, 12, 486, 101
LW: 0, 22, 485, 92
RW: 0, 12, 486, 101
LW: 0, 22, 486, 92
RW: 0, 12, 486, 101
LW: 0, 22, 486, 92
RW: 0, 12, 486, 101
LW: 0, 5, 486, 101
RW: 0, 12, 486, 101
LW: 0, 5, 486, 101
RW: 0, 12, 486, 101
LW: 0, 5, 486, 101
RW: 0, 12, 486, 101
LW: 0, 5, 486, 101
RW: 0, 12, 486, 101
LW: 0, 5, 486, 101
RW: 0, 12, 486, 101
LW: 0, 5, 486, 101
RW: 0, 12, 486, 101
LW: 0, 5, 486, 101
RW: 0, 12, 486, 101
LW: 0, 5, 486, 101
RW: 0, 12, 486, 101
LW: 0, 5, 486, 101
RW: 0, 12, 486, 101
LW: 0, 5, 486, 101
RW: 0, 12, 486, 101
LW: 0, 5, 487, 101
RW: 0, 12, 486, 92
LW: 0, 12, 487, 101
RW: 0, 12, 487, 92
LW: 0, 12, 487, 101
RW: 0, 12, 487, 92
LW: 0, 12, 487, 101
RW: 0, 12, 487, 92
LW: 0, 12, 487, 101
RW: 0, 12, 487, 92
LW: 0, 12, 487, 101
RW: 0, 12, 487, 92
LW: 0, 12, 487, 101
RW: 0, 12, 487, 92
LW: 0, 12, 487, 101
RW: 0, 12, 487, 92
LW: 0, 12, 488, 101
RW: 0, 12, 488, 92
LW: 0, 12, 488, 101
RW: 0, 12, 488, 92
LW: 0, 12, 488, 101
RW: 0, 12, 488, 92
LW: 0, 12, 488, 101
RW: 0, 12, 488, 101
LW: 0, 12, 488, 101
RW: 0, 12, 488, 101
LW: 0, 12, 488, 101
RW: 0, 12, 488, 101
LW: 0, 12, 488, 101
RW: 0, 12, 488, 101
LW: 0, 12, 488, 101
RW: 0, 12, 488, 101
LW: 0, 12, 488, 101
RW: 0, 12, 488, 101
LW: 0, 12, 488, 101
RW: 0, 12, 488, 101
LW: 0, 12, 488, 101
RW: 0, 12, 488, 101
LW: 0, 12, 488, 101
RW: 0, 12, 488, 101
LW: 0, 12, 488, 101
RW: 0, 12, 488, 101
LW: 0, 12, 488, 101
RW: 0, 12, 488, 101
LW: 0, 12, 489, 101
RW: 0, 22, 488, 92
LW: 0, 12, 489, 101
RW: 0, 22, 488, 92
LW: 0, 12, 489, 101
RW: 0, 22, 489, 92
LW: 0, 12, 489, 101
RW: 0, 22, 489, 92
LW: 0, 12, 489, 101
RW: 0, 22, 489, 92
LW: 0, 12, 489, 101
RW: 0, 22, 489, 92
LW: 0, 12, 489, 101
RW: 0, 22, 489, 92
LW: 0, 12, 489, 101
RW: 0, 22, 489, 92
LW: 0, 12, 489, 101
RW: 0, 22, 489, 92
LW: 0, 12, 490, 101
RW: 0, 22, 490, 92
LW: 0, 12, 490, 101
RW: 0, 22, 490, 92
LW: 0, 12, 490, 101
RW: 0, 22, 490, 92
LW: 0, 12, 490, 101
RW: 0, 5, 490, 101
LW: 0, 12, 490, 101
RW: 0, 5, 490, 101
LW: 0, 12, 490, 101
RW: 0, 5, 490, 101
LW: 0, 12, 490, 101
RW: 0, 5, 490, 101
LW: 0, 12, 490, 101
RW: 0, 5, 490, 101
LW: 0, 12, 490, 101
RW: 0, 5, 490, 101
LW: 0, 12, 490, 101
RW: 0, 5, 490, 101
LW: 0, 12, 490, 101
RW: 0, 5, 490, 101
LW: 0, 12, 490, 101
RW: 0, 5, 490, 101
LW: 0, 12, 490, 101
RW: 0, 5, 490, 101
LW: 0, 12, 491, 101
RW: 0, 5, 491, 101
LW: 0, 12, 491, 101
RW: 0, 12, 491, 101
LW: 0, 12, 491, 101
RW: 0, 12, 491, 101
LW: 0, 12, 491, 101
RW: 0, 12, 491, 101
LW: 0, 12, 491, 101
RW: 0, 12, 491, 101
LW: 0, 12, 491, 101
RW: 0, 12, 491, 101
LW: 0, 12, 491, 101
RW: 0, 12, 491, 101
LW: 0, 12, 491, 101
RW: 0, 12, 492, 101
LW: 0, 12, 491, 101
RW: 0, 12, 492, 101
LW: 0, 12, 492, 101
RW: 0, 12, 492, 101
LW: 0, 12, 492, 101
RW: 0, 12, 492, 101
LW: 0, 12, 492, 101
RW: 0, 12, 492, 92
LW: 0, 12, 492, 101
RW: 0, 12, 492, 92
LW: 0, 12, 492, 101
RW: 0, 12, 492, 92
LW: 0, 12, 492, 101
RW: 0, 12, 492, 92
LW: 0, 12, 492, 101
RW: 0, 12, 492, 92
LW: 0, 12, 492, 101
RW: 0, 12, 492, 92
LW: 0, 12, 492, 101
RW: 0, 12, 492, 92
LW: 0, 12, 492, 101
RW: 0, 12, 492, 92
LW: 0, 12, 492, 101
RW: 0, 12, 492, 92
LW: 0, 12, 492, 101
RW: 0, 12, 493, 92
LW: 0, 12, 492, 101
RW: 0, 12, 493, 92
LW: 0, 12, 493, 101
RW: 0, 12, 493, 93
LW: 0, 12, 493, 102
RW: 0, 12, 493, 93
LW: 0, 12, 493, 102
RW: 0, 12, 493, 93
LW: 0, 12, 493, 102
RW: 0, 12, 493, 93
LW: 0, 12, 493, 102
RW: 0, 12, 493, 93
LW: 0, 12, 493, 102
RW: 0, 12, 494, 93
LW: 0, 12, 493, 102
RW: 0, 12, 494, 93
LW: 0, 12, 493, 102
RW: 0, 12, 494, 93
LW: 0, 12, 493, 102
RW: 0, 12, 494, 93
LW: 0, 12, 494, 102
RW: 0, 12, 494, 93
LW: 0, 12, 494, 102
RW: 0, 12, 494, 93
LW: 0, 12, 494, 102
RW: 0, 22, 494, 93
LW: 0, 22, 494, 93
RW: 0, 22, 494, 93
LW: 0, 22, 494, 93
RW: 0, 22, 494, 93
LW: 0, 22, 494, 93
RW: 0, 22, 494, 93
LW: 0, 22, 494, 93
RW: 0, 22, 494, 93
LW: 0, 22, 494, 93
RW: 0, 22, 494, 93
LW: 0, 22, 494, 93
RW: 0, 22, 494, 93
LW: 0, 22, 494, 93
RW: 0, 22, 494, 93
LW: 0, 22, 494, 93
RW: 0, 22, 494, 93
LW: 0, 22, 494, 93
RW: 0, 22, 495, 93
LW: 0, 22, 494, 93
RW: 0, 22, 495, 93
LW: 0, 22, 495, 93
RW: 0, 15, 495, 93
LW: 0, 15, 495, 102
RW: 0, 15, 495, 93
LW: 0, 15, 495, 102
RW: 0, 15, 495, 93
LW: 0, 15, 495, 102
RW: 0, 15, 495, 93
LW: 0, 15, 495, 102
RW: 0, 15, 496, 93
LW: 0, 15, 495, 102
RW: 0, 15, 496, 93
LW: 0, 15, 495, 102
RW: 0, 15, 496, 93
LW: 0, 15, 496, 102
RW: 0, 15, 496, 93
LW: 0, 15, 496, 102
RW: 0, 15, 496, 93
LW: 0, 15, 496, 102
RW: 0, 15, 496, 93
LW: 0, 15, 496, 102
RW: 0, 15, 496, 93
LW: 0, 15, 496, 102
RW: 0, 15, 496, 93
LW: 0, 15, 496, 93
RW: 0, 15, 496, 93
LW: 0, 15, 496, 93
RW: 0, 15, 496, 93
LW: 0, 15, 496, 93
RW: 0, 15, 496, 93
LW: 0, 15, 496, 93
RW: 0, 15, 496, 93
LW: 0, 15, 496, 93
RW: 0, 15, 496, 93
LW: 0, 15, 496, 93
RW: 0, 15, 497, 93
LW: 0, 15, 497, 93
RW: 0, 15, 497, 93
LW: 0, 15, 497, 93
RW: 0, 15, 497, 93
LW: 0, 15, 497, 93
RW: 0, 15, 497, 93
LW: 0, 15, 497, 93
RW: 0, 15, 497, 93
LW: 0, 15, 497, 93
RW: 0, 15, 497, 93
LW: 0, 15, 497, 93
RW: 0, 15, 497, 102
LW: 0, 15, 497, 93
RW: 0, 15, 498, 102
LW: 0, 15, 498, 93
RW: 0, 15, 498, 102
LW: 0, 15, 498, 93
RW: 0, 15, 498, 102
LW: 0, 15, 498, 93
RW: 0, 15, 498, 102
LW: 0, 15, 498, 93
RW: 0, 15, 498, 102
LW: 0, 15, 498, 93
RW: 0, 15, 498, 102
LW: 0, 15, 498, 93
RW: 0, 15, 498, 102
LW: 0, 15, 498, 93
RW: 0, 15, 498, 102
LW: 0, 15, 498, 93
RW: 0, 15, 498, 102
LW: 0, 15, 498, 93
RW: 0, 15, 498, 102
LW: 0, 15, 498, 93
RW: 0, 15, 498, 93
LW: 0, 15, 498, 93
RW: 0, 15, 498, 93
LW: 0, 15, 498, 93
RW: 0, 15, 498, 93
LW: 0, 15, 499, 93
RW: 0, 15, 500, 93
LW: 0, 15, 500, 93
RW: 0, 15, 500, 93
LW: 0, 5, 500, 102
RW: 0, 5, 500, 111
LW: 0, 5, 500, 102
RW: 0, 5, 500, 111
LW: 0, 5, 500, 102
RW: 0, 5, 500, 111
LW: 0, 5, 500, 102
RW: 0, 5, 500, 111
LW: 0, 5, 500, 102
RW: 0, 5, 500, 111
LW: 0, 5, 500, 102
RW: 0, 5, 500, 111
LW: 0, 5, 500, 102
RW: 0, 5, 500, 111
LW: 0, 5, 500, 102
RW: 0, 5, 500, 111
LW: 0, 5, 501, 102
RW: 0, 5, 500, 111
LW: 0, 5, 501, 102
RW: 0, 22, 500, 93
LW: 0, 12, 501, 102
RW: 0, 22, 501, 93
LW: 0, 12, 501, 102
RW: 0, 22, 501, 93
LW: 0, 12, 501, 102
RW: 0, 22, 501, 93
LW: 0, 12, 501, 102
RW: 0, 22, 501, 93
LW: 0, 12, 501, 102
RW: 0, 22, 501, 93
LW: 0, 12, 501, 102
RW: 0, 22, 501, 93
LW: 0, 12, 502, 102
RW: 0, 22, 502, 93
LW: 0, 12, 502, 102
RW: 0, 22, 502, 93
LW: 0, 12, 502, 102
RW: 0, 22, 502, 93
LW: 0, 12, 502, 102
RW: 0, 22, 502, 93
LW: 0, 12, 502, 102
RW: 0, 5, 502, 102
LW: 0, 12, 502, 102
RW: 0, 5, 502, 102
LW: 0, 12, 502, 102
RW: 0, 5, 502, 102
LW: 0, 12, 502, 102
RW: 0, 5, 502, 102
LW: 0, 12, 502, 102
RW: 0, 5, 502, 102
LW: 0, 12, 502, 102
RW: 0, 5, 502, 102
LW: 0, 12, 502, 102
RW: 0, 5, 502, 102
LW: 0, 12, 502, 102
RW: 0, 5, 502, 102
LW: 0, 12, 502, 102
RW: 0, 5, 503, 102
LW: 0, 12, 503, 102
RW: 0, 5, 503, 102
LW: 0, 12, 503, 102
RW: 0, 12, 503, 102
LW: 0, 12, 503, 102
RW: 0, 12, 503, 102
LW: 0, 12, 503, 102
RW: 0, 12, 503, 102
LW: 0, 12, 503, 102
RW: 0, 12, 503, 102
LW: 0, 12, 503, 102
RW: 0, 12, 504, 102
LW: 0, 12, 503, 102
RW: 0, 12, 504, 102
LW: 0, 12, 503, 102
RW: 0, 12, 504, 102
LW: 0, 12, 504, 102
RW: 0, 12, 504, 102
LW: 0, 12, 504, 102
RW: 0, 12, 504, 102
LW: 0, 12, 504, 102
RW: 0, 12, 504, 102
LW: 0, 12, 504, 102
RW: 0, 12, 504, 102
LW: 0, 12, 504, 102
RW: 0, 12, 504, 102
LW: 0, 12, 504, 102
RW: 0, 12, 504, 102
LW: 0, 12, 504, 102
RW: 0, 12, 504, 102
LW: 0, 12, 504, 102
RW: 0, 12, 504, 102
LW: 0, 12, 504, 102
RW: 0, 12, 504, 102
LW: 0, 12, 504, 102
RW: 0, 12, 504, 102
LW: 0, 12, 504, 102
RW: 0, 12, 505, 102
LW: 0, 12, 504, 102
RW: 0, 12, 505, 102
LW: 0, 12, 505, 102
RW: 0, 12, 505, 102
LW: 0, 12, 505, 102
RW: 0, 12, 505, 102
LW: 0, 12, 505, 102
RW: 0, 12, 505, 102
LW: 0, 12, 505, 102
RW: 0, 12, 505, 102
LW: 0, 12, 505, 102
RW: 0, 12, 505, 102
LW: 0, 12, 505, 102
RW: 0, 12, 506, 102
LW: 0, 12, 505, 102
RW: 0, 12, 506, 102
LW: 0, 12, 505, 102
RW: 0, 12, 506, 102
LW: 0, 12, 505, 102
RW: 0, 12, 506, 102
LW: 0, 12, 506, 102
RW: 0, 12, 506, 102
LW: 0, 12, 506, 102
RW: 0, 12, 506, 102
LW: 0, 12, 506, 102
RW: 0, 12, 506, 102
LW: 0, 12, 506, 102
RW: 0, 12, 506, 102
LW: 0, 12, 506, 102
RW: 0, 12, 506, 102
LW: 0, 12, 506, 102
RW: 0, 12, 506, 102
LW: 0, 12, 506, 102
RW: 0, 12, 506, 102
LW: 0, 12, 506, 102
RW: 0, 12, 506, 102
LW: 0, 12, 506, 102
RW: 0, 12, 506, 102
LW: 0, 12, 506, 102
RW: 0, 12, 507, 102
LW: 0, 12, 506, 102
RW: 0, 12, 507, 102
LW: 0, 12, 506, 102
RW: 0, 12, 507, 102
LW: 0, 12, 507, 102
RW: 0, 12, 507, 102
LW: 0, 12, 507, 102
RW: 0, 12, 507, 102
LW: 0, 12, 507, 102
RW: 0, 12, 507, 102
LW: 0, 12, 507, 102
RW: 0, 12, 507, 102
LW: 0, 12, 507, 102
RW: 0, 12, 508, 102
LW: 0, 12, 507, 102
RW: 0, 12, 508, 102
LW: 0, 12, 507, 102
RW: 0, 12, 508, 102
LW: 0, 12, 507, 102
RW: 0, 12, 508, 102
LW: 0, 12, 508, 102
RW: 0, 12, 508, 102
LW: 0, 12, 508, 102
RW: 0, 12, 508, 102
LW: 0, 12, 508, 102
RW: 0, 12, 508, 103
LW: 0, 12, 508, 103
RW: 0, 12, 508, 103
LW: 0, 12, 508, 103
RW: 0, 12, 508, 103
LW: 0, 12, 508, 103
RW: 0, 12, 508, 103
LW: 0, 12, 508, 103
RW: 0, 12, 508, 103
LW: 0, 12, 508, 103
RW: 0, 12, 508, 103
LW: 0, 12, 508, 103
RW: 0, 12, 508, 103
LW: 0, 12, 508, 103
RW: 0, 12, 509, 103
LW: 0, 12, 508, 103
RW: 0, 12, 509, 103
LW: 0, 12, 508, 103
RW: 0, 12, 509, 103
LW: 0, 12, 509, 103
RW: 0, 22, 509, 103
LW: 0, 22, 509, 103
RW: 0, 22, 509, 103
LW: 0, 22, 509, 103
RW: 0, 22, 509, 103
LW: 0, 22, 509, 103
RW: 0, 22, 509, 103
LW: 0, 22, 509, 103
RW: 0, 22, 510, 103
LW: 0, 22, 509, 103
RW: 0, 22, 510, 103
LW: 0, 22, 509, 103
RW: 0, 22, 510, 103
LW: 0, 22, 509, 103
RW: 0, 22, 510, 103
LW: 0, 22, 510, 103
RW: 0, 22, 510, 103
LW: 0, 22, 510, 103
RW: 0, 22, 510, 103
LW: 0, 22, 510, 103
RW: 0, 22, 510, 93
LW: 0, 15, 510, 93
RW: 0, 15, 510, 93
LW: 0, 15, 510, 93
RW: 0, 15, 510, 93
LW: 0, 15, 510, 93
RW: 0, 15, 510, 93
LW: 0, 15, 510, 93
RW: 0, 15, 510, 93
LW: 0, 15, 510, 93
RW: 0, 15, 510, 93
LW: 0, 15, 510, 93
RW: 0, 15, 510, 93
LW: 0, 15, 510, 93
RW: 0, 15, 511, 93
LW: 0, 15, 510, 93
RW: 0, 15, 511, 93
LW: 0, 15, 511, 93
RW: 0, 15, 511, 93
LW: 0, 15, 511, 93
RW: 0, 15, 511, 93
LW: 0, 15, 511, 93
RW: 0, 15, 511, 102
LW: 0, 15, 511, 93
RW: 0, 15, 511, 102
LW: 0, 15, 511, 93
RW: 0, 15, 512, 102
LW: 0, 15, 511, 93
RW: 0, 15, 512, 102
LW: 0, 15, 511, 93
RW: 0, 15, 512, 102
LW: 0, 15, 512, 93
RW: 0, 15, 512, 102
LW: 0, 15, 512, 93
RW: 0, 15, 512, 102
LW: 0, 15, 512, 93
RW: 0, 15, 512, 102
LW: 0, 15, 512, 93
RW: 0, 15, 512, 102
LW: 0, 15, 512, 93
RW: 0, 15, 512, 102
LW: 0, 15, 512, 93
RW: 0, 15, 512, 102
LW: 0, 15, 512, 93
RW: 0, 15, 512, 93
LW: 0, 15, 512, 93
RW: 0, 15, 512, 93
LW: 0, 15, 512, 93
RW: 0, 15, 512, 93
LW: 0, 15, 512, 93
RW: 0, 15, 512, 93
LW: 0, 15, 513, 93
RW: 0, 15, 513, 93
LW: 0, 15, 513, 93
RW: 0, 15, 513, 93
LW: 0, 15, 513, 93
RW: 0, 15, 513, 93
LW: 0, 15, 513, 93
RW: 0, 15, 513, 93
LW: 0, 15, 513, 93
RW: 0, 15, 513, 93
LW: 0, 15, 513, 93
RW: 0, 15, 513, 93
LW: 0, 15, 513, 93
RW: 0, 15, 514, 93
LW: 0, 15, 514, 93
RW: 0, 15, 514, 93
LW: 0, 15, 514, 93
RW: 0, 15, 514, 93
LW: 0, 15, 514, 93
RW: 0, 15, 514, 93
LW: 0, 15, 514, 93
RW: 0, 15, 514, 93
LW: 0, 15, 514, 93
RW: 0, 15, 514, 93
LW: 0, 15, 514, 93
RW: 0, 15, 514, 93
LW: 0, 15, 514, 93
RW: 0, 15, 514, 93
LW: 0, 15, 514, 93
RW: 0, 15, 514, 93
LW: 0, 15, 514, 93
RW: 0, 15, 514, 93
LW: 0, 15, 514, 93
RW: 0, 15, 514, 93
LW: 0, 15, 515, 93
RW: 0, 15, 514, 93
LW: 0, 15, 515, 93
RW: 0, 15, 515, 93
LW: 0, 15, 515, 93
RW: 0, 15, 515, 93
LW: 0, 15, 515, 93
RW: 0, 15, 515, 93
LW: 0, 15, 515, 93
RW: 0, 15, 515, 93
LW: 0, 15, 515, 93
RW: 0, 15, 515, 93
LW: 0, 15, 516, 93
RW: 0, 15, 515, 93
LW: 0, 15, 516, 93
RW: 0, 15, 516, 93
LW: 0, 15, 516, 93
RW: 0, 15, 516, 93
LW: 0, 15, 516, 93
RW: 0, 5, 516, 103
LW: 0, 5, 516, 103
RW: 0, 5, 516, 103
LW: 0, 5, 516, 103
RW: 0, 5, 516, 103
LW: 0, 5, 516, 103
RW: 0, 5, 516, 103
LW: 0, 5, 516, 103
RW: 0, 5, 516, 103
LW: 0, 5, 516, 103
RW: 0, 5, 516, 103
LW: 0, 5, 516, 103
RW: 0, 5, 516, 103
LW: 0, 5, 517, 103
RW: 0, 5, 516, 103
LW: 0, 5, 517, 103
RW: 0, 5, 516, 103
LW: 0, 5, 517, 103
RW: 0, 5, 516, 103
LW: 0, 5, 517, 103
RW: 0, 12, 517, 103
LW: 0, 12, 517, 103
RW: 0, 12, 517, 103
LW: 0, 12, 517, 103
RW: 0, 12, 517, 103
LW: 0, 12, 517, 103
RW: 0, 12, 517, 103
LW: 0, 12, 517, 103
RW: 0, 12, 517, 103
LW: 0, 12, 518, 103
RW: 0, 12, 517, 103
LW: 0, 12, 518, 103
RW: 0, 12, 517, 103
LW: 0, 12, 518, 103
RW: 0, 12, 518, 103
LW: 0, 12, 518, 103
RW: 0, 12, 518, 103
LW: 0, 12, 518, 103
RW: 0, 12, 518, 103
LW: 0, 12, 518, 103
RW: 0, 12, 518, 103
LW: 0, 12, 518, 103
RW: 0, 12, 518, 103
LW: 0, 12, 518, 103
RW: 0, 12, 518, 103
LW: 0, 12, 518, 103
RW: 0, 12, 518, 103
LW: 0, 12, 518, 103
RW: 0, 12, 518, 103
LW: 0, 12, 518, 103
RW: 0, 12, 518, 103
LW: 0, 12, 518, 103
RW: 0, 12, 518, 103
LW: 0, 12, 518, 103
RW: 0, 12, 518, 103
LW: 0, 12, 519, 103
RW: 0, 12, 518, 103
LW: 0, 12, 519, 103
RW: 0, 12, 518, 103
LW: 0, 12, 519, 103
RW: 0, 22, 518, 94
LW: 0, 12, 519, 103
RW: 0, 22, 519, 94
LW: 0, 12, 519, 103
RW: 0, 22, 519, 94
LW: 0, 12, 519, 103
RW: 0, 22, 519, 94
LW: 0, 12, 519, 103
RW: 0, 22, 519, 94
LW: 0, 12, 519, 103
RW: 0, 22, 519, 94
LW: 0, 12, 520, 103
RW: 0, 22, 519, 94
LW: 0, 12, 520, 103
RW: 0, 22, 520, 94
LW: 0, 12, 520, 103
RW: 0, 22, 520, 94
LW: 0, 12, 520, 103
RW: 0, 22, 520, 94
LW: 0, 12, 520, 103
RW: 0, 22, 520, 94
LW: 0, 12, 520, 103
RW: 0, 5, 520, 103
LW: 0, 12, 520, 103
RW: 0, 5, 520, 103
LW: 0, 12, 520, 103
RW: 0, 5, 520, 103
LW: 0, 12, 520, 103
RW: 0, 5, 520, 103
LW: 0, 12, 520, 103
RW: 0, 5, 520, 103
LW: 0, 12, 520, 103
RW: 0, 5, 520, 103
LW: 0, 12, 520, 103
RW: 0, 5, 520, 103
LW: 0, 12, 521, 103
RW: 0, 5, 520, 103
LW: 0, 12, 521, 103
RW: 0, 5, 520, 103
LW: 0, 12, 521, 103
RW: 0, 5, 521, 103
LW: 0, 12, 521, 103
RW: 0, 12, 521, 103
LW: 0, 12, 521, 103
RW: 0, 12, 521, 103
LW: 0, 12, 521, 103
RW: 0, 12, 521, 103
LW: 0, 12, 521, 103
RW: 0, 12, 521, 103
LW: 0, 12, 521, 103
RW: 0, 12, 521, 103
LW: 0, 12, 522, 103
RW: 0, 12, 522, 103
LW: 0, 12, 522, 103
RW: 0, 12, 522, 103
LW: 0, 12, 522, 103
RW: 0, 12, 522, 103
LW: 0, 12, 522, 103
RW: 0, 12, 522, 103
LW: 0, 12, 522, 103
RW: 0, 12, 522, 104
LW: 0, 12, 522, 104
RW: 0, 12, 522, 104
LW: 0, 12, 522, 104
RW: 0, 12, 522, 104
LW: 0, 12, 522, 104
RW: 0, 12, 522, 104
LW: 0, 12, 522, 104
RW: 0, 12, 522, 104
LW: 0, 12, 522, 104
RW: 0, 12, 522, 104
LW: 0, 12, 522, 104
RW: 0, 12, 522, 104
LW: 0, 12, 523, 104
RW: 0, 12, 522, 104
LW: 0, 12, 523, 104
RW: 0, 12, 522, 104
LW: 0, 12, 523, 104
RW: 0, 12, 523, 104
LW: 0, 12, 523, 104
RW: 0, 12, 523, 104
LW: 0, 12, 523, 104
RW: 0, 12, 523, 104
LW: 0, 12, 523, 104
RW: 0, 12, 523, 104
LW: 0, 12, 523, 104
RW: 0, 12, 523, 104
LW: 0, 12, 523, 104
RW: 0, 12, 523, 104
LW: 0, 12, 523, 104
RW: 0, 12, 523, 104
LW: 0, 12, 524, 104
RW: 0, 12, 524, 104
LW: 0, 12, 524, 104
RW: 0, 12, 524, 104
LW: 0, 12, 524, 104
RW: 0, 12, 524, 104
LW: 0, 12, 524, 104
RW: 0, 12, 524, 104
LW: 0, 12, 524, 104
RW: 0, 12, 524, 104
LW: 0, 12, 524, 104
RW: 0, 12, 524, 104
LW: 0, 12, 524, 104
RW: 0, 12, 524, 104
LW: 0, 12, 524, 104
RW: 0, 12, 524, 104
LW: 0, 12, 524, 104
RW: 0, 12, 524, 104
LW: 0, 12, 524, 104
RW: 0, 12, 524, 104
LW: 0, 12, 524, 104
RW: 0, 12, 524, 104
LW: 0, 12, 525, 104
RW: 0, 12, 524, 104
LW: 0, 12, 525, 104
RW: 0, 12, 524, 104
LW: 0, 12, 525, 104
RW: 0, 12, 524, 104
LW: 0, 12, 525, 104
RW: 0, 22, 525, 95
LW: 0, 12, 525, 104
RW: 0, 22, 525, 95
LW: 0, 12, 525, 104
RW: 0, 22, 525, 95
LW: 0, 12, 525, 104
RW: 0, 22, 525, 95
LW: 0, 12, 525, 104
RW: 0, 22, 525, 95
LW: 0, 12, 525, 104
RW: 0, 22, 525, 95
LW: 0, 12, 526, 104
RW: 0, 22, 525, 95
LW: 0, 12, 526, 104
RW: 0, 22, 526, 95
LW: 0, 12, 526, 104
RW: 0, 22, 526, 95
LW: 0, 12, 526, 104
RW: 0, 22, 526, 95
LW: 0, 12, 526, 104
RW: 0, 5, 526, 94
LW: 0, 12, 526, 94
RW: 0, 5, 526, 94
LW: 0, 12, 526, 94
RW: 0, 5, 526, 94
LW: 0, 12, 526, 94
RW: 0, 5, 526, 94
LW: 0, 12, 526, 94
RW: 0, 5, 526, 94
LW: 0, 12, 526, 94
RW: 0, 5, 526, 94
LW: 0, 12, 526, 94
RW: 0, 5, 526, 94
LW: 0, 12, 526, 94
RW: 0, 5, 526, 94
LW: 0, 12, 527, 94
RW: 0, 5, 526, 94
LW: 0, 12, 527, 94
RW: 0, 5, 526, 94
LW: 0, 12, 527, 94
RW: 0, 5, 527, 94
LW: 0, 22, 527, 94
RW: 0, 22, 527, 94
LW: 0, 22, 527, 94
RW: 0, 22, 527, 94
LW: 0, 22, 527, 94
RW: 0, 22, 527, 94
LW: 0, 22, 527, 94
RW: 0, 22, 527, 94
LW: 0, 22, 527, 94
RW: 0, 22, 527, 94
LW: 0, 22, 527, 94
RW: 0, 22, 527, 94
LW: 0, 22, 528, 94
RW: 0, 22, 528, 94
LW: 0, 22, 528, 94
RW: 0, 22, 528, 94
LW: 0, 22, 528, 94
RW: 0, 22, 528, 94
LW: 0, 22, 528, 94
RW: 0, 22, 528, 94
LW: 0, 15, 528, 94
RW: 0, 15, 528, 94
LW: 0, 15, 528, 94
RW: 0, 15, 528, 94
LW: 0, 15, 528, 94
RW: 0, 15, 528, 94
LW: 0, 15, 528, 94
RW: 0, 15, 528, 94
LW: 0, 15, 528, 94
RW: 0, 15, 528, 94
LW: 0, 15, 528, 94
RW: 0, 15, 528, 94
LW: 0, 15, 529, 94
RW: 0, 15, 528, 94
LW: 0, 15, 529, 94
RW: 0, 15, 528, 94
LW: 0, 15, 529, 94
RW: 0, 15, 529, 94
LW: 0, 15, 529, 94
RW: 0, 15, 529, 94
LW: 0, 15, 529, 94
RW: 0, 15, 529, 103
LW: 0, 15, 529, 94
RW: 0, 15, 529, 103
LW: 0, 15, 529, 94
RW: 0, 15, 529, 103
LW: 0, 15, 530, 94
RW: 0, 15, 530, 103
LW: 0, 15, 530, 94
RW: 0, 15, 530, 103
LW: 0, 15, 530, 94
RW: 0, 15, 530, 103
LW: 0, 15, 530, 94
RW: 0, 15, 530, 103
LW: 0, 15, 530, 94
RW: 0, 15, 530, 103
LW: 0, 15, 530, 94
RW: 0, 15, 530, 103
LW: 0, 15, 530, 94
RW: 0, 15, 530, 103
LW: 0, 15, 530, 94
RW: 0, 15, 530, 94
LW: 0, 15, 530, 94
RW: 0, 15, 530, 94
LW: 0, 15, 530, 94
RW: 0, 15, 530, 94
LW: 0, 15, 531, 94
RW: 0, 15, 530, 94
LW: 0, 15, 531, 94
RW: 0, 15, 530, 94
LW: 0, 15, 531, 94
RW: 0, 15, 531, 94
LW: 0, 15, 531, 94
RW: 0, 15, 531, 94
LW: 0, 15, 531, 94
RW: 0, 15, 531, 94
LW: 0, 15, 531, 94
RW: 0, 15, 531, 94
LW: 0, 15, 531, 94
RW: 0, 15, 531, 94
LW: 0, 15, 532, 94
RW: 0, 15, 531, 94
LW: 0, 5, 532, 104
RW: 0, 15, 532, 94
LW: 0, 5, 532, 104
RW: 0, 15, 532, 94
LW: 0, 5, 532, 104
RW: 0, 15, 532, 94
LW: 0, 5, 532, 104
RW: 0, 15, 532, 94
LW: 0, 5, 532, 104
RW: 0, 15, 532, 94
LW: 0, 5, 532, 104
RW: 0, 15, 532, 94
LW: 0, 5, 532, 104
RW: 0, 15, 532, 94
LW: 0, 5, 532, 104
RW: 0, 15, 532, 94
LW: 0, 5, 532, 104
RW: 0, 15, 532, 94
LW: 0, 5, 533, 104
RW: 0, 15, 532, 94
LW: 0, 12, 533, 104
RW: 0, 15, 532, 94
LW: 0, 12, 533, 104
RW: 0, 15, 532, 94
LW: 0, 12, 533, 104
RW: 0, 15, 533, 94
LW: 0, 12, 533, 104
RW: 0, 15, 533, 94
LW: 0, 12, 533, 104
RW: 0, 15, 533, 94
LW: 0, 12, 533, 104
RW: 0, 15, 533, 94
LW: 0, 12, 534, 104
RW: 0, 15, 533, 94
LW: 0, 12, 534, 104
RW: 0, 15, 533, 94
LW: 0, 12, 534, 104
RW: 0, 15, 534, 94
LW: 0, 12, 534, 104
RW: 0, 5, 534, 102
LW: 0, 12, 534, 103
RW: 0, 5, 534, 102
LW: 0, 12, 534, 103
RW: 0, 5, 534, 102
LW: 0, 12, 534, 103
RW: 0, 5, 534, 102
LW: 0, 12, 534, 103
RW: 0, 5, 534, 102
LW: 0, 12, 534, 103
RW: 0, 5, 534, 102
LW: 0, 12, 534, 103
RW: 0, 5, 534, 102
LW: 0, 12, 534, 103
RW: 0, 5, 534, 102
LW: 0, 12, 534, 103
RW: 0, 5, 534, 102
LW: 0, 12, 534, 103
RW: 0, 5, 534, 102
LW: 0, 12, 535, 103
RW: 0, 5, 534, 93
LW: 0, 12, 535, 103
RW: 0, 22, 535, 93
LW: 0, 12, 535, 103
RW: 0, 22, 535, 93
LW: 0, 12, 535, 103
RW: 0, 22, 535, 93
LW: 0, 12, 535, 103
RW: 0, 22, 535, 93
LW: 0, 12, 535, 103
RW: 0, 22, 535, 93
LW: 0, 12, 535, 103
RW: 0, 22, 535, 93
LW: 0, 12, 535, 103
RW: 0, 22, 535, 93
LW: 0, 12, 536, 103
RW: 0, 22, 536, 93
LW: 0, 12, 536, 103
RW: 0, 22, 536, 93
LW: 0, 12, 536, 103
RW: 0, 22, 536, 93
LW: 0, 12, 536, 103
RW: 0, 5, 536, 112
LW: 0, 12, 536, 103
RW: 0, 5, 536, 112
LW: 0, 12, 536, 103
RW: 0, 5, 536, 112
LW: 0, 12, 536, 103
RW: 0, 5, 536, 112
LW: 0, 12, 536, 103
RW: 0, 5, 536, 112
LW: 0, 12, 536, 103
RW: 0, 5, 536, 112
LW: 0, 12, 536, 103
RW: 0, 5, 536, 112
LW: 0, 12, 536, 103
RW: 0, 5, 536, 112
LW: 0, 12, 536, 103
RW: 0, 5, 536, 112
LW: 0, 12, 537, 103
RW: 0, 5, 537, 112
LW: 0, 12, 537, 104
RW: 0, 12, 537, 103
LW: 0, 12, 537, 104
RW: 0, 12, 537, 103
LW: 0, 12, 537, 104
RW: 0, 12, 537, 103
LW: 0, 12, 537, 104
RW: 0, 12, 537, 103
LW: 0, 12, 537, 104
RW: 0, 12, 537, 103
LW: 0, 12, 537, 104
RW: 0, 12, 538, 103
LW: 0, 12, 538, 104
RW: 0, 12, 538, 103
LW: 0, 12, 538, 104
RW: 0, 12, 538, 103
LW: 0, 12, 538, 104
RW: 0, 12, 538, 103
LW: 0, 12, 538, 104
RW: 0, 12, 538, 103
LW: 0, 12, 538, 104
RW: 0, 12, 538, 103
LW: 0, 12, 538, 104
RW: 0, 12, 538, 103
LW: 0, 12, 538, 104
RW: 0, 12, 538, 103
LW: 0, 12, 538, 104
RW: 0, 12, 538, 103
LW: 0, 12, 538, 104
RW: 0, 12, 538, 103
LW: 0, 12, 538, 104
RW: 0, 12, 538, 103
LW: 0, 12, 538, 104
RW: 0, 12, 538, 103
LW: 0, 12, 538, 104
RW: 0, 12, 538, 103
LW: 0, 12, 539, 104
RW: 0, 12, 538, 103
LW: 0, 12, 539, 104
RW: 0, 12, 539, 103
LW: 0, 12, 539, 104
RW: 0, 12, 539, 103
LW: 0, 12, 539, 104
RW: 0, 12, 539, 103
LW: 0, 12, 539, 104
RW: 0, 12, 539, 103
LW: 0, 12, 539, 104
RW: 0, 12, 539, 103
LW: 0, 12, 539, 104
RW: 0, 12, 539, 103
LW: 0, 12, 539, 104
RW: 0, 12, 540, 103
LW: 0, 12, 540, 104
RW: 0, 12, 540, 103
LW: 0, 12, 540, 104
RW: 0, 12, 540, 103
LW: 0, 12, 540, 104
RW: 0, 12, 540, 103
LW: 0, 12, 540, 104
RW: 0, 12, 540, 103
LW: 0, 12, 540, 104
RW: 0, 12, 540, 103
LW: 0, 12, 540, 104
RW: 0, 12, 540, 103
LW: 0, 12, 540, 104
RW: 0, 12, 540, 103
LW: 0, 12, 540, 104
RW: 0, 12, 540, 103
LW: 0, 12, 540, 104
RW: 0, 12, 540, 103
LW: 0, 12, 540, 104
RW: 0, 12, 540, 103
LW: 0, 12, 540, 104
RW: 0, 12, 540, 103
LW: 0, 12, 540, 104
RW: 0, 12, 540, 103
LW: 0, 12, 540, 104
RW: 0, 12, 540, 103
LW: 0, 12, 541, 104
RW: 0, 12, 541, 103
LW: 0, 12, 541, 104
RW: 0, 12, 541, 103
LW: 0, 12, 541, 103
RW: 0, 12, 541, 103
LW: 0, 12, 541, 103
RW: 0, 12, 541, 103
LW: 0, 12, 541, 103
RW: 0, 12, 541, 103
LW: 0, 12, 541, 103
RW: 0, 12, 541, 103
LW: 0, 12, 541, 103
RW: 0, 12, 541, 103
LW: 0, 12, 541, 103
RW: 0, 12, 542, 103
LW: 0, 12, 542, 103
RW: 0, 12, 542, 103
LW: 0, 12, 542, 103
RW: 0, 12, 542, 103
LW: 0, 12, 542, 103
RW: 0, 12, 542, 103
LW: 0, 12, 542, 103
RW: 0, 12, 542, 103
LW: 0, 12, 542, 103
RW: 0, 12, 542, 103
LW: 0, 12, 542, 94
RW: 0, 12, 542, 103
LW: 0, 12, 542, 94
RW: 0, 12, 542, 103
LW: 0, 12, 542, 94
RW: 0, 12, 542, 103
LW: 0, 12, 542, 94
RW: 0, 12, 542, 103
LW: 0, 12, 542, 94
RW: 0, 12, 542, 103
LW: 0, 12, 542, 94
RW: 0, 12, 542, 103
LW: 0, 12, 542, 94
RW: 0, 12, 542, 103
LW: 0, 12, 542, 94
RW: 0, 12, 542, 103
LW: 0, 12, 543, 94
RW: 0, 12, 542, 103
LW: 0, 12, 543, 94
RW: 0, 12, 543, 103
LW: 0, 12, 543, 94
RW: 0, 22, 543, 102
LW: 0, 22, 543, 93
RW: 0, 22, 543, 102
LW: 0, 22, 543, 93
RW: 0, 22, 543, 102
LW: 0, 22, 543, 93
RW: 0, 22, 543, 102
LW: 0, 22, 543, 93
RW: 0, 22, 543, 102
LW: 0, 22, 543, 93
RW: 0, 22, 543, 102
LW: 0, 22, 543, 93
RW: 0, 22, 544, 102
LW: 0, 22, 544, 93
RW: 0, 22, 544, 102
LW: 0, 22, 544, 93
RW: 0, 22, 544, 102
LW: 0, 22, 544, 93
RW: 0, 22, 544, 102
LW: 0, 22, 544, 93
RW: 0, 15, 544, 93
LW: 0, 15, 544, 94
RW: 0, 15, 544, 93
LW: 0, 15, 544, 94
RW: 0, 15, 544, 93
LW: 0, 15, 544, 94
RW: 0, 15, 544, 93
LW: 0, 15, 544, 94
RW: 0, 15, 544, 93
LW: 0, 15, 544, 94
RW: 0, 15, 544, 93
LW: 0, 15, 544, 94
RW: 0, 15, 544, 93
LW: 0, 15, 544, 94
RW: 0, 15, 544, 93
LW: 0, 15, 545, 94
RW: 0, 15, 544, 93
LW: 0, 15, 545, 94
RW: 0, 15, 545, 93
LW: 0, 15, 545, 94
RW: 0, 15, 545, 93
LW: 0, 15, 545, 94
RW: 0, 15, 545, 93
LW: 0, 15, 545, 94
RW: 0, 15, 545, 102
LW: 0, 15, 545, 93
RW: 0, 15, 545, 102
LW: 0, 15, 545, 93
RW: 0, 15, 545, 102
LW: 0, 15, 546, 93
RW: 0, 15, 546, 102
LW: 0, 15, 546, 93
RW: 0, 15, 546, 102
LW: 0, 15, 546, 93
RW: 0, 15, 546, 102
LW: 0, 15, 546, 93
RW: 0, 15, 546, 102
LW: 0, 15, 546, 93
RW: 0, 15, 546, 102
LW: 0, 15, 546, 93
RW: 0, 15, 546, 102
LW: 0, 15, 546, 93
RW: 0, 15, 546, 102
LW: 0, 15, 546, 93
RW: 0, 15, 546, 102
LW: 0, 15, 546, 93
RW: 0, 15, 546, 93
LW: 0, 15, 546, 93
RW: 0, 15, 546, 93
LW: 0, 15, 546, 93
RW: 0, 15, 546, 93
LW: 0, 15, 547, 93
RW: 0, 15, 546, 93
LW: 0, 15, 547, 93
RW: 0, 15, 546, 93
LW: 0, 15, 547, 93
RW: 0, 15, 547, 93
LW: 0, 15, 547, 93
RW: 0, 15, 547, 93
LW: 0, 15, 547, 93
RW: 0, 15, 547, 93
LW: 0, 15, 547, 93
RW: 0, 15, 547, 93
LW: 0, 15, 547, 93
RW: 0, 15, 547, 93
LW: 0, 15, 547, 93
RW: 0, 15, 547, 93
LW: 0, 15, 548, 93
RW: 0, 5, 548, 102
LW: 0, 5, 548, 102
RW: 0, 5, 548, 102
LW: 0, 5, 548, 102
RW: 0, 5, 548, 102
LW: 0, 5, 548, 102
RW: 0, 5, 548, 102
LW: 0, 5, 548, 102
RW: 0, 5, 548, 102
LW: 0, 5, 548, 102
RW: 0, 5, 548, 102
LW: 0, 5, 548, 102
RW: 0, 5, 548, 102
LW: 0, 5, 548, 102
RW: 0, 5, 548, 102
LW: 0, 5, 548, 102
RW: 0, 5, 548, 102
LW: 0, 5, 548, 102
RW: 0, 5, 548, 102
LW: 0, 5, 548, 102
RW: 0, 5, 548, 102
LW: 0, 5, 549, 102
RW: 0, 5, 548, 92
LW: 0, 12, 549, 101
RW: 0, 22, 548, 92
LW: 0, 12, 549, 101
RW: 0, 22, 549, 92
LW: 0, 12, 549, 101
RW: 0, 22, 549, 92
LW: 0, 12, 549, 101
RW: 0, 22, 549, 92
LW: 0, 12, 549, 101
RW: 0, 22, 549, 92
LW: 0, 12, 549, 101
RW: 0, 22, 549, 92
LW: 0, 12, 549, 101
RW: 0, 22, 549, 92
LW: 0, 12, 549, 101
RW: 0, 22, 549, 92
LW: 0, 12, 550, 101
RW: 0, 22, 550, 92
LW: 0, 12, 550, 101
RW: 0, 22, 550, 92
LW: 0, 12, 550, 101
RW: 0, 22, 550, 92
LW: 0, 12, 550, 101
RW: 0, 5, 550, 101
LW: 0, 12, 550, 101
RW: 0, 5, 550, 101
LW: 0, 12, 550, 101
RW: 0, 5, 550, 101
LW: 0, 12, 550, 101
RW: 0, 5, 550, 101
LW: 0, 12, 550, 101
RW: 0, 5, 550, 101
LW: 0, 12, 550, 101
RW: 0, 5, 550, 101
LW: 0, 12, 550, 101
RW: 0, 5, 550, 101
LW: 0, 12, 550, 101
RW: 0, 5, 550, 101
LW: 0, 12, 550, 101
RW: 0, 5, 550, 101
LW: 0, 12, 550, 101
RW: 0, 5, 550, 101
LW: 0, 12, 550, 101
RW: 0, 5, 551, 101
LW: 0, 12, 551, 101
RW: 0, 12, 551, 101
LW: 0, 12, 551, 101
RW: 0, 12, 551, 101
LW: 0, 12, 551, 101
RW: 0, 12, 551, 101
LW: 0, 12, 551, 101
RW: 0, 12, 551, 101
LW: 0, 12, 551, 101
RW: 0, 12, 551, 101
LW: 0, 12, 551, 101
RW: 0, 12, 551, 101
LW: 0, 12, 551, 101
RW: 0, 12, 552, 101
LW: 0, 12, 551, 101
RW: 0, 12, 552, 101
LW: 0, 12, 551, 101
RW: 0, 12, 552, 101
LW: 0, 12, 552, 101
RW: 0, 12, 552, 101
LW: 0, 12, 552, 101
RW: 0, 12, 552, 101
LW: 0, 12, 552, 101
RW: 0, 12, 552, 101
LW: 0, 12, 552, 101
RW: 0, 12, 552, 101
LW: 0, 12, 552, 101
RW: 0, 12, 552, 101
LW: 0, 12, 552, 101
RW: 0, 12, 552, 101
LW: 0, 12, 552, 101
RW: 0, 12, 552, 101
LW: 0, 12, 552, 101
RW: 0, 12, 552, 101
LW: 0, 12, 552, 101
RW: 0, 12, 552, 101
LW: 0, 12, 552, 101
RW: 0, 12, 552, 101
LW: 0, 12, 552, 101
RW: 0, 12, 553, 101
LW: 0, 12, 552, 101
RW: 0, 12, 553, 101
LW: 0, 12, 552, 101
RW: 0, 12, 553, 101
LW: 0, 12, 553, 101
RW: 0, 12, 553, 101
LW: 0, 12, 553, 101
RW: 0, 12, 553, 101
LW: 0, 12, 553, 101
RW: 0, 12, 553, 101
LW: 0, 12, 553, 101
RW: 0, 12, 553, 101
LW: 0, 12, 553, 101
RW: 0, 12, 553, 101
LW: 0, 12, 553, 101
RW: 0, 12, 554, 101
LW: 0, 12, 553, 101
RW: 0, 12, 554, 101
LW: 0, 12, 553, 101
RW: 0, 12, 554, 101
LW: 0, 12, 553, 101
RW: 0, 12, 554, 101
LW: 0, 12, 554, 101
RW: 0, 12, 554, 101
LW: 0, 12, 554, 101
RW: 0, 12, 554, 101
LW: 0, 12, 554, 101
RW: 0, 12, 554, 101
LW: 0, 12, 554, 101
RW: 0, 12, 554, 101
LW: 0, 12, 554, 101
RW: 0, 12, 554, 101
LW: 0, 12, 554, 101
RW: 0, 12, 554, 101
LW: 0, 12, 554, 101
RW: 0, 12, 554, 101
LW: 0, 12, 554, 101
RW: 0, 12, 554, 101
LW: 0, 12, 554, 101
RW: 0, 12, 554, 101
LW: 0, 12, 554, 101
RW: 0, 12, 554, 101
LW: 0, 12, 554, 101
RW: 0, 12, 555, 101
LW: 0, 12, 554, 101
RW: 0, 12, 555, 101
LW: 0, 12, 554, 101
RW: 0, 12, 555, 101
LW: 0, 12, 555, 101
RW: 0, 12, 555, 101
LW: 0, 12, 555, 101
RW: 0, 12, 555, 101
LW: 0, 12, 555, 101
RW: 0, 12, 555, 101
LW: 0, 12, 555, 101
RW: 0, 12, 555, 101
LW: 0, 12, 555, 101
RW: 0, 12, 556, 101
LW: 0, 12, 555, 101
RW: 0, 12, 556, 101
LW: 0, 12, 555, 101
RW: 0, 12, 556, 101
LW: 0, 12, 555, 101
RW: 0, 12, 556, 101
LW: 0, 12, 556, 101
RW: 0, 12, 556, 101
LW: 0, 12, 556, 101
RW: 0, 12, 556, 101
LW: 0, 12, 556, 101
RW: 0, 12, 556, 101
LW: 0, 12, 556, 101
RW: 0, 12, 556, 101
LW: 0, 12, 556, 101
RW: 0, 12, 556, 101
LW: 0, 12, 556, 101
RW: 0, 12, 556, 101
LW: 0, 12, 556, 101
RW: 0, 12, 556, 101
LW: 0, 12, 556, 101
RW: 0, 12, 556, 101
LW: 0, 12, 556, 101
RW: 0, 12, 556, 101
LW: 0, 12, 556, 101
RW: 0, 12, 556, 101
LW: 0, 12, 556, 101
RW: 0, 12, 556, 101
LW: 0, 12, 556, 101
RW: 0, 12, 557, 101
LW: 0, 12, 556, 101
RW: 0, 12, 557, 101
LW: 0, 12, 556, 101
RW: 0, 12, 557, 101
LW: 0, 12, 557, 101
RW: 0, 12, 557, 101
LW: 0, 12, 557, 101
RW: 0, 12, 557, 101
LW: 0, 22, 557, 101
RW: 0, 22, 557, 101
LW: 0, 22, 557, 101
RW: 0, 22, 557, 101
LW: 0, 22, 557, 101
RW: 0, 22, 557, 101
LW: 0, 22, 557, 101
RW: 0, 22, 558, 101
LW: 0, 22, 557, 101
RW: 0, 22, 558, 101
LW: 0, 22, 557, 101
RW: 0, 22, 558, 101
LW: 0, 22, 557, 101
RW: 0, 22, 558, 101
LW: 0, 22, 558, 101
RW: 0, 22, 558, 101
LW: 0, 22, 558, 101
RW: 0, 22, 558, 101
LW: 0, 22, 558, 101
RW: 0, 22, 558, 101
LW: 0, 22, 558, 101
RW: 0, 15, 558, 92
LW: 0, 15, 558, 92
RW: 0, 15, 558, 92
LW: 0, 15, 558, 92
RW: 0, 15, 558, 92
LW: 0, 15, 558, 92
RW: 0, 15, 558, 92
LW: 0, 15, 558, 92
RW: 0, 15, 558, 92
LW: 0, 15, 558, 92
RW: 0, 15, 558, 92
LW: 0, 15, 558, 92
RW: 0, 15, 559, 92
LW: 0, 15, 558, 92
RW: 0, 15, 559, 92
LW: 0, 15, 559, 92
RW: 0, 15, 559, 92
LW: 0, 15, 559, 92
RW: 0, 15, 559, 92
LW: 0, 15, 559, 92
RW: 0, 15, 559, 92
LW: 0, 15, 559, 92
RW: 0, 15, 559, 101
LW: 0, 15, 559, 92
RW: 0, 15, 560, 101
LW: 0, 15, 559, 92
RW: 0, 15, 560, 101
LW: 0, 15, 560, 92
RW: 0, 15, 560, 101
LW: 0, 15, 560, 92
RW: 0, 15, 560, 101
LW: 0, 15, 560, 92
RW: 0, 15, 560, 101
LW: 0, 15, 560, 92
RW: 0, 15, 560, 101
LW: 0, 15, 560, 92
RW: 0, 15, 560, 101
LW: 0, 15, 560, 92
RW: 0, 15, 560, 101
LW: 0, 15, 560, 92
RW: 0, 15, 560, 101
LW: 0, 15, 560, 92
RW: 0, 15, 560, 92
LW: 0, 15, 560, 92
RW: 0, 15, 560, 92
LW: 0, 15, 560, 92
RW: 0, 15, 560, 92
LW: 0, 15, 561, 92
RW: 0, 15, 561, 92
LW: 0, 15, 561, 92
RW: 0, 15, 561, 92
LW: 0, 15, 561, 92
RW: 0, 15, 561, 92
LW: 0, 15, 561, 92
RW: 0, 15, 561, 92
LW: 0, 15, 561, 92
RW: 0, 15, 561, 92
LW: 0, 15, 561, 92
RW: 0, 15, 561, 92
LW: 0, 15, 562, 92
RW: 0, 15, 562, 92
LW: 0, 15, 562, 92
RW: 0, 15, 562, 101
LW: 0, 5, 562, 101
RW: 0, 5, 562, 101
LW: 0, 5, 562, 101
RW: 0, 5, 562, 101
LW: 0, 5, 562, 101
RW: 0, 5, 562, 101
LW: 0, 5, 562, 101
RW: 0, 5, 562, 101
LW: 0, 5, 562, 101
RW: 0, 5, 562, 101
LW: 0, 5, 562, 101
RW: 0, 5, 562, 101
LW: 0, 5, 562, 101
RW: 0, 5, 562, 101
LW: 0, 5, 562, 101
RW: 0, 5, 562, 101
LW: 0, 5, 562, 101
RW: 0, 5, 562, 101
LW: 0, 5, 563, 101
RW: 0, 5, 562, 101
LW: 0, 12, 563, 102
RW: 0, 22, 563, 92
LW: 0, 12, 563, 102
RW: 0, 22, 563, 92
LW: 0, 12, 563, 102
RW: 0, 22, 563, 92
LW: 0, 12, 563, 102
RW: 0, 22, 563, 92
LW: 0, 12, 563, 102
RW: 0, 22, 563, 92
LW: 0, 12, 563, 102
RW: 0, 22, 563, 92
LW: 0, 12, 563, 102
RW: 0, 22, 563, 92
LW: 0, 12, 564, 102
RW: 0, 22, 564, 92
LW: 0, 12, 564, 102
RW: 0, 22, 564, 92
LW: 0, 12, 564, 102
RW: 0, 22, 564, 102
LW: 0, 12, 564, 102
RW: 0, 5, 564, 102
LW: 0, 12, 564, 102
RW: 0, 5, 564, 102
LW: 0, 12, 564, 102
RW: 0, 5, 564, 102
LW: 0, 12, 564, 102
RW: 0, 5, 564, 102
LW: 0, 12, 564, 102
RW: 0, 5, 564, 102
LW: 0, 12, 564, 102
RW: 0, 5, 564, 102
LW: 0, 12, 564, 102
RW: 0, 5, 564, 102
LW: 0, 12, 564, 102
RW: 0, 5, 564, 102
LW: 0, 12, 564, 102
RW: 0, 5, 565, 102
LW: 0, 12, 565, 102
RW: 0, 12, 565, 102
LW: 0, 12, 565, 102
RW: 0, 12, 565, 102
LW: 0, 12, 565, 102
RW: 0, 12, 565, 102
LW: 0, 12, 565, 102
RW: 0, 12, 565, 102
LW: 0, 12, 565, 102
RW: 0, 12, 565, 102
LW: 0, 12, 565, 102
RW: 0, 12, 566, 102
LW: 0, 12, 565, 102
RW: 0, 12, 566, 102
LW: 0, 12, 565, 102
RW: 0, 12, 566, 102
LW: 0, 12, 566, 102
RW: 0, 12, 566, 102
LW: 0, 12, 566, 102
RW: 0, 12, 566, 102
LW: 0, 12, 566, 102
RW: 0, 12, 566, 102
LW: 0, 12, 566, 102
RW: 0, 12, 566, 102
LW: 0, 12, 566, 102
RW: 0, 12, 566, 102
LW: 0, 12, 566, 102
RW: 0, 12, 566, 102
LW: 0, 12, 566, 102
RW: 0, 12, 566, 102
LW: 0, 12, 566, 102
RW: 0, 12, 566, 102
LW: 0, 12, 566, 102
RW: 0, 12, 566, 102
LW: 0, 12, 566, 102
RW: 0, 12, 566, 102
LW: 0, 12, 566, 102
RW: 0, 12, 567, 102
LW: 0, 12, 566, 102
RW: 0, 12, 567, 102
LW: 0, 12, 567, 102
RW: 0, 12, 567, 102
LW: 0, 12, 567, 102
RW: 0, 12, 567, 103
LW: 0, 12, 567, 102
RW: 0, 12, 567, 103
LW: 0, 12, 567, 102
RW: 0, 12, 567, 103
LW: 0, 12, 567, 102
RW: 0, 12, 567, 103
LW: 0, 12, 567, 102
RW: 0, 12, 568, 103
LW: 0, 12, 567, 102
RW: 0, 12, 568, 103
LW: 0, 12, 567, 102
RW: 0, 12, 568, 103
LW: 0, 12, 567, 102
RW: 0, 12, 568, 103
LW: 0, 12, 568, 102
RW: 0, 12, 568, 103
LW: 0, 12, 568, 102
RW: 0, 12, 568, 103
LW: 0, 12, 568, 102
RW: 0, 12, 568, 103
LW: 0, 12, 568, 102
RW: 0, 12, 568, 103
LW: 0, 12, 568, 102
RW: 0, 12, 568, 103
LW: 0, 12, 568, 102
RW: 0, 12, 568, 103
LW: 0, 12, 568, 102
RW: 0, 12, 568, 103
LW: 0, 12, 568, 102
RW: 0, 12, 568, 103
LW: 0, 12, 568, 102
RW: 0, 12, 568, 103
LW: 0, 12, 568, 102
RW: 0, 12, 568, 103
LW: 0, 12, 568, 102
RW: 0, 12, 568, 103
LW: 0, 12, 568, 102
RW: 0, 12, 569, 103
LW: 0, 12, 568, 102
RW: 0, 12, 569, 103
LW: 0, 12, 569, 102
RW: 0, 12, 569, 103
LW: 0, 12, 569, 102
RW: 0, 12, 569, 103
LW: 0, 12, 569, 103
RW: 0, 12, 569, 103
LW: 0, 12, 569, 103
RW: 0, 12, 569, 103
LW: 0, 12, 569, 103
RW: 0, 12, 569, 103
LW: 0, 12, 569, 103
RW: 0, 12, 570, 103
LW: 0, 12, 569, 103
RW: 0, 12, 570, 103
LW: 0, 12, 569, 103
RW: 0, 12, 570, 103
LW: 0, 12, 570, 103
RW: 0, 12, 570, 103
LW: 0, 12, 570, 103
RW: 0, 12, 570, 103
LW: 0, 12, 570, 103
RW: 0, 12, 570, 103
LW: 0, 12, 570, 103
RW: 0, 12, 570, 103
LW: 0, 12, 570, 103
RW: 0, 12, 570, 102
LW: 0, 12, 570, 102
RW: 0, 12, 570, 102
LW: 0, 12, 570, 102
RW: 0, 12, 570, 102
LW: 0, 12, 570, 102
RW: 0, 12, 570, 102
LW: 0, 12, 570, 102
RW: 0, 12, 570, 102
LW: 0, 12, 570, 102
RW: 0, 12, 570, 102
LW: 0, 12, 570, 102
RW: 0, 12, 570, 102
LW: 0, 12, 570, 102
RW: 0, 12, 571, 102
LW: 0, 12, 570, 102
RW: 0, 12, 571, 102
LW: 0, 12, 571, 102
RW: 0, 12, 571, 102
LW: 0, 12, 571, 102
RW: 0, 12, 571, 102
LW: 0, 12, 571, 102
RW: 0, 12, 571, 102
LW: 0, 12, 571, 102
RW: 0, 12, 571, 102
LW: 0, 12, 571, 102
RW: 0, 12, 571, 102
LW: 0, 12, 571, 102
RW: 0, 12, 571, 102
LW: 0, 12, 571, 102
RW: 0, 12, 572, 102
LW: 0, 12, 571, 102
RW: 0, 12, 572, 102
LW: 0, 12, 572, 102
RW: 0, 12, 572, 102
LW: 0, 12, 572, 102
RW: 0, 12, 572, 102
LW: 0, 12, 572, 102
RW: 0, 12, 572, 102
LW: 0, 12, 572, 102
RW: 0, 12, 572, 102
LW: 0, 12, 572, 102
RW: 0, 12, 572, 102
LW: 0, 12, 572, 102
RW: 0, 12, 572, 102
LW: 0, 12, 572, 102
RW: 0, 22, 572, 93
LW: 0, 22, 572, 93
RW: 0, 22, 572, 93
LW: 0, 22, 572, 93
RW: 0, 22, 572, 93
LW: 0, 22, 572, 93
RW: 0, 22, 572, 93
LW: 0, 22, 572, 93
RW: 0, 22, 572, 93
LW: 0, 22, 572, 93
RW: 0, 22, 572, 93
LW: 0, 22, 572, 93
RW: 0, 22, 572, 93
LW: 0, 22, 572, 93
RW: 0, 22, 573, 93
LW: 0, 22, 573, 93
RW: 0, 22, 573, 93
LW: 0, 22, 573, 93
RW: 0, 22, 573, 93
LW: 0, 22, 573, 93
RW: 0, 22, 573, 93
LW: 0, 22, 573, 93
RW: 0, 15, 573, 103
LW: 0, 15, 573, 93
RW: 0, 15, 573, 103
LW: 0, 15, 573, 93
RW: 0, 15, 573, 103
LW: 0, 15, 573, 93
RW: 0, 15, 574, 103
LW: 0, 15, 573, 93
RW: 0, 15, 574, 103
LW: 0, 15, 574, 93
RW: 0, 15, 574, 103
LW: 0, 15, 574, 93
RW: 0, 15, 574, 103
LW: 0, 15, 574, 93
RW: 0, 15, 574, 103
LW: 0, 15, 574, 93
RW: 0, 15, 574, 103
LW: 0, 15, 574, 93
RW: 0, 15, 574, 103
LW: 0, 15, 574, 93
RW: 0, 15, 574, 103
LW: 0, 15, 574, 93
RW: 0, 15, 574, 92
LW: 0, 15, 574, 92
RW: 0, 15, 574, 92
LW: 0, 15, 574, 92
RW: 0, 15, 574, 92
LW: 0, 15, 574, 92
RW: 0, 15, 574, 92
LW: 0, 15, 574, 92
RW: 0, 15, 574, 92
LW: 0, 15, 575, 92
RW: 0, 15, 575, 92
LW: 0, 15, 575, 92
RW: 0, 15, 575, 92
LW: 0, 15, 575, 92
RW: 0, 15, 575, 92
LW: 0, 15, 575, 92
RW: 0, 15, 575, 92
LW: 0, 15, 575, 92
RW: 0, 15, 575, 92
LW: 0, 15, 575, 92
RW: 0, 15, 575, 92
LW: 0, 15, 575, 92
RW: 0, 15, 576, 92
LW: 0, 5, 576, 102
RW: 0, 5, 576, 102
LW: 0, 5, 576, 102
RW: 0, 5, 576, 102
LW: 0, 5, 576, 102
RW: 0, 5, 576, 102
LW: 0, 5, 576, 102
RW: 0, 5, 576, 102
LW: 0, 5, 576, 102
RW: 0, 5, 576, 102
LW: 0, 5, 576, 102
RW: 0, 5, 576, 102
LW: 0, 5, 576, 102
RW: 0, 5, 576, 102
LW: 0, 5, 576, 102
RW: 0, 5, 576, 102
LW: 0, 5, 576, 102
RW: 0, 5, 576, 102
LW: 0, 5, 576, 102
RW: 0, 5, 576, 102
LW: 0, 5, 576, 102
RW: 0, 5, 576, 102
LW: 0, 5, 576, 102
RW: 0, 22, 576, 93
LW: 0, 12, 577, 93
RW: 0, 22, 576, 93
LW: 0, 12, 577, 93
RW: 0, 22, 577, 93
LW: 0, 12, 577, 93
RW: 0, 22, 577, 93
LW: 0, 12, 577, 93
RW: 0, 22, 577, 93
LW: 0, 12, 577, 93
RW: 0, 22, 577, 93
LW: 0, 12, 577, 93
RW: 0, 22, 577, 93
LW: 0, 12, 577, 93
RW: 0, 22, 577, 93
LW: 0, 12, 577, 93
RW: 0, 22, 577, 93
LW: 0, 12, 578, 93
RW: 0, 22, 578, 93
LW: 0, 12, 578, 93
RW: 0, 22, 578, 93
LW: 0, 12, 578, 93
RW: 0, 5, 578, 102
LW: 0, 12, 578, 102
RW: 0, 5, 578, 102
LW: 0, 12, 578, 102
RW: 0, 5, 578, 102
LW: 0, 12, 578, 102
RW: 0, 5, 578, 102
LW: 0, 12, 578, 102
RW: 0, 5, 578, 102
LW: 0, 12, 578, 102
RW: 0, 5, 578, 102
LW: 0, 12, 578, 102
RW: 0, 5, 578, 102
LW: 0, 12, 578, 102
RW: 0, 5, 578, 102
LW: 0, 12, 578, 102
RW: 0, 5, 578, 102
LW: 0, 12, 578, 102
RW: 0, 5, 578, 102
LW: 0, 12, 578, 102
RW: 0, 5, 578, 102
LW: 0, 12, 579, 102
RW: 0, 22, 578, 92
LW: 0, 12, 579, 101
RW: 0, 22, 579, 92
LW: 0, 12, 579, 101
RW: 0, 22, 579, 92
LW: 0, 12, 579, 101
RW: 0, 22, 579, 92
LW: 0, 12, 579, 101
RW: 0, 22, 579, 92
LW: 0, 12, 579, 101
RW: 0, 22, 579, 92
LW: 0, 12, 579, 101
RW: 0, 22, 579, 92
LW: 0, 12, 579, 101
RW: 0, 22, 579, 92
LW: 0, 12, 579, 101
RW: 0, 22, 580, 92
LW: 0, 12, 580, 101
RW: 0, 22, 580, 92
LW: 0, 12, 580, 101
RW: 0, 22, 580, 92
LW: 0, 12, 580, 101
RW: 0, 22, 580, 92
LW: 0, 12, 580, 101
RW: 0, 5, 580, 102
LW: 0, 12, 580, 101
RW: 0, 5, 580, 102
LW: 0, 12, 580, 101
RW: 0, 5, 580, 102
LW: 0, 12, 580, 101
RW: 0, 5, 580, 102
LW: 0, 12, 580, 101
RW: 0, 5, 580, 102
LW: 0, 12, 580, 101
RW: 0, 5, 580, 102
LW: 0, 12, 580, 101
RW: 0, 5, 580, 102
LW: 0, 12, 580, 101
RW: 0, 5, 580, 102
LW: 0, 12, 580, 101
RW: 0, 5, 581, 102
LW: 0, 12, 580, 101
RW: 0, 5, 581, 102
LW: 0, 12, 581, 101
RW: 0, 5, 581, 102
LW: 0, 12, 581, 101
RW: 0, 12, 581, 102
LW: 0, 12, 581, 102
RW: 0, 12, 581, 102
LW: 0, 12, 581, 102
RW: 0, 12, 581, 102
LW: 0, 12, 581, 102
RW: 0, 12, 581, 102
LW: 0, 12, 581, 102
RW: 0, 12, 582, 102
LW: 0, 12, 581, 102
RW: 0, 12, 582, 102
LW: 0, 12, 581, 102
RW: 0, 12, 582, 102
LW: 0, 12, 581, 102
RW: 0, 12, 582, 102
LW: 0, 12, 582, 102
RW: 0, 12, 582, 102
LW: 0, 12, 582, 102
RW: 0, 12, 582, 102
LW: 0, 12, 582, 102
RW: 0, 12, 582, 102
LW: 0, 12, 582, 102
RW: 0, 12, 582, 102
LW: 0, 12, 582, 102
RW: 0, 12, 582, 102
LW: 0, 12, 582, 102
RW: 0, 12, 582, 102
LW: 0, 12, 582, 102
RW: 0, 12, 582, 102
LW: 0, 12, 582, 102
RW: 0, 12, 582, 102
LW: 0, 12, 582, 102
RW: 0, 12, 582, 102
LW: 0, 12, 582, 102
RW: 0, 12, 582, 102
LW: 0, 12, 582, 102
RW: 0, 12, 583, 102
LW: 0, 12, 582, 102
RW: 0, 12, 583, 102
LW: 0, 12, 583, 102
RW: 0, 12, 583, 102
LW: 0, 12, 583, 102
RW: 0, 12, 583, 102
LW: 0, 12, 583, 102
RW: 0, 12, 583, 102
LW: 0, 12, 583, 101
RW: 0, 12, 583, 102
LW: 0, 12, 583, 101
RW: 0, 12, 583, 102
LW: 0, 12, 583, 101
RW: 0, 12, 584, 102
LW: 0, 12, 583, 101
RW: 0, 12, 584, 102
LW: 0, 12, 583, 101
RW: 0, 12, 584, 102
LW: 0, 12, 583, 101
RW: 0, 12, 584, 102
LW: 0, 12, 584, 101
RW: 0, 12, 584, 102
LW: 0, 12, 584, 101
RW: 0, 12, 584, 102
LW: 0, 12, 584, 101
RW: 0, 12, 584, 102
LW: 0, 12, 584, 101
RW: 0, 12, 584, 102
LW: 0, 12, 584, 101
RW: 0, 12, 584, 102
LW: 0, 12, 584, 101
RW: 0, 12, 584, 102
LW: 0, 12, 584, 101
RW: 0, 12, 584, 102
LW: 0, 12, 584, 101
RW: 0, 12, 584, 102
LW: 0, 12, 584, 101
RW: 0, 12, 584, 102
LW: 0, 12, 584, 101
RW: 0, 12, 584, 102
LW: 0, 12, 584, 101
RW: 0, 12, 585, 102
LW: 0, 12, 585, 101
RW: 0, 12, 585, 102
LW: 0, 12, 585, 101
RW: 0, 12, 585, 102
LW: 0, 12, 585, 101
RW: 0, 12, 585, 102
LW: 0, 12, 585, 101
RW: 0, 12, 585, 102
LW: 0, 12, 585, 101
RW: 0, 22, 585, 102
LW: 0, 22, 585, 102
RW: 0, 22, 585, 102
LW: 0, 22, 585, 102
RW: 0, 22, 586, 102
LW: 0, 22, 585, 102
RW: 0, 22, 586, 102
LW: 0, 22, 586, 102
RW: 0, 22, 586, 102
LW: 0, 22, 586, 102
RW: 0, 22, 586, 102
LW: 0, 22, 586, 102
RW: 0, 22, 586, 102
LW: 0, 22, 586, 102
RW: 0, 22, 586, 102
LW: 0, 22, 586, 102
RW: 0, 22, 586, 102
LW: 0, 22, 586, 102
RW: 0, 22, 586, 102
LW: 0, 22, 586, 102
RW: 0, 22, 586, 102
LW: 0, 22, 586, 102
RW: 0, 15, 586, 93
LW: 0, 15, 586, 92
RW: 0, 15, 586, 93
LW: 0, 15, 586, 92
RW: 0, 15, 586, 93
LW: 0, 15, 586, 92
RW: 0, 15, 586, 93
LW: 0, 15, 586, 92
RW: 0, 15, 586, 93
LW: 0, 15, 587, 92
RW: 0, 15, 587, 93
LW: 0, 15, 587, 92
RW: 0, 15, 587, 93
LW: 0, 15, 587, 92
RW: 0, 15, 587, 93
LW: 0, 15, 587, 92
RW: 0, 15, 587, 93
LW: 0, 15, 587, 92
RW: 0, 15, 587, 93
LW: 0, 15, 587, 92
RW: 0, 15, 587, 93
LW: 0, 15, 587, 92
RW: 0, 15, 588, 111
LW: 0, 15, 588, 102
RW: 0, 5, 588, 111
LW: 0, 15, 588, 102
RW: 0, 5, 588, 111
LW: 0, 15, 588, 102
RW: 0, 5, 588, 111
LW: 0, 15, 588, 102
RW: 0, 5, 588, 111
LW: 0, 15, 588, 102
RW: 0, 5, 588, 111
LW: 0, 15, 588, 102
RW: 0, 5, 588, 111
LW: 0, 15, 588, 102
RW: 0, 5, 588, 111
LW: 0, 15, 588, 102
RW: 0, 5, 588, 111
LW: 0, 15, 588, 102
RW: 0, 5, 588, 111
LW: 0, 15, 588, 102
RW: 0, 5, 588, 111
LW: 0, 15, 588, 102
RW: 0, 5, 588, 92
LW: 0, 5, 589, 101
RW: 0, 22, 588, 92
LW: 0, 5, 589, 101
RW: 0, 22, 589, 92
LW: 0, 5, 589, 101
RW: 0, 22, 589, 92
LW: 0, 5, 589, 101
RW: 0, 22, 589, 92
LW: 0, 5, 589, 101
RW: 0, 22, 589, 92
LW: 0, 5, 589, 101
RW: 0, 22, 589, 92
LW: 0, 5, 589, 101
RW: 0, 22, 589, 92
LW: 0, 5, 590, 101
RW: 0, 22, 589, 92
LW: 0, 5, 590, 101
RW: 0, 22, 590, 92
LW: 0, 5, 590, 101
RW: 0, 22, 590, 92
LW: 0, 5, 590, 101
RW: 0, 22, 590, 92
LW: 0, 5, 590, 101
RW: 0, 5, 590, 110
LW: 0, 12, 590, 101
RW: 0, 5, 590, 110
LW: 0, 12, 590, 101
RW: 0, 5, 590, 110
LW: 0, 12, 590, 101
RW: 0, 5, 590, 110
LW: 0, 12, 590, 101
RW: 0, 5, 590, 110
LW: 0, 12, 590, 101
RW: 0, 5, 590, 110
LW: 0, 12, 590, 101
RW: 0, 5, 590, 110
LW: 0, 12, 590, 101
RW: 0, 5, 590, 110
LW: 0, 12, 590, 101
RW: 0, 5, 590, 110
LW: 0, 12, 591, 101
RW: 0, 5, 590, 110
LW: 0, 12, 591, 101
RW: 0, 5, 591, 110
LW: 0, 12, 591, 101
RW: 0, 12, 591, 101
LW: 0, 12, 591, 101
RW: 0, 12, 591, 101
LW: 0, 12, 591, 101
RW: 0, 12, 591, 101
LW: 0, 12, 591, 101
RW: 0, 12, 591, 101
LW: 0, 12, 591, 101
RW: 0, 12, 591, 101
LW: 0, 12, 591, 101
RW: 0, 12, 591, 101
LW: 0, 12, 592, 101
RW: 0, 12, 592, 101
LW: 0, 12, 592, 101
RW: 0, 12, 592, 101
LW: 0, 12, 592, 101
RW: 0, 12, 592, 101
LW: 0, 12, 592, 101
RW: 0, 12, 592, 101
LW: 0, 12, 592, 101
RW: 0, 12, 592, 101
LW: 0, 12, 592, 101
RW: 0, 12, 592, 101
LW: 0, 12, 592, 102
RW: 0, 12, 592, 101
LW: 0, 12, 592, 102
RW: 0, 12, 592, 101
LW: 0, 12, 592, 102
RW: 0, 12, 592, 101
LW: 0, 12, 592, 102
RW: 0, 12, 592, 101
LW: 0, 12, 592, 102
RW: 0, 12, 592, 101
LW: 0, 12, 592, 102
RW: 0, 12, 592, 101
LW: 0, 12, 592, 102
RW: 0, 12, 592, 101
LW: 0, 12, 593, 102
RW: 0, 12, 592, 101
LW: 0, 12, 593, 102
RW: 0, 12, 592, 101
LW: 0, 12, 593, 102
RW: 0, 12, 593, 101
LW: 0, 12, 593, 102
RW: 0, 12, 593, 101
LW: 0, 12, 593, 102
RW: 0, 12, 593, 101
LW: 0, 12, 593, 102
RW: 0, 12, 593, 101
LW: 0, 12, 593, 102
RW: 0, 12, 593, 101
LW: 0, 12, 593, 102
RW: 0, 12, 593, 101
LW: 0, 12, 593, 102
RW: 0, 12, 593, 101
LW: 0, 12, 594, 102
RW: 0, 12, 594, 101
LW: 0, 12, 594, 102
RW: 0, 12, 594, 101
LW: 0, 12, 594, 102
RW: 0, 12, 594, 101
LW: 0, 12, 594, 102
RW: 0, 12, 594, 101
LW: 0, 12, 594, 102
RW: 0, 12, 594, 101
LW: 0, 12, 594, 102
RW: 0, 12, 594, 102
LW: 0, 12, 594, 102
RW: 0, 12, 594, 102
LW: 0, 12, 594, 102
RW: 0, 12, 594, 102
LW: 0, 12, 594, 102
RW: 0, 12, 594, 102
LW: 0, 12, 594, 102
RW: 0, 12, 594, 102
LW: 0, 12, 594, 102
RW: 0, 12, 594, 102
LW: 0, 12, 594, 102
RW: 0, 12, 594, 102
LW: 0, 12, 594, 102
RW: 0, 12, 594, 102
LW: 0, 12, 595, 102
RW: 0, 12, 594, 102
LW: 0, 12, 595, 102
RW: 0, 12, 595, 102
LW: 0, 12, 595, 102
RW: 0, 12, 595, 102
LW: 0, 12, 595, 102
RW: 0, 12, 595, 102
LW: 0, 12, 595, 102
RW: 0, 12, 595, 102
LW: 0, 12, 595, 102
RW: 0, 12, 595, 102
LW: 0, 12, 595, 102
RW: 0, 12, 595, 102
LW: 0, 12, 595, 102
RW: 0, 12, 595, 102
LW: 0, 12, 595, 102
RW: 0, 12, 596, 102
LW: 0, 12, 596, 102
RW: 0, 12, 596, 102
LW: 0, 12, 596, 102
RW: 0, 12, 596, 102
LW: 0, 12, 596, 102
RW: 0, 12, 596, 102
LW: 0, 12, 596, 102
RW: 0, 12, 596, 102
LW: 0, 12, 596, 102
RW: 0, 12, 596, 102
LW: 0, 12, 596, 102
RW: 0, 12, 596, 102
LW: 0, 12, 596, 102
RW: 0, 12, 596, 102
LW: 0, 12, 596, 102
RW: 0, 12, 596, 102
LW: 0, 12, 596, 102
RW: 0, 12, 596, 102
LW: 0, 12, 596, 102
RW: 0, 12, 596, 102
LW: 0, 12, 596, 102
RW: 0, 12, 596, 102
LW: 0, 12, 596, 102
RW: 0, 12, 596, 102
LW: 0, 12, 596, 102
RW: 0, 12, 596, 102
LW: 0, 12, 596, 102
RW: 0, 12, 597, 102
LW: 0, 12, 597, 102
RW: 0, 12, 597, 102
LW: 0, 12, 597, 102
RW: 0, 12, 597, 102
LW: 0, 12, 597, 102
RW: 0, 12, 597, 102
LW: 0, 12, 597, 102
RW: 0, 12, 597, 102
LW: 0, 12, 597, 102
RW: 0, 12, 597, 102
LW: 0, 12, 597, 102
RW: 0, 12, 597, 102
LW: 0, 12, 597, 102
RW: 0, 12, 598, 102
LW: 0, 12, 597, 102
RW: 0, 12, 598, 102
LW: 0, 12, 597, 102
RW: 0, 12, 598, 102
LW: 0, 12, 598, 102
RW: 0, 12, 598, 102
LW: 0, 12, 598, 102
RW: 0, 12, 598, 102
LW: 0, 12, 598, 102
RW: 0, 12, 598, 102
LW: 0, 12, 598, 102
RW: 0, 12, 598, 102
LW: 0, 12, 598, 102
RW: 0, 12, 598, 102
LW: 0, 12, 598, 102
RW: 0, 12, 598, 93
LW: 0, 12, 598, 102
RW: 0, 12, 598, 93
LW: 0, 12, 598, 102
RW: 0, 12, 598, 93
LW: 0, 12, 598, 102
RW: 0, 12, 598, 93
LW: 0, 12, 598, 102
RW: 0, 12, 598, 93
LW: 0, 12, 598, 102
RW: 0, 12, 598, 93
LW: 0, 12, 598, 102
RW: 0, 12, 599, 93
LW: 0, 12, 598, 102
RW: 0, 12, 599, 93
LW: 0, 12, 599, 102
RW: 0, 12, 599, 93
LW: 0, 12, 599, 102
RW: 0, 12, 599, 93
LW: 0, 12, 599, 102
RW: 0, 12, 599, 93
LW: 0, 12, 599, 102
RW: 0, 22, 599, 102
LW: 0, 22, 599, 93
RW: 0, 22, 599, 102
LW: 0, 22, 599, 93
RW: 0, 22, 599, 102
LW: 0, 22, 599, 93
RW: 0, 22, 600, 102
LW: 0, 22, 599, 93
RW: 0, 22, 600, 102
LW: 0, 22, 600, 93
RW: 0, 22, 600, 102
LW: 0, 22, 600, 93
RW: 0, 22, 600, 102
LW: 0, 22, 600, 93
RW: 0, 22, 600, 102
LW: 0, 22, 600, 93
RW: 0, 22, 600, 102
LW: 0, 22, 600, 93
RW: 0, 22, 600, 102
LW: 0, 22, 600, 93
RW: 0, 22, 600, 102
LW: 0, 22, 600, 93
RW: 0, 15, 600, 93
LW: 0, 15, 600, 93
RW: 0, 15, 600, 93
LW: 0, 15, 600, 93
RW: 0, 15, 600, 93
LW: 0, 15, 600, 93
RW: 0, 15, 600, 93
LW: 0, 15, 600, 93
RW: 0, 15, 600, 93
LW: 0, 15, 600, 93
RW: 0, 15, 601, 93
LW: 0, 15, 601, 93
RW: 0, 15, 601, 93
LW: 0, 15, 601, 93
RW: 0, 15, 601, 93
LW: 0, 15, 601, 93
RW: 0, 15, 601, 93
LW: 0, 15, 601, 93
RW: 0, 15, 601, 93
LW: 0, 15, 601, 93
RW: 0, 15, 601, 93
LW: 0, 15, 601, 93
RW: 0, 5, 602, 102
LW: 0, 15, 601, 93
RW: 0, 5, 602, 102
LW: 0, 15, 602, 93
RW: 0, 5, 602, 102
LW: 0, 15, 602, 93
RW: 0, 5, 602, 102
LW: 0, 15, 602, 93
RW: 0, 5, 602, 102
LW: 0, 15, 602, 93
RW: 0, 5, 602, 102
LW: 0, 15, 602, 93
RW: 0, 5, 602, 102
LW: 0, 15, 602, 93
RW: 0, 5, 602, 102
LW: 0, 15, 602, 93
RW: 0, 5, 602, 102
LW: 0, 15, 602, 93
RW: 0, 5, 602, 102
LW: 0, 15, 602, 93
RW: 0, 5, 602, 102
LW: 0, 15, 602, 93
RW: 0, 5, 602, 92
LW: 0, 15, 602, 93
RW: 0, 22, 602, 92
LW: 0, 15, 603, 93
RW: 0, 22, 603, 92
LW: 0, 15, 603, 93
RW: 0, 22, 603, 92
LW: 0, 15, 603, 93
RW: 0, 22, 603, 92
LW: 0, 15, 603, 93
RW: 0, 22, 603, 92
LW: 0, 15, 603, 93
RW: 0, 22, 603, 92
LW: 0, 15, 603, 93
RW: 0, 22, 603, 92
LW: 0, 15, 603, 93
RW: 0, 22, 603, 92
LW: 0, 15, 603, 93
RW: 0, 22, 603, 92
LW: 0, 15, 604, 93
RW: 0, 22, 604, 92
LW: 0, 15, 604, 93
RW: 0, 22, 604, 92
LW: 0, 15, 604, 93
RW: 0, 5, 604, 101
LW: 0, 5, 604, 101
RW: 0, 5, 604, 101
LW: 0, 5, 604, 101
RW: 0, 5, 604, 101
LW: 0, 5, 604, 101
RW: 0, 5, 604, 101
LW: 0, 5, 604, 101
RW: 0, 5, 604, 101
LW: 0, 5, 604, 101
RW: 0, 5, 604, 101
LW: 0, 5, 604, 101
RW: 0, 5, 604, 101
LW: 0, 5, 604, 101
RW: 0, 5, 604, 101
LW: 0, 5, 604, 101
RW: 0, 5, 604, 101
LW: 0, 5, 605, 101
RW: 0, 5, 604, 101
LW: 0, 5, 605, 101
RW: 0, 5, 605, 101
LW: 0, 12, 605, 101
RW: 0, 12, 605, 101
LW: 0, 12, 605, 101
RW: 0, 12, 605, 101
LW: 0, 12, 605, 101
RW: 0, 12, 605, 101
LW: 0, 12, 605, 101
RW: 0, 12, 605, 101
LW: 0, 12, 605, 101
RW: 0, 12, 605, 101
LW: 0, 12, 605, 101
RW: 0, 12, 605, 101
LW: 0, 12, 606, 101
RW: 0, 12, 606, 101
LW: 0, 12, 606, 101
RW: 0, 12, 606, 101
LW: 0, 12, 606, 101
RW: 0, 12, 606, 101
LW: 0, 12, 606, 101
RW: 0, 12, 606, 101
LW: 0, 12, 606, 101
RW: 0, 12, 606, 101
LW: 0, 12, 606, 101
RW: 0, 12, 606, 101
LW: 0, 12, 606, 101
RW: 0, 12, 606, 101
LW: 0, 12, 606, 101
RW: 0, 12, 606, 101
LW: 0, 12, 606, 101
RW: 0, 12, 606, 101
LW: 0, 12, 606, 101
RW: 0, 12, 606, 101
LW: 0, 12, 606, 101
RW: 0, 12, 606, 101
LW: 0, 12, 606, 101
RW: 0, 12, 606, 101
LW: 0, 12, 606, 101
RW: 0, 12, 606, 101
LW: 0, 12, 606, 101
RW: 0, 12, 606, 101
LW: 0, 12, 607, 101
RW: 0, 12, 607, 101
LW: 0, 12, 607, 101
RW: 0, 12, 607, 101
LW: 0, 12, 607, 101
RW: 0, 12, 607, 101
LW: 0, 12, 607, 101
RW: 0, 12, 607, 101
LW: 0, 12, 607, 101
RW: 0, 12, 607, 101
LW: 0, 12, 607, 101
RW: 0, 12, 607, 101
LW: 0, 12, 607, 101
RW: 0, 12, 607, 101
LW: 0, 12, 607, 101
RW: 0, 12, 607, 101
LW: 0, 12, 607, 101
RW: 0, 12, 608, 101
LW: 0, 12, 608, 101
RW: 0, 12, 608, 101
LW: 0, 12, 608, 101
RW: 0, 12, 608, 101
LW: 0, 12, 608, 101
RW: 0, 12, 608, 101
LW: 0, 12, 608, 101
RW: 0, 12, 608, 101
LW: 0, 12, 608, 101
RW: 0, 12, 608, 101
LW: 0, 12, 608, 101
RW: 0, 12, 608, 101
LW: 0, 12, 608, 101
RW: 0, 12, 608, 101
LW: 0, 12, 608, 101
RW: 0, 12, 608, 101
LW: 0, 12, 608, 101
RW: 0, 12, 608, 101
LW: 0, 12, 608, 101
RW: 0, 12, 608, 101
LW: 0, 12, 608, 101
RW: 0, 12, 608, 101
LW: 0, 12, 608, 101
RW: 0, 12, 608, 101
LW: 0, 12, 608, 101
RW: 0, 12, 608, 101
LW: 0, 12, 609, 101
RW: 0, 12, 609, 101
LW: 0, 12, 609, 101
RW: 0, 12, 609, 101
LW: 0, 12, 609, 101
RW: 0, 12, 609, 101
LW: 0, 12, 609, 101
RW: 0, 12, 609, 101
LW: 0, 12, 609, 101
RW: 0, 12, 609, 101
LW: 0, 12, 609, 101
RW: 0, 12, 609, 101
LW: 0, 12, 609, 101
RW: 0, 12, 609, 101
LW: 0, 12, 609, 101
RW: 0, 12, 610, 101
LW: 0, 12, 609, 101
RW: 0, 12, 610, 101
LW: 0, 12, 610, 101
RW: 0, 12, 610, 101
LW: 0, 12, 610, 101
RW: 0, 12, 610, 101
LW: 0, 12, 610, 101
RW: 0, 12, 610, 101
LW: 0, 12, 610, 101
RW: 0, 12, 610, 101
LW: 0, 12, 610, 101
RW: 0, 12, 610, 101
LW: 0, 12, 610, 101
RW: 0, 12, 610, 101
LW: 0, 12, 610, 101
RW: 0, 12, 610, 101
LW: 0, 12, 610, 101
RW: 0, 12, 610, 101
LW: 0, 12, 610, 101
RW: 0, 12, 610, 101
LW: 0, 12, 610, 101
RW: 0, 12, 610, 101
LW: 0, 12, 610, 101
RW: 0, 12, 610, 101
LW: 0, 12, 610, 101
RW: 0, 12, 610, 101
LW: 0, 12, 610, 101
RW: 0, 12, 610, 101
LW: 0, 12, 610, 101
RW: 0, 12, 611, 101
LW: 0, 12, 611, 101
RW: 0, 12, 611, 101
LW: 0, 12, 611, 101
RW: 0, 12, 611, 101
LW: 0, 12, 611, 101
RW: 0, 12, 611, 101
LW: 0, 12, 611, 101
RW: 0, 12, 611, 101
LW: 0, 12, 611, 101
RW: 0, 12, 611, 101
LW: 0, 12, 611, 101
RW: 0, 12, 611, 101
LW: 0, 12, 611, 101
RW: 0, 12, 612, 101
LW: 0, 12, 611, 101
RW: 0, 12, 612, 101
LW: 0, 12, 611, 101
RW: 0, 12, 612, 101
LW: 0, 12, 612, 101
RW: 0, 12, 612, 101
LW: 0, 12, 612, 101
RW: 0, 12, 612, 101
LW: 0, 12, 612, 101
RW: 0, 12, 612, 101
LW: 0, 12, 612, 101
RW: 0, 12, 612, 101
LW: 0, 12, 612, 101
RW: 0, 12, 612, 92
LW: 0, 12, 612, 101
RW: 0, 12, 612, 92
LW: 0, 12, 612, 101
RW: 0, 12, 612, 92
LW: 0, 12, 612, 101
RW: 0, 12, 612, 92
LW: 0, 12, 612, 101
RW: 0, 12, 612, 92
LW: 0, 12, 612, 101
RW: 0, 12, 612, 92
LW: 0, 12, 612, 101
RW: 0, 12, 612, 92
LW: 0, 12, 612, 101
RW: 0, 12, 612, 92
LW: 0, 12, 612, 101
RW: 0, 12, 613, 92
LW: 0, 12, 613, 101
RW: 0, 12, 613, 92
LW: 0, 12, 613, 101
RW: 0, 12, 613, 92
LW: 0, 12, 613, 101
RW: 0, 12, 613, 101
LW: 0, 22, 613, 101
RW: 0, 22, 613, 101
LW: 0, 22, 613, 101
RW: 0, 22, 613, 101
LW: 0, 22, 613, 101
RW: 0, 22, 613, 101
LW: 0, 22, 613, 101
RW: 0, 22, 614, 101
LW: 0, 22, 613, 101
RW: 0, 22, 614, 101
LW: 0, 22, 614, 101
RW: 0, 22, 614, 101
LW: 0, 22, 614, 101
RW: 0, 22, 614, 101
LW: 0, 22, 614, 101
RW: 0, 22, 614, 101
LW: 0, 22, 614, 101
RW: 0, 22, 614, 101
LW: 0, 22, 614, 101
RW: 0, 22, 614, 101
LW: 0, 22, 614, 101
RW: 0, 22, 614, 101
LW: 0, 22, 614, 101
RW: 0, 15, 614, 92
LW: 0, 15, 614, 92
RW: 0, 15, 614, 92
LW: 0, 15, 614, 92
RW: 0, 15, 614, 92
LW: 0, 15, 614, 92
RW: 0, 15, 614, 92
LW: 0, 15, 614, 92
RW: 0, 15, 614, 92
LW: 0, 15, 615, 92
RW: 0, 15, 614, 92
LW: 0, 15, 615, 92
RW: 0, 15, 615, 92
LW: 0, 15, 615, 92
RW: 0, 15, 615, 92
LW: 0, 15, 615, 92
RW: 0, 15, 615, 92
LW: 0, 15, 615, 92
RW: 0, 15, 615, 92
LW: 0, 15, 615, 92
RW: 0, 15, 615, 92
LW: 0, 15, 615, 92
RW: 0, 15, 615, 92
LW: 0, 15, 615, 92
RW: 0, 15, 616, 92
LW: 0, 15, 616, 92
RW: 0, 15, 616, 92
LW: 0, 15, 616, 92
RW: 0, 15, 616, 92
LW: 0, 15, 616, 92
RW: 0, 15, 616, 92
LW: 0, 15, 616, 92
RW: 0, 15, 616, 92
LW: 0, 15, 616, 92
RW: 0, 15, 616, 92
LW: 0, 15, 616, 92
RW: 0, 15, 616, 92
LW: 0, 15, 616, 92
RW: 0, 15, 616, 92
LW: 0, 15, 616, 92
RW: 0, 15, 616, 92
LW: 0, 15, 616, 92
RW: 0, 15, 616, 92
LW: 0, 15, 616, 92
RW: 0, 15, 616, 92
LW: 0, 15, 616, 92
RW: 0, 15, 616, 92
LW: 0, 15, 617, 92
RW: 0, 15, 616, 92
LW: 0, 15, 617, 92
RW: 0, 15, 617, 92
LW: 0, 15, 617, 92
RW: 0, 15, 617, 92
LW: 0, 15, 617, 92
RW: 0, 15, 617, 92
LW: 0, 15, 617, 92
RW: 0, 15, 617, 92
LW: 0, 15, 617, 92
RW: 0, 15, 617, 92
LW: 0, 15, 617, 92
RW: 0, 15, 617, 92
LW: 0, 15, 617, 92
RW: 0, 15, 618, 92
LW: 0, 15, 618, 92
RW: 0, 15, 618, 92
LW: 0, 15, 618, 92
RW: 0, 15, 618, 101
LW: 0, 5, 618, 101
RW: 0, 5, 618, 101
LW: 0, 5, 618, 101
RW: 0, 5, 618, 101
LW: 0, 5, 618, 101
RW: 0, 5, 618, 101
LW: 0, 5, 618, 101
RW: 0, 5, 618, 101
LW: 0, 5, 618, 101
RW: 0, 5, 618, 101
LW: 0, 5, 618, 101
RW: 0, 5, 618, 101
LW: 0, 5, 618, 101
RW: 0, 5, 618, 101
LW: 0, 5, 618, 101
RW: 0, 5, 618, 101
LW: 0, 5, 618, 101
RW: 0, 5, 618, 101
LW: 0, 5, 619, 101
RW: 0, 5, 619, 101
LW: 0, 5, 619, 101
RW: 0, 5, 619, 101
LW: 0, 5, 619, 101
RW: 0, 12, 619, 101
LW: 0, 12, 619, 101
RW: 0, 12, 619, 101
LW: 0, 12, 619, 101
RW: 0, 12, 619, 101
LW: 0, 12, 619, 101
RW: 0, 12, 619, 101
LW: 0, 12, 619, 101
RW: 0, 12, 619, 101
LW: 0, 12, 619, 101
RW: 0, 12, 620, 101
LW: 0, 12, 619, 101
RW: 0, 12, 620, 101
LW: 0, 12, 620, 101
RW: 0, 12, 620, 101
LW: 0, 12, 620, 101
RW: 0, 12, 620, 101
LW: 0, 12, 620, 101
RW: 0, 12, 620, 101
LW: 0, 12, 620, 101
RW: 0, 12, 620, 101
LW: 0, 12, 620, 101
RW: 0, 12, 620, 101
LW: 0, 12, 620, 101
RW: 0, 12, 620, 101
LW: 0, 12, 620, 101
RW: 0, 12, 620, 101
LW: 0, 12, 620, 101
RW: 0, 12, 620, 101
LW: 0, 12, 620, 101
RW: 0, 12, 620, 101
LW: 0, 12, 620, 101
RW: 0, 12, 620, 101
LW: 0, 12, 620, 101
RW: 0, 12, 620, 101
LW: 0, 12, 620, 101
RW: 0, 12, 621, 101
LW: 0, 12, 620, 101
RW: 0, 12, 621, 101
LW: 0, 12, 620, 101
RW: 0, 12, 621, 101
LW: 0, 12, 621, 101
RW: 0, 12, 621, 101
LW: 0, 12, 621, 101
RW: 0, 12, 621, 101
LW: 0, 12, 621, 101
RW: 0, 12, 621, 101
LW: 0, 12, 621, 101
RW: 0, 12, 621, 101
LW: 0, 12, 621, 101
RW: 0, 12, 622, 101
LW: 0, 12, 621, 101
RW: 0, 12, 622, 101
LW: 0, 12, 621, 101
RW: 0, 12, 622, 101
LW: 0, 12, 621, 101
RW: 0, 12, 622, 101
LW: 0, 12, 621, 101
RW: 0, 12, 622, 101
LW: 0, 12, 622, 101
RW: 0, 12, 622, 101
LW: 0, 12, 622, 101
RW: 0, 12, 622, 101
LW: 0, 12, 622, 101
RW: 0, 12, 622, 101
LW: 0, 12, 622, 101
RW: 0, 12, 622, 101
LW: 0, 12, 622, 101
RW: 0, 12, 622, 101
LW: 0, 12, 622, 101
RW: 0, 12, 622, 101
LW: 0, 12, 622, 101
RW: 0, 12, 622, 101
LW: 0, 12, 622, 101
RW: 0, 12, 622, 101
LW: 0, 12, 622, 101
RW: 0, 12, 622, 101
LW: 0, 12, 622, 101
RW: 0, 12, 623, 101
LW: 0, 12, 622, 101
RW: 0, 12, 623, 101
LW: 0, 12, 622, 101
RW: 0, 12, 623, 101
LW: 0, 12, 622, 101
RW: 0, 12, 623, 101
LW: 0, 12, 623, 101
RW: 0, 12, 623, 101
LW: 0, 12, 623, 101
RW: 0, 12, 623, 101
LW: 0, 12, 623, 101
RW: 0, 12, 623, 101
LW: 0, 12, 623, 101
RW: 0, 12, 623, 101
LW: 0, 12, 623, 101
RW: 0, 12, 624, 101
LW: 0, 12, 623, 101
RW: 0, 12, 624, 101
LW: 0, 12, 623, 101
RW: 0, 12, 624, 101
LW: 0, 12, 623, 101
RW: 0, 12, 624, 101
LW: 0, 12, 624, 101
RW: 0, 12, 624, 101
LW: 0, 12, 624, 101
RW: 0, 12, 624, 101
LW: 0, 12, 624, 101
RW: 0, 12, 624, 101
LW: 0, 12, 624, 101
RW: 0, 12, 624, 101
LW: 0, 12, 624, 101
RW: 0, 12, 624, 101
LW: 0, 12, 624, 101
RW: 0, 12, 624, 101
LW: 0, 12, 624, 101
RW: 0, 12, 624, 101
LW: 0, 12, 624, 101
RW: 0, 12, 624, 101
LW: 0, 12, 624, 101
RW: 0, 12, 624, 101
LW: 0, 12, 624, 101
RW: 0, 12, 625, 101
LW: 0, 12, 624, 101
RW: 0, 12, 625, 101
LW: 0, 12, 624, 101
RW: 0, 12, 625, 101
LW: 0, 12, 625, 101
RW: 0, 12, 625, 101
LW: 0, 12, 625, 101
RW: 0, 12, 625, 101
LW: 0, 12, 625, 101
RW: 0, 12, 625, 101
LW: 0, 12, 625, 101
RW: 0, 12, 625, 101
LW: 0, 12, 625, 101
RW: 0, 12, 626, 101
LW: 0, 12, 625, 101
RW: 0, 12, 626, 101
LW: 0, 12, 625, 101
RW: 0, 12, 626, 101
LW: 0, 12, 625, 101
RW: 0, 12, 626, 101
LW: 0, 12, 625, 101
RW: 0, 12, 626, 101
LW: 0, 12, 625, 101
RW: 0, 12, 626, 101
LW: 0, 12, 626, 101
RW: 0, 12, 626, 101
LW: 0, 12, 626, 101
RW: 0, 12, 626, 101
LW: 0, 12, 626, 101
RW: 0, 12, 626, 101
LW: 0, 12, 626, 101
RW: 0, 12, 626, 101
LW: 0, 12, 626, 101
RW: 0, 12, 626, 101
LW: 0, 22, 626, 101
RW: 0, 22, 626, 101
LW: 0, 22, 626, 101
RW: 0, 22, 626, 101
LW: 0, 22, 626, 101
RW: 0, 22, 626, 101
LW: 0, 22, 626, 101
RW: 0, 22, 626, 101
LW: 0, 22, 626, 101
RW: 0, 22, 627, 101
LW: 0, 22, 626, 101
RW: 0, 22, 627, 101
LW: 0, 22, 626, 101
RW: 0, 22, 627, 101
LW: 0, 22, 626, 101
RW: 0, 22, 627, 101
LW: 0, 22, 627, 101
RW: 0, 22, 627, 101
LW: 0, 22, 627, 101
RW: 0, 22, 627, 101
LW: 0, 22, 627, 101
RW: 0, 22, 627, 101
LW: 0, 22, 627, 101
RW: 0, 5, 628, 110
LW: 0, 15, 627, 101
RW: 0, 5, 628, 110
LW: 0, 15, 627, 101
RW: 0, 5, 628, 110
LW: 0, 15, 627, 101
RW: 0, 5, 628, 110
LW: 0, 15, 627, 101
RW: 0, 5, 628, 110
LW: 0, 15, 628, 101
RW: 0, 5, 628, 110
LW: 0, 15, 628, 101
RW: 0, 5, 628, 110
LW: 0, 15, 628, 101
RW: 0, 5, 628, 110
LW: 0, 15, 628, 101
RW: 0, 5, 628, 110
LW: 0, 15, 628, 101
RW: 0, 5, 628, 110
LW: 0, 15, 628, 101
RW: 0, 5, 628, 110
LW: 0, 15, 628, 101
RW: 0, 22, 628, 91
LW: 0, 15, 628, 92
RW: 0, 22, 628, 91
LW: 0, 15, 628, 92
RW: 0, 22, 629, 91
LW: 0, 15, 628, 92
RW: 0, 22, 629, 91
LW: 0, 15, 628, 92
RW: 0, 22, 629, 91
LW: 0, 15, 629, 92
RW: 0, 22, 629, 91
LW: 0, 15, 629, 92
RW: 0, 22, 629, 91
LW: 0, 15, 629, 92
RW: 0, 22, 629, 91
LW: 0, 15, 629, 92
RW: 0, 22, 629, 91
LW: 0, 15, 629, 92
RW: 0, 22, 630, 91
LW: 0, 15, 629, 92
RW: 0, 22, 630, 91
LW: 0, 15, 629, 92
RW: 0, 22, 630, 101
LW: 0, 5, 630, 101
RW: 0, 5, 630, 101
LW: 0, 5, 630, 101
RW: 0, 5, 630, 101
LW: 0, 5, 630, 101
RW: 0, 5, 630, 101
LW: 0, 5, 630, 101
RW: 0, 5, 630, 101
LW: 0, 5, 630, 101
RW: 0, 5, 630, 101
LW: 0, 5, 630, 101
RW: 0, 5, 630, 101
LW: 0, 5, 630, 101
RW: 0, 5, 630, 101
LW: 0, 5, 630, 101
RW: 0, 5, 630, 101
LW: 0, 5, 630, 101
RW: 0, 5, 630, 101
LW: 0, 5, 630, 101
RW: 0, 5, 630, 101
LW: 0, 5, 630, 101
RW: 0, 5, 631, 101
LW: 0, 22, 630, 92
RW: 0, 12, 631, 100
LW: 0, 22, 631, 92
RW: 0, 12, 631, 100
LW: 0, 22, 631, 92
RW: 0, 12, 631, 100
LW: 0, 22, 631, 92
RW: 0, 12, 631, 100
LW: 0, 22, 631, 92
RW: 0, 12, 631, 100
LW: 0, 22, 631, 92
RW: 0, 12, 631, 100
LW: 0, 22, 631, 92
RW: 0, 12, 631, 100
LW: 0, 22, 631, 92
RW: 0, 12, 632, 100
LW: 0, 22, 631, 92
RW: 0, 12, 632, 100
LW: 0, 22, 632, 92
RW: 0, 12, 632, 100
LW: 0, 22, 632, 92
RW: 0, 12, 632, 100
LW: 0, 5, 632, 101
RW: 0, 12, 632, 101
LW: 0, 5, 632, 101
RW: 0, 12, 632, 101
LW: 0, 5, 632, 101
RW: 0, 12, 632, 101
LW: 0, 5, 632, 101
RW: 0, 12, 632, 101
LW: 0, 5, 632, 101
RW: 0, 12, 632, 101
LW: 0, 5, 632, 101
RW: 0, 12, 632, 101
LW: 0, 5, 632, 101
RW: 0, 12, 632, 101
LW: 0, 5, 632, 101
RW: 0, 12, 632, 101
LW: 0, 5, 632, 101
RW: 0, 12, 632, 101
LW: 0, 5, 632, 101
RW: 0, 12, 632, 101
LW: 0, 5, 633, 101
RW: 0, 12, 633, 101
LW: 0, 12, 633, 102
RW: 0, 12, 633, 101
LW: 0, 12, 633, 102
RW: 0, 12, 633, 101
LW: 0, 12, 633, 102
RW: 0, 12, 633, 101
LW: 0, 12, 633, 102
RW: 0, 12, 633, 101
LW: 0, 12, 633, 102
RW: 0, 12, 633, 101
LW: 0, 12, 633, 102
RW: 0, 12, 633, 101
LW: 0, 12, 633, 102
RW: 0, 12, 634, 101
LW: 0, 12, 633, 102
RW: 0, 12, 634, 101
LW: 0, 12, 634, 102
RW: 0, 12, 634, 101
LW: 0, 12, 634, 102
RW: 0, 12, 634, 101
LW: 0, 12, 634, 102
RW: 0, 12, 634, 101
LW: 0, 12, 634, 102
RW: 0, 12, 634, 101
LW: 0, 12, 634, 102
RW: 0, 12, 634, 101
LW: 0, 12, 634, 102
RW: 0, 12, 634, 101
LW: 0, 12, 634, 102
RW: 0, 12, 634, 101
LW: 0, 12, 634, 102
RW: 0, 12, 634, 101
LW: 0, 12, 634, 102
RW: 0, 12, 634, 101
LW: 0, 12, 634, 102
RW: 0, 12, 634, 101
LW: 0, 12, 634, 102
RW: 0, 12, 634, 101
LW: 0, 12, 634, 102
RW: 0, 12, 634, 101
LW: 0, 12, 634, 102
RW: 0, 12, 635, 101
LW: 0, 12, 635, 102
RW: 0, 12, 635, 101
LW: 0, 12, 635, 102
RW: 0, 12, 635, 101
LW: 0, 12, 635, 102
RW: 0, 12, 635, 101
LW: 0, 12, 635, 102
RW: 0, 12, 635, 101
LW: 0, 12, 635, 102
RW: 0, 12, 635, 101
LW: 0, 12, 635, 102
RW: 0, 12, 635, 101
LW: 0, 12, 635, 102
RW: 0, 12, 636, 101
LW: 0, 12, 635, 102
RW: 0, 12, 636, 101
LW: 0, 12, 635, 102
RW: 0, 12, 636, 101
LW: 0, 12, 636, 102
RW: 0, 12, 636, 101
LW: 0, 12, 636, 102
RW: 0, 12, 636, 101
LW: 0, 12, 636, 102
RW: 0, 12, 636, 102
LW: 0, 12, 636, 102
RW: 0, 12, 636, 102
LW: 0, 12, 636, 102
RW: 0, 12, 636, 102
LW: 0, 12, 636, 102
RW: 0, 12, 636, 102
LW: 0, 12, 636, 102
RW: 0, 12, 636, 102
LW: 0, 12, 636, 102
RW: 0, 12, 636, 102
LW: 0, 12, 636, 102
RW: 0, 12, 636, 102
LW: 0, 12, 636, 102
RW: 0, 12, 636, 102
LW: 0, 12, 636, 102
RW: 0, 12, 637, 102
LW: 0, 12, 636, 102
RW: 0, 12, 637, 102
LW: 0, 12, 636, 102
RW: 0, 12, 637, 102
LW: 0, 12, 637, 102
RW: 0, 12, 637, 102
LW: 0, 12, 637, 102
RW: 0, 12, 637, 101
LW: 0, 12, 637, 102
RW: 0, 12, 637, 101
LW: 0, 12, 637, 102
RW: 0, 12, 637, 101
LW: 0, 12, 637, 102
RW: 0, 12, 638, 101
LW: 0, 12, 637, 102
RW: 0, 12, 638, 101
LW: 0, 12, 637, 102
RW: 0, 12, 638, 101
LW: 0, 12, 637, 102
RW: 0, 12, 638, 101
LW: 0, 12, 637, 102
RW: 0, 12, 638, 101
LW: 0, 12, 638, 102
RW: 0, 12, 638, 101
LW: 0, 12, 638, 102
RW: 0, 12, 638, 101
LW: 0, 12, 638, 102
RW: 0, 12, 638, 101
LW: 0, 12, 638, 102
RW: 0, 12, 638, 93
LW: 0, 12, 638, 102
RW: 0, 12, 638, 93
LW: 0, 12, 638, 102
RW: 0, 12, 638, 93
LW: 0, 12, 638, 102
RW: 0, 12, 638, 93
LW: 0, 12, 638, 102
RW: 0, 12, 638, 93
LW: 0, 12, 638, 102
RW: 0, 12, 638, 93
LW: 0, 12, 638, 102
RW: 0, 12, 639, 93
LW: 0, 12, 638, 102
RW: 0, 12, 639, 93
LW: 0, 12, 638, 102
RW: 0, 12, 639, 93
LW: 0, 12, 638, 102
RW: 0, 12, 639, 93
LW: 0, 12, 638, 102
RW: 0, 12, 639, 93
LW: 0, 12, 639, 102
RW: 0, 12, 639, 102
LW: 0, 12, 639, 102
RW: 0, 12, 639, 102
LW: 0, 12, 639, 102
RW: 0, 12, 640, 102
LW: 0, 12, 639, 102
RW: 0, 12, 640, 102
LW: 0, 12, 639, 102
RW: 0, 12, 640, 102
LW: 0, 12, 639, 102
RW: 0, 12, 640, 102
LW: 0, 12, 639, 102
RW: 0, 12, 640, 102
LW: 0, 12, 639, 102
RW: 0, 12, 640, 102
LW: 0, 12, 639, 102
RW: 0, 12, 640, 102
LW: 0, 12, 640, 102
RW: 0, 12, 640, 102
LW: 0, 12, 640, 102
RW: 0, 12, 640, 102
LW: 0, 12, 640, 102
RW: 0, 12, 640, 102
LW: 0, 22, 640, 93
RW: 0, 22, 640, 93
LW: 0, 22, 640, 93
RW: 0, 22, 640, 93
LW: 0, 22, 640, 93
RW: 0, 22, 640, 93
LW: 0, 22, 640, 93
RW: 0, 22, 640, 93
LW: 0, 22, 640, 93
RW: 0, 22, 641, 93
LW: 0, 22, 640, 93
RW: 0, 22, 641, 93
LW: 0, 22, 640, 93
RW: 0, 22, 641, 93
LW: 0, 22, 640, 93
RW: 0, 22, 641, 93
LW: 0, 22, 640, 93
RW: 0, 22, 641, 93
LW: 0, 22, 640, 93
RW: 0, 22, 641, 93
LW: 0, 22, 641, 93
RW: 0, 22, 641, 93
LW: 0, 22, 641, 93
RW: 0, 15, 642, 93
LW: 0, 15, 641, 102
RW: 0, 15, 642, 93
LW: 0, 15, 641, 102
RW: 0, 15, 642, 93
LW: 0, 15, 641, 102
RW: 0, 15, 642, 93
LW: 0, 15, 641, 102
RW: 0, 15, 642, 93
LW: 0, 15, 641, 102
RW: 0, 15, 642, 93
LW: 0, 15, 642, 102
RW: 0, 15, 642, 93
LW: 0, 15, 642, 102
RW: 0, 15, 642, 93
LW: 0, 15, 642, 102
RW: 0, 15, 642, 93
LW: 0, 15, 642, 102
RW: 0, 15, 642, 93
LW: 0, 15, 642, 102
RW: 0, 15, 642, 93
LW: 0, 15, 642, 102
RW: 0, 15, 642, 93
LW: 0, 15, 642, 93
RW: 0, 15, 642, 93
LW: 0, 15, 642, 93
RW: 0, 15, 643, 93
LW: 0, 15, 642, 93
RW: 0, 15, 643, 93
LW: 0, 15, 642, 93
RW: 0, 15, 643, 93
LW: 0, 15, 642, 93
RW: 0, 15, 643, 93
LW: 0, 15, 642, 93
RW: 0, 15, 643, 93
LW: 0, 15, 643, 93
RW: 0, 15, 643, 93
LW: 0, 15, 643, 93
RW: 0, 15, 644, 93
LW: 0, 15, 643, 93
RW: 0, 15, 644, 93
LW: 0, 15, 643, 93
RW: 0, 15, 644, 93
LW: 0, 15, 643, 93
RW: 0, 5, 644, 101
LW: 0, 15, 643, 92
RW: 0, 5, 644, 101
LW: 0, 15, 643, 92
RW: 0, 5, 644, 101
LW: 0, 15, 644, 92
RW: 0, 5, 644, 101
LW: 0, 15, 644, 92
RW: 0, 5, 644, 101
LW: 0, 15, 644, 92
RW: 0, 5, 644, 101
LW: 0, 15, 644, 92
RW: 0, 5, 644, 101
LW: 0, 15, 644, 92
RW: 0, 5, 644, 101
LW: 0, 15, 644, 92
RW: 0, 5, 644, 101
LW: 0, 15, 644, 92
RW: 0, 5, 644, 101
LW: 0, 15, 644, 92
RW: 0, 5, 645, 101
LW: 0, 15, 644, 92
RW: 0, 12, 645, 101
LW: 0, 15, 644, 92
RW: 0, 12, 645, 101
LW: 0, 15, 645, 92
RW: 0, 12, 645, 101
LW: 0, 15, 645, 92
RW: 0, 12, 645, 101
LW: 0, 15, 645, 92
RW: 0, 12, 645, 101
LW: 0, 15, 645, 92
RW: 0, 12, 646, 101
LW: 0, 15, 645, 92
RW: 0, 12, 646, 101
LW: 0, 15, 645, 92
RW: 0, 12, 646, 101
LW: 0, 15, 645, 92
RW: 0, 12, 646, 101
LW: 0, 15, 645, 92
RW: 0, 12, 646, 101
LW: 0, 15, 646, 92
RW: 0, 12, 646, 101
LW: 0, 15, 646, 92
RW: 0, 12, 646, 101
LW: 0, 5, 646, 101
RW: 0, 12, 646, 101
LW: 0, 5, 646, 101
RW: 0, 12, 646, 101
LW: 0, 5, 646, 101
RW: 0, 12, 646, 101
LW: 0, 5, 646, 101
RW: 0, 12, 646, 101
LW: 0, 5, 646, 101
RW: 0, 12, 646, 101
LW: 0, 5, 646, 101
RW: 0, 12, 646, 101
LW: 0, 5, 646, 101
RW: 0, 12, 646, 101
LW: 0, 5, 646, 101
RW: 0, 12, 646, 101
LW: 0, 5, 646, 101
RW: 0, 12, 647, 101
LW: 0, 5, 647, 101
RW: 0, 12, 647, 101
LW: 0, 5, 647, 101
RW: 0, 12, 647, 101
LW: 0, 12, 647, 101
RW: 0, 12, 647, 101
LW: 0, 12, 647, 101
RW: 0, 12, 647, 101
LW: 0, 12, 647, 101
RW: 0, 12, 647, 101
LW: 0, 12, 647, 101
RW: 0, 12, 647, 101
LW: 0, 12, 647, 101
RW: 0, 12, 647, 101
LW: 0, 12, 647, 101
RW: 0, 12, 648, 101
LW: 0, 12, 647, 101
RW: 0, 12, 648, 101
LW: 0, 12, 648, 101
RW: 0, 12, 648, 101
LW: 0, 12, 648, 101
RW: 0, 12, 648, 101
LW: 0, 12, 648, 101
RW: 0, 12, 648, 101
LW: 0, 12, 648, 101
RW: 0, 12, 648, 101
LW: 0, 12, 648, 101
RW: 0, 12, 648, 101
LW: 0, 12, 648, 101
RW: 0, 12, 648, 101
LW: 0, 12, 648, 101
RW: 0, 12, 648, 101
LW: 0, 12, 648, 101
RW: 0, 12, 648, 101
LW: 0, 12, 648, 101
RW: 0, 12, 648, 101
LW: 0, 12, 648, 101
RW: 0, 12, 648, 101
LW: 0, 12, 648, 101
RW: 0, 12, 648, 101
LW: 0, 12, 648, 101
RW: 0, 12, 648, 101
LW: 0, 12, 648, 101
RW: 0, 12, 649, 101
LW: 0, 12, 648, 101
RW: 0, 12, 649, 101
LW: 0, 12, 649, 101
RW: 0, 12, 649, 101
LW: 0, 12, 649, 101
RW: 0, 12, 649, 101
LW: 0, 12, 649, 101
RW: 0, 12, 649, 101
LW: 0, 12, 649, 101
RW: 0, 12, 649, 101
LW: 0, 12, 649, 101
RW: 0, 12, 649, 101
LW: 0, 12, 649, 101
RW: 0, 12, 650, 101
LW: 0, 12, 649, 101
RW: 0, 12, 650, 101
LW: 0, 12, 649, 101
RW: 0, 12, 650, 101
LW: 0, 12, 650, 101
RW: 0, 12, 650, 101
LW: 0, 12, 650, 101
RW: 0, 12, 650, 101
LW: 0, 12, 650, 101
RW: 0, 12, 650, 101
LW: 0, 12, 650, 101
RW: 0, 12, 650, 101
LW: 0, 12, 650, 101
RW: 0, 12, 650, 101
LW: 0, 12, 650, 101
RW: 0, 12, 650, 101
LW: 0, 12, 650, 101
RW: 0, 12, 650, 101
LW: 0, 12, 650, 101
RW: 0, 12, 650, 101
LW: 0, 12, 650, 101
RW: 0, 12, 650, 101
LW: 0, 12, 650, 101
RW: 0, 12, 650, 101
LW: 0, 12, 650, 101
RW: 0, 12, 650, 101
LW: 0, 12, 650, 101
RW: 0, 12, 651, 101
LW: 0, 12, 650, 101
RW: 0, 12, 651, 101
LW: 0, 12, 651, 101
RW: 0, 12, 651, 101
LW: 0, 12, 651, 101
RW: 0, 12, 651, 101
LW: 0, 12, 651, 101
RW: 0, 12, 651, 101
LW: 0, 12, 651, 101
RW: 0, 12, 651, 101
LW: 0, 12, 651, 101
RW: 0, 12, 651, 101
LW: 0, 12, 651, 101
RW: 0, 12, 652, 101
LW: 0, 12, 651, 101
RW: 0, 12, 652, 101
LW: 0, 12, 651, 101
RW: 0, 12, 652, 101
LW: 0, 12, 651, 101
RW: 0, 12, 652, 101
LW: 0, 12, 652, 101
RW: 0, 12, 652, 101
LW: 0, 12, 652, 101
RW: 0, 12, 652, 101
LW: 0, 12, 652, 101
RW: 0, 12, 652, 101
LW: 0, 12, 652, 101
RW: 0, 12, 652, 101
LW: 0, 12, 652, 101
RW: 0, 12, 652, 101
LW: 0, 12, 652, 101
RW: 0, 12, 652, 101
LW: 0, 12, 652, 101
RW: 0, 12, 652, 101
LW: 0, 12, 652, 101
RW: 0, 12, 652, 101
LW: 0, 12, 652, 101
RW: 0, 12, 652, 101
LW: 0, 12, 652, 101
RW: 0, 12, 652, 101
LW: 0, 12, 652, 101
RW: 0, 12, 653, 101
LW: 0, 12, 652, 101
RW: 0, 12, 653, 101
LW: 0, 12, 652, 101
RW: 0, 12, 653, 101
LW: 0, 12, 653, 101
RW: 0, 12, 653, 101
LW: 0, 12, 653, 101
RW: 0, 12, 653, 101
LW: 0, 12, 653, 101
RW: 0, 12, 653, 101
LW: 0, 12, 653, 101
RW: 0, 12, 653, 101
LW: 0, 12, 653, 101
RW: 0, 12, 654, 101
LW: 0, 12, 653, 101
RW: 0, 12, 654, 101
LW: 0, 12, 653, 101
RW: 0, 12, 654, 101
LW: 0, 12, 653, 101
RW: 0, 12, 654, 101
LW: 0, 12, 653, 101
RW: 0, 12, 654, 101
LW: 0, 12, 654, 101
RW: 0, 12, 654, 101
LW: 0, 12, 654, 101
RW: 0, 12, 654, 101
LW: 0, 12, 654, 101
RW: 0, 12, 654, 101
LW: 0, 12, 654, 101
RW: 0, 12, 654, 101
LW: 0, 12, 654, 101
RW: 0, 22, 654, 92
LW: 0, 22, 654, 101
RW: 0, 22, 654, 92
LW: 0, 22, 654, 101
RW: 0, 22, 654, 92
LW: 0, 22, 654, 101
RW: 0, 22, 654, 92
LW: 0, 22, 654, 101
RW: 0, 22, 654, 92
LW: 0, 22, 654, 101
RW: 0, 22, 654, 92
LW: 0, 22, 654, 101
RW: 0, 22, 655, 92
LW: 0, 22, 654, 101
RW: 0, 22, 655, 92
LW: 0, 22, 654, 101
RW: 0, 22, 655, 92
LW: 0, 22, 655, 101
RW: 0, 22, 655, 92
LW: 0, 22, 655, 101
RW: 0, 22, 655, 92
LW: 0, 22, 655, 101
RW: 0, 22, 655, 92
LW: 0, 15, 655, 101
RW: 0, 15, 656, 92
LW: 0, 15, 655, 101
RW: 0, 15, 656, 92
LW: 0, 15, 655, 101
RW: 0, 15, 656, 92
LW: 0, 15, 655, 101
RW: 0, 15, 656, 92
LW: 0, 15, 655, 101
RW: 0, 15, 656, 92
LW: 0, 15, 656, 101
RW: 0, 15, 656, 92
LW: 0, 15, 656, 101
RW: 0, 15, 656, 92
LW: 0, 15, 656, 101
RW: 0, 15, 656, 92
LW: 0, 15, 656, 101
RW: 0, 15, 656, 92
LW: 0, 15, 656, 101
RW: 0, 15, 656, 92
LW: 0, 15, 656, 101
RW: 0, 15, 656, 92
LW: 0, 15, 656, 101
RW: 0, 15, 656, 92
LW: 0, 15, 656, 92
RW: 0, 15, 656, 92
LW: 0, 15, 656, 92
RW: 0, 15, 657, 92
LW: 0, 15, 656, 92
RW: 0, 15, 657, 92
LW: 0, 15, 656, 92
RW: 0, 15, 657, 92
LW: 0, 15, 657, 92
RW: 0, 15, 657, 92
LW: 0, 15, 657, 92
RW: 0, 15, 657, 92
LW: 0, 15, 657, 92
RW: 0, 15, 657, 92
LW: 0, 15, 657, 92
RW: 0, 15, 658, 92
LW: 0, 15, 657, 92
RW: 0, 15, 658, 92
LW: 0, 15, 657, 92
RW: 0, 15, 658, 92
LW: 0, 15, 657, 92
RW: 0, 5, 658, 101
LW: 0, 15, 657, 92
RW: 0, 5, 658, 101
LW: 0, 15, 658, 92
RW: 0, 5, 658, 101
LW: 0, 15, 658, 92
RW: 0, 5, 658, 101
LW: 0, 15, 658, 92
RW: 0, 5, 658, 101
LW: 0, 15, 658, 92
RW: 0, 5, 658, 101
LW: 0, 15, 658, 92
RW: 0, 5, 658, 101
LW: 0, 15, 658, 92
RW: 0, 5, 658, 101
LW: 0, 15, 658, 92
RW: 0, 5, 658, 101
LW: 0, 15, 658, 92
RW: 0, 5, 658, 101
LW: 0, 15, 658, 92
RW: 0, 5, 659, 101
LW: 0, 15, 658, 92
RW: 0, 12, 659, 101
LW: 0, 15, 659, 92
RW: 0, 12, 659, 101
LW: 0, 15, 659, 92
RW: 0, 12, 659, 101
LW: 0, 15, 659, 92
RW: 0, 12, 659, 101
LW: 0, 15, 659, 92
RW: 0, 12, 659, 101
LW: 0, 15, 659, 92
RW: 0, 12, 659, 101
LW: 0, 15, 659, 92
RW: 0, 12, 659, 101
LW: 0, 15, 659, 92
RW: 0, 12, 660, 101
LW: 0, 15, 659, 92
RW: 0, 12, 660, 101
LW: 0, 15, 660, 92
RW: 0, 12, 660, 101
LW: 0, 15, 660, 92
RW: 0, 12, 660, 101
LW: 0, 15, 660, 92
RW: 0, 12, 660, 101
LW: 0, 5, 660, 101
RW: 0, 12, 660, 101
LW: 0, 5, 660, 101
RW: 0, 12, 660, 101
LW: 0, 5, 660, 101
RW: 0, 12, 660, 101
LW: 0, 5, 660, 101
RW: 0, 12, 660, 101
LW: 0, 5, 660, 101
RW: 0, 12, 660, 101
LW: 0, 5, 660, 101
RW: 0, 12, 660, 101
LW: 0, 5, 660, 101
RW: 0, 12, 660, 101
LW: 0, 5, 660, 101
RW: 0, 12, 660, 101
LW: 0, 5, 661, 101
RW: 0, 12, 660, 101
LW: 0, 5, 661, 101
RW: 0, 12, 660, 101
LW: 0, 5, 661, 101
RW: 0, 12, 661, 101
LW: 0, 5, 661, 101
RW: 0, 12, 661, 101
LW: 0, 12, 661, 101
RW: 0, 12, 661, 101
LW: 0, 12, 661, 101
RW: 0, 12, 661, 101
LW: 0, 12, 661, 101
RW: 0, 12, 661, 101
LW: 0, 12, 661, 101
RW: 0, 12, 661, 101
LW: 0, 12, 662, 101
RW: 0, 12, 661, 101
LW: 0, 12, 662, 101
RW: 0, 12, 661, 101
LW: 0, 12, 662, 101
RW: 0, 12, 662, 101
LW: 0, 12, 662, 101
RW: 0, 12, 662, 101
LW: 0, 12, 662, 101
RW: 0, 12, 662, 101
LW: 0, 12, 662, 101
RW: 0, 12, 662, 101
LW: 0, 12, 662, 101
RW: 0, 12, 662, 101
LW: 0, 12, 662, 101
RW: 0, 12, 662, 101
LW: 0, 12, 662, 101
RW: 0, 12, 662, 101
LW: 0, 12, 662, 101
RW: 0, 12, 662, 101
LW: 0, 12, 662, 101
RW: 0, 12, 662, 101
LW: 0, 12, 662, 101
RW: 0, 12, 662, 101
LW: 0, 12, 662, 101
RW: 0, 12, 662, 101
LW: 0, 12, 662, 101
RW: 0, 12, 662, 101
LW: 0, 12, 663, 101
RW: 0, 12, 662, 101
LW: 0, 12, 663, 101
RW: 0, 12, 662, 101
LW: 0, 12, 663, 101
RW: 0, 12, 662, 101
LW: 0, 12, 663, 101
RW: 0, 12, 663, 101
LW: 0, 12, 663, 101
RW: 0, 12, 663, 101
LW: 0, 12, 663, 101
RW: 0, 12, 663, 101
LW: 0, 12, 663, 101
RW: 0, 12, 663, 101
LW: 0, 12, 663, 101
RW: 0, 12, 663, 101
LW: 0, 12, 664, 101
RW: 0, 12, 663, 101
LW: 0, 12, 664, 101
RW: 0, 12, 663, 101
LW: 0, 12, 664, 101
RW: 0, 12, 663, 101
LW: 0, 12, 664, 101
RW: 0, 12, 664, 101
LW: 0, 12, 664, 101
RW: 0, 12, 664, 101
LW: 0, 12, 664, 101
RW: 0, 12, 664, 101
LW: 0, 12, 664, 101
RW: 0, 12, 664, 101
LW: 0, 12, 664, 101
RW: 0, 12, 664, 101
LW: 0, 12, 664, 101
RW: 0, 12, 664, 101
LW: 0, 12, 664, 101
RW: 0, 12, 664, 101
LW: 0, 12, 664, 101
RW: 0, 12, 664, 101
LW: 0, 12, 664, 101
RW: 0, 12, 664, 101
LW: 0, 12, 664, 101
RW: 0, 12, 664, 101
LW: 0, 12, 665, 101
RW: 0, 12, 664, 101
LW: 0, 12, 665, 101
RW: 0, 12, 664, 101
LW: 0, 12, 665, 101
RW: 0, 12, 664, 101
LW: 0, 12, 665, 101
RW: 0, 12, 664, 92
LW: 0, 12, 665, 101
RW: 0, 22, 665, 92
LW: 0, 12, 665, 101
RW: 0, 22, 665, 92
LW: 0, 12, 665, 101
RW: 0, 22, 665, 92
LW: 0, 12, 665, 101
RW: 0, 22, 665, 92
LW: 0, 12, 666, 101
RW: 0, 22, 665, 92
LW: 0, 12, 666, 101
RW: 0, 22, 665, 92
LW: 0, 12, 666, 101
RW: 0, 22, 665, 92
LW: 0, 12, 666, 101
RW: 0, 22, 666, 92
LW: 0, 12, 666, 101
RW: 0, 22, 666, 92
LW: 0, 12, 666, 101
RW: 0, 22, 666, 92
LW: 0, 12, 666, 101
RW: 0, 22, 666, 92
LW: 0, 12, 666, 102
RW: 0, 5, 666, 102
LW: 0, 12, 666, 102
RW: 0, 5, 666, 102
LW: 0, 12, 666, 102
RW: 0, 5, 666, 102
LW: 0, 12, 666, 102
RW: 0, 5, 666, 102
LW: 0, 12, 666, 102
RW: 0, 5, 666, 102
LW: 0, 12, 666, 102
RW: 0, 5, 666, 102
LW: 0, 12, 666, 102
RW: 0, 5, 666, 102
LW: 0, 12, 667, 102
RW: 0, 5, 666, 102
LW: 0, 12, 667, 102
RW: 0, 5, 666, 102
LW: 0, 12, 667, 102
RW: 0, 5, 666, 102
LW: 0, 12, 667, 102
RW: 0, 5, 667, 102
LW: 0, 22, 667, 102
RW: 0, 22, 667, 102
LW: 0, 22, 667, 102
RW: 0, 22, 667, 102
LW: 0, 22, 667, 102
RW: 0, 22, 667, 102
LW: 0, 22, 667, 102
RW: 0, 22, 667, 102
LW: 0, 22, 667, 102
RW: 0, 22, 667, 102
LW: 0, 22, 668, 102
RW: 0, 22, 667, 102
LW: 0, 22, 668, 102
RW: 0, 22, 668, 102
LW: 0, 22, 668, 102
RW: 0, 22, 668, 102
LW: 0, 22, 668, 102
RW: 0, 22, 668, 102
LW: 0, 22, 668, 102
RW: 0, 22, 668, 102
LW: 0, 22, 668, 102
RW: 0, 22, 668, 102
LW: 0, 22, 668, 102
RW: 0, 15, 668, 93
LW: 0, 15, 668, 102
RW: 0, 15, 668, 93
LW: 0, 15, 668, 102
RW: 0, 15, 668, 93
LW: 0, 15, 668, 102
RW: 0, 15, 668, 93
LW: 0, 15, 668, 102
RW: 0, 15, 668, 93
LW: 0, 15, 669, 102
RW: 0, 15, 668, 93
LW: 0, 15, 669, 102
RW: 0, 15, 668, 93
LW: 0, 15, 669, 102
RW: 0, 15, 668, 93
LW: 0, 15, 669, 102
RW: 0, 15, 669, 93
LW: 0, 15, 669, 102
RW: 0, 15, 669, 93
LW: 0, 15, 669, 102
RW: 0, 15, 669, 93
LW: 0, 15, 669, 102
RW: 0, 15, 669, 93
LW: 0, 15, 669, 102
RW: 0, 15, 669, 93
LW: 0, 15, 670, 102
RW: 0, 15, 669, 93
LW: 0, 15, 670, 102
RW: 0, 15, 669, 93
LW: 0, 15, 670, 102
RW: 0, 15, 670, 93
LW: 0, 15, 670, 102
RW: 0, 15, 670, 93
LW: 0, 15, 670, 102
RW: 0, 15, 670, 93
LW: 0, 15, 670, 102
RW: 0, 15, 670, 93
LW: 0, 15, 670, 102
RW: 0, 15, 670, 93
LW: 0, 15, 670, 102
RW: 0, 15, 670, 93
LW: 0, 15, 670, 102
RW: 0, 15, 670, 93
LW: 0, 15, 670, 102
RW: 0, 15, 670, 93
LW: 0, 15, 670, 93
RW: 0, 15, 670, 93
LW: 0, 15, 671, 93
RW: 0, 15, 670, 93
LW: 0, 15, 671, 93
RW: 0, 15, 670, 93
LW: 0, 15, 671, 93
RW: 0, 15, 670, 93
LW: 0, 15, 671, 93
RW: 0, 15, 671, 93
LW: 0, 15, 671, 93
RW: 0, 15, 671, 93
LW: 0, 15, 671, 93
RW: 0, 15, 671, 93
LW: 0, 15, 671, 93
RW: 0, 15, 671, 93
LW: 0, 15, 671, 93
RW: 0, 15, 671, 93
LW: 0, 15, 672, 93
RW: 0, 15, 671, 93
LW: 0, 15, 672, 93
RW: 0, 15, 671, 93
LW: 0, 5, 672, 102
RW: 0, 15, 672, 93
LW: 0, 5, 672, 102
RW: 0, 15, 672, 93
LW: 0, 5, 672, 102
RW: 0, 15, 672, 93
LW: 0, 5, 672, 102
RW: 0, 15, 672, 93
LW: 0, 5, 672, 102
RW: 0, 15, 672, 93
LW: 0, 5, 672, 102
RW: 0, 15, 672, 93
LW: 0, 5, 672, 102
RW: 0, 15, 672, 93
LW: 0, 5, 672, 102
RW: 0, 15, 672, 93
LW: 0, 5, 672, 102
RW: 0, 15, 672, 93
LW: 0, 5, 673, 102
RW: 0, 15, 672, 93
LW: 0, 5, 673, 102
RW: 0, 15, 672, 93
LW: 0, 5, 673, 102
RW: 0, 15, 672, 93
LW: 0, 12, 673, 102
RW: 0, 15, 673, 93
LW: 0, 12, 673, 102
RW: 0, 15, 673, 93
LW: 0, 12, 673, 102
RW: 0, 15, 673, 93
LW: 0, 12, 673, 102
RW: 0, 15, 673, 93
LW: 0, 12, 673, 102
RW: 0, 15, 673, 93
LW: 0, 12, 674, 102
RW: 0, 15, 673, 93
LW: 0, 12, 674, 102
RW: 0, 15, 674, 93
LW: 0, 12, 674, 102
RW: 0, 15, 674, 93
LW: 0, 12, 674, 102
RW: 0, 15, 674, 93
LW: 0, 12, 674, 102
RW: 0, 15, 674, 93
LW: 0, 12, 674, 102
RW: 0, 5, 674, 102
LW: 0, 12, 674, 102
RW: 0, 5, 674, 102
LW: 0, 12, 674, 102
RW: 0, 5, 674, 102
LW: 0, 12, 674, 102
RW: 0, 5, 674, 102
LW: 0, 12, 674, 102
RW: 0, 5, 674, 102
LW: 0, 12, 674, 102
RW: 0, 5, 674, 102
LW: 0, 12, 674, 102
RW: 0, 5, 674, 102
LW: 0, 12, 674, 102
RW: 0, 5, 674, 102
LW: 0, 12, 674, 102
RW: 0, 5, 674, 102
LW: 0, 12, 674, 102
RW: 0, 5, 675, 102
LW: 0, 12, 674, 102
RW: 0, 5, 675, 102
LW: 0, 12, 675, 102
RW: 0, 12, 675, 102
LW: 0, 12, 675, 102
RW: 0, 12, 675, 102
LW: 0, 12, 675, 102
RW: 0, 12, 675, 102
LW: 0, 12, 675, 102
RW: 0, 12, 675, 102
LW: 0, 12, 675, 102
RW: 0, 12, 675, 102
LW: 0, 12, 675, 102
RW: 0, 12, 676, 102
LW: 0, 12, 675, 102
RW: 0, 12, 676, 102
LW: 0, 12, 675, 102
RW: 0, 12, 676, 102
LW: 0, 12, 675, 102
RW: 0, 12, 676, 102
LW: 0, 12, 676, 102
RW: 0, 12, 676, 102
LW: 0, 12, 676, 102
RW: 0, 12, 676, 102
LW: 0, 12, 676, 102
RW: 0, 12, 676, 111
LW: 0, 12, 676, 102
RW: 0, 12, 676, 111
LW: 0, 12, 676, 102
RW: 0, 12, 676, 111
LW: 0, 12, 676, 102
RW: 0, 12, 676, 111
LW: 0, 12, 676, 102
RW: 0, 12, 676, 111
LW: 0, 12, 676, 102
RW: 0, 12, 676, 111
LW: 0, 12, 676, 102
RW: 0, 12, 676, 111
LW: 0, 12, 676, 102
RW: 0, 12, 676, 111
LW: 0, 12, 676, 102
RW: 0, 12, 677, 111
LW: 0, 12, 676, 102
RW: 0, 12, 677, 111
LW: 0, 12, 676, 102
RW: 0, 12, 677, 111
LW: 0, 12, 676, 102
RW: 0, 12, 677, 111
LW: 0, 12, 677, 102
RW: 0, 12, 677, 101
LW: 0, 12, 677, 101
RW: 0, 12, 677, 101
LW: 0, 12, 677, 101
RW: 0, 12, 677, 101
LW: 0, 12, 677, 101
RW: 0, 12, 678, 101
LW: 0, 12, 677, 101
RW: 0, 12, 678, 101
LW: 0, 12, 677, 101
RW: 0, 12, 678, 101
LW: 0, 12, 677, 101
RW: 0, 12, 678, 101
LW: 0, 12, 677, 101
RW: 0, 12, 678, 101
LW: 0, 12, 678, 101
RW: 0, 12, 678, 101
LW: 0, 12, 678, 101
RW: 0, 12, 678, 101
LW: 0, 12, 678, 101
RW: 0, 12, 678, 101
LW: 0, 12, 678, 101
RW: 0, 12, 678, 101
LW: 0, 12, 678, 101
RW: 0, 12, 678, 101
LW: 0, 12, 678, 101
RW: 0, 12, 678, 101
LW: 0, 12, 678, 101
RW: 0, 12, 678, 101
LW: 0, 12, 678, 101
RW: 0, 12, 678, 101
LW: 0, 12, 678, 101
RW: 0, 12, 679, 101
LW: 0, 12, 678, 101
RW: 0, 12, 679, 101
LW: 0, 12, 678, 101
RW: 0, 12, 679, 101
LW: 0, 12, 678, 101
RW: 0, 12, 679, 101
LW: 0, 12, 678, 101
RW: 0, 12, 679, 101
LW: 0, 12, 679, 101
RW: 0, 12, 679, 101
LW: 0, 12, 679, 101
RW: 0, 12, 679, 101
LW: 0, 12, 679, 101
RW: 0, 12, 679, 101
LW: 0, 12, 679, 101
RW: 0, 12, 680, 101
LW: 0, 12, 679, 101
RW: 0, 12, 680, 101
LW: 0, 12, 679, 101
RW: 0, 12, 680, 101
LW: 0, 12, 679, 101
RW: 0, 12, 680, 101
LW: 0, 12, 679, 101
RW: 0, 12, 680, 101
LW: 0, 12, 679, 101
RW: 0, 12, 680, 101
LW: 0, 12, 680, 101
RW: 0, 12, 680, 101
LW: 0, 12, 680, 101
RW: 0, 12, 680, 101
LW: 0, 12, 680, 101
RW: 0, 12, 680, 101
LW: 0, 12, 680, 101
RW: 0, 12, 680, 101
LW: 0, 12, 680, 101
RW: 0, 12, 680, 101
LW: 0, 12, 680, 101
RW: 0, 12, 680, 101
LW: 0, 12, 680, 101
RW: 0, 12, 680, 101
LW: 0, 12, 680, 101
RW: 0, 12, 681, 101
LW: 0, 12, 680, 101
RW: 0, 12, 681, 101
LW: 0, 12, 680, 101
RW: 0, 12, 681, 101
LW: 0, 12, 680, 101
RW: 0, 12, 681, 101
LW: 0, 12, 680, 101
RW: 0, 12, 681, 101
LW: 0, 12, 680, 101
RW: 0, 12, 681, 101
LW: 0, 12, 680, 101
RW: 0, 12, 681, 101
LW: 0, 12, 681, 101
RW: 0, 12, 682, 101
LW: 0, 12, 681, 101
RW: 0, 12, 682, 110
LW: 0, 22, 681, 101
RW: 0, 12, 682, 110
LW: 0, 22, 681, 101
RW: 0, 12, 682, 110
LW: 0, 22, 681, 101
RW: 0, 12, 682, 110
LW: 0, 22, 681, 101
RW: 0, 12, 682, 110
LW: 0, 22, 681, 101
RW: 0, 12, 682, 110
LW: 0, 22, 681, 101
RW: 0, 12, 682, 110
LW: 0, 22, 682, 101
RW: 0, 12, 682, 110
LW: 0, 22, 682, 101
RW: 0, 12, 682, 110
LW: 0, 22, 682, 101
RW: 0, 12, 682, 110
LW: 0, 22, 682, 101
RW: 0, 12, 682, 110
LW: 0, 22, 682, 101
RW: 0, 22, 682, 101
LW: 0, 15, 682, 92
RW: 0, 22, 682, 101
LW: 0, 15, 682, 92
RW: 0, 22, 682, 101
LW: 0, 15, 682, 92
RW: 0, 22, 683, 101
LW: 0, 15, 682, 92
RW: 0, 22, 683, 101
LW: 0, 15, 682, 92
RW: 0, 22, 683, 101
LW: 0, 15, 682, 92
RW: 0, 22, 683, 101
LW: 0, 15, 683, 92
RW: 0, 22, 683, 101
LW: 0, 15, 683, 92
RW: 0, 22, 683, 101
LW: 0, 15, 683, 92
RW: 0, 22, 683, 101
LW: 0, 15, 683, 92
RW: 0, 22, 684, 101
LW: 0, 15, 683, 92
RW: 0, 5, 684, 110
LW: 0, 15, 683, 92
RW: 0, 5, 684, 110
LW: 0, 15, 684, 92
RW: 0, 5, 684, 110
LW: 0, 15, 684, 92
RW: 0, 5, 684, 110
LW: 0, 15, 684, 92
RW: 0, 5, 684, 110
LW: 0, 15, 684, 92
RW: 0, 5, 684, 110
LW: 0, 15, 684, 92
RW: 0, 5, 684, 110
LW: 0, 15, 684, 92
RW: 0, 5, 684, 110
LW: 0, 15, 684, 92
RW: 0, 5, 684, 110
LW: 0, 15, 684, 92
RW: 0, 5, 684, 110
LW: 0, 15, 684, 92
RW: 0, 5, 684, 110
LW: 0, 15, 684, 92
RW: 0, 22, 684, 91
LW: 0, 15, 684, 92
RW: 0, 22, 685, 91
LW: 0, 15, 685, 92
RW: 0, 22, 685, 91
LW: 0, 15, 685, 92
RW: 0, 22, 685, 91
LW: 0, 15, 685, 92
RW: 0, 22, 685, 91
LW: 0, 15, 685, 92
RW: 0, 22, 685, 91
LW: 0, 15, 685, 92
RW: 0, 22, 685, 91
LW: 0, 15, 685, 92
RW: 0, 22, 685, 91
LW: 0, 15, 685, 92
RW: 0, 22, 686, 91
LW: 0, 15, 686, 92
RW: 0, 22, 686, 91
LW: 0, 15, 686, 92
RW: 0, 22, 686, 91
LW: 0, 15, 686, 92
RW: 0, 5, 686, 100
LW: 0, 5, 686, 101
RW: 0, 5, 686, 100
LW: 0, 5, 686, 101
RW: 0, 5, 686, 100
LW: 0, 5, 686, 101
RW: 0, 5, 686, 100
LW: 0, 5, 686, 101
RW: 0, 5, 686, 100
LW: 0, 5, 686, 101
RW: 0, 5, 686, 100
LW: 0, 5, 686, 101
RW: 0, 5, 686, 100
LW: 0, 5, 686, 101
RW: 0, 5, 686, 100
LW: 0, 5, 686, 101
RW: 0, 5, 686, 100
LW: 0, 5, 687, 101
RW: 0, 5, 686, 100
LW: 0, 5, 687, 101
RW: 0, 5, 687, 100
LW: 0, 5, 687, 101
RW: 0, 12, 687, 100
LW: 0, 12, 687, 101
RW: 0, 12, 687, 100
LW: 0, 12, 687, 101
RW: 0, 12, 687, 100
LW: 0, 12, 687, 101
RW: 0, 12, 687, 100
LW: 0, 12, 687, 101
RW: 0, 12, 687, 100
LW: 0, 12, 687, 101
RW: 0, 12, 687, 100
LW: 0, 12, 687, 101
RW: 0, 12, 688, 100
LW: 0, 12, 688, 101
RW: 0, 12, 688, 100
LW: 0, 12, 688, 101
RW: 0, 12, 688, 100
LW: 0, 12, 688, 101
RW: 0, 12, 688, 100
LW: 0, 12, 688, 101
RW: 0, 12, 688, 100
LW: 0, 12, 688, 101
RW: 0, 12, 688, 101
LW: 0, 12, 688, 101
RW: 0, 12, 688, 101
LW: 0, 12, 688, 101
RW: 0, 12, 688, 101
LW: 0, 12, 688, 101
RW: 0, 12, 688, 101
LW: 0, 12, 688, 101
RW: 0, 12, 688, 101
LW: 0, 12, 688, 101
RW: 0, 12, 688, 101
LW: 0, 12, 688, 101
RW: 0, 12, 688, 101
LW: 0, 12, 688, 101
RW: 0, 12, 688, 101
LW: 0, 12, 688, 101
RW: 0, 12, 688, 101
LW: 0, 12, 688, 101
RW: 0, 12, 689, 101
LW: 0, 12, 689, 101
RW: 0, 12, 689, 101
LW: 0, 12, 689, 101
RW: 0, 12, 689, 101
LW: 0, 12, 689, 101
RW: 0, 12, 689, 101
LW: 0, 12, 689, 101
RW: 0, 12, 689, 101
LW: 0, 12, 689, 101
RW: 0, 12, 689, 101
LW: 0, 12, 689, 101
RW: 0, 12, 689, 101
LW: 0, 12, 689, 101
RW: 0, 12, 689, 101
LW: 0, 12, 689, 101
RW: 0, 12, 690, 101
LW: 0, 12, 689, 101
RW: 0, 12, 690, 101
LW: 0, 12, 690, 101
RW: 0, 12, 690, 101
LW: 0, 12, 690, 101
RW: 0, 12, 690, 101
LW: 0, 12, 690, 101
RW: 0, 12, 690, 101
LW: 0, 12, 690, 101
RW: 0, 12, 690, 101
LW: 0, 12, 690, 101
RW: 0, 12, 690, 100
LW: 0, 12, 690, 101
RW: 0, 12, 690, 100
LW: 0, 12, 690, 101
RW: 0, 12, 690, 100
LW: 0, 12, 690, 101
RW: 0, 12, 690, 100
LW: 0, 12, 690, 101
RW: 0, 12, 690, 100
LW: 0, 12, 690, 101
RW: 0, 12, 690, 100
LW: 0, 12, 690, 101
RW: 0, 12, 690, 100
LW: 0, 12, 690, 101
RW: 0, 12, 690, 100
LW: 0, 12, 690, 101
RW: 0, 12, 691, 100
LW: 0, 12, 690, 101
RW: 0, 12, 691, 100
LW: 0, 12, 691, 101
RW: 0, 12, 691, 100
LW: 0, 12, 691, 101
RW: 0, 12, 691, 100
LW: 0, 12, 691, 101
RW: 0, 12, 691, 100
LW: 0, 12, 691, 101
RW: 0, 12, 691, 100
LW: 0, 12, 691, 101
RW: 0, 12, 691, 100
LW: 0, 12, 691, 101
RW: 0, 12, 692, 100
LW: 0, 12, 691, 101
RW: 0, 12, 692, 100
LW: 0, 12, 691, 101
RW: 0, 12, 692, 100
LW: 0, 12, 691, 101
RW: 0, 12, 692, 100
LW: 0, 12, 692, 101
RW: 0, 12, 692, 100
LW: 0, 12, 692, 101
RW: 0, 12, 692, 100
LW: 0, 12, 692, 101
RW: 0, 12, 692, 100
LW: 0, 12, 692, 101
RW: 0, 12, 692, 92
LW: 0, 12, 692, 102
RW: 0, 12, 692, 92
LW: 0, 12, 692, 102
RW: 0, 12, 692, 92
LW: 0, 12, 692, 102
RW: 0, 12, 692, 92
LW: 0, 12, 692, 102
RW: 0, 12, 692, 92
LW: 0, 12, 692, 102
RW: 0, 12, 692, 92
LW: 0, 12, 692, 102
RW: 0, 12, 692, 92
LW: 0, 12, 692, 102
RW: 0, 12, 693, 92
LW: 0, 12, 692, 102
RW: 0, 12, 693, 92
LW: 0, 12, 692, 102
RW: 0, 12, 693, 92
LW: 0, 12, 692, 102
RW: 0, 12, 693, 92
LW: 0, 12, 693, 102
RW: 0, 12, 693, 101
LW: 0, 12, 693, 102
RW: 0, 12, 693, 101
LW: 0, 12, 693, 102
RW: 0, 12, 693, 101
LW: 0, 12, 693, 102
RW: 0, 12, 694, 101
LW: 0, 12, 693, 102
RW: 0, 12, 694, 101
LW: 0, 12, 693, 102
RW: 0, 12, 694, 101
LW: 0, 12, 693, 102
RW: 0, 12, 694, 101
LW: 0, 12, 693, 102
RW: 0, 12, 694, 101
LW: 0, 12, 693, 102
RW: 0, 12, 694, 101
LW: 0, 12, 694, 102
RW: 0, 12, 694, 101
LW: 0, 12, 694, 102
RW: 0, 12, 694, 101
LW: 0, 12, 694, 102
RW: 0, 12, 694, 93
LW: 0, 12, 694, 102
RW: 0, 12, 694, 93
LW: 0, 12, 694, 102
RW: 0, 12, 694, 93
LW: 0, 12, 694, 102
RW: 0, 12, 694, 93
LW: 0, 12, 694, 102
RW: 0, 12, 694, 93
LW: 0, 12, 694, 102
RW: 0, 12, 694, 93
LW: 0, 12, 694, 102
RW: 0, 12, 694, 93
LW: 0, 12, 694, 102
RW: 0, 12, 695, 93
LW: 0, 12, 694, 102
RW: 0, 12, 695, 93
LW: 0, 12, 694, 102
RW: 0, 12, 695, 93
LW: 0, 12, 694, 102
RW: 0, 12, 695, 93
LW: 0, 12, 695, 102
RW: 0, 22, 695, 102
LW: 0, 22, 695, 102
RW: 0, 22, 695, 102
LW: 0, 22, 695, 102
RW: 0, 22, 695, 102
LW: 0, 22, 695, 102
RW: 0, 22, 696, 102
LW: 0, 22, 695, 102
RW: 0, 22, 696, 102
LW: 0, 22, 695, 102
RW: 0, 22, 696, 102
LW: 0, 22, 695, 102
RW: 0, 22, 696, 102
LW: 0, 22, 695, 102
RW: 0, 22, 696, 102
LW: 0, 22, 696, 102
RW: 0, 22, 696, 102
LW: 0, 22, 696, 102
RW: 0, 22, 696, 102
LW: 0, 22, 696, 102
RW: 0, 22, 696, 102
LW: 0, 22, 696, 102
RW: 0, 15, 696, 93
LW: 0, 15, 696, 93
RW: 0, 15, 696, 93
LW: 0, 15, 696, 93
RW: 0, 15, 696, 93
LW: 0, 15, 696, 93
RW: 0, 15, 696, 93
LW: 0, 15, 696, 93
RW: 0, 15, 696, 93
LW: 0, 15, 696, 93
RW: 0, 15, 697, 93
LW: 0, 15, 696, 93
RW: 0, 15, 697, 93
LW: 0, 15, 696, 93
RW: 0, 15, 697, 93
LW: 0, 15, 696, 93
RW: 0, 15, 697, 93
LW: 0, 15, 697, 93
RW: 0, 15, 697, 93
LW: 0, 15, 697, 93
RW: 0, 15, 697, 93
LW: 0, 15, 697, 93
RW: 0, 15, 697, 93
LW: 0, 15, 697, 93
RW: 0, 15, 698, 93
LW: 0, 15, 697, 93
RW: 0, 15, 698, 93
LW: 0, 15, 697, 93
RW: 0, 15, 698, 93
LW: 0, 15, 697, 93
RW: 0, 15, 698, 93
LW: 0, 15, 697, 93
RW: 0, 15, 698, 93
LW: 0, 15, 698, 93
RW: 0, 15, 698, 93
LW: 0, 15, 698, 93
RW: 0, 15, 698, 93
LW: 0, 15, 698, 93
RW: 0, 15, 698, 93
LW: 0, 15, 698, 93
RW: 0, 15, 698, 93
LW: 0, 15, 698, 93
RW: 0, 15, 698, 93
LW: 0, 15, 698, 93
RW: 0, 15, 698, 94
LW: 0, 15, 698, 94
RW: 0, 15, 698, 94
LW: 0, 15, 698, 94
RW: 0, 15, 698, 94
LW: 0, 15, 698, 94
RW: 0, 15, 699, 94
LW: 0, 15, 698, 94
RW: 0, 15, 699, 94
LW: 0, 15, 698, 94
RW: 0, 15, 699, 94
LW: 0, 15, 699, 94
RW: 0, 15, 699, 94
LW: 0, 15, 699, 94
RW: 0, 15, 699, 94
LW: 0, 15, 699, 94
RW: 0, 15, 699, 94
LW: 0, 15, 699, 94
RW: 0, 15, 700, 94
LW: 0, 15, 699, 94
RW: 0, 15, 700, 94
LW: 0, 15, 699, 94
RW: 0, 5, 700, 102
LW: 0, 15, 699, 93
RW: 0, 5, 700, 102
LW: 0, 15, 699, 93
RW: 0, 5, 700, 102
LW: 0, 15, 700, 93
RW: 0, 5, 700, 102
LW: 0, 15, 700, 93
RW: 0, 5, 700, 102
LW: 0, 15, 700, 93
RW: 0, 5, 700, 102
LW: 0, 15, 700, 93
RW: 0, 5, 700, 102
LW: 0, 15, 700, 93
RW: 0, 5, 700, 102
LW: 0, 15, 700, 93
RW: 0, 5, 700, 102
LW: 0, 15, 700, 93
RW: 0, 5, 700, 102
LW: 0, 15, 700, 93
RW: 0, 5, 700, 102
LW: 0, 15, 700, 93
RW: 0, 5, 700, 93
LW: 0, 15, 700, 94
RW: 0, 22, 701, 93
LW: 0, 15, 700, 94
RW: 0, 22, 701, 93
LW: 0, 15, 701, 94
RW: 0, 22, 701, 93
LW: 0, 15, 701, 94
RW: 0, 22, 701, 93
LW: 0, 15, 701, 94
RW: 0, 22, 701, 93
LW: 0, 15, 701, 94
RW: 0, 22, 701, 93
LW: 0, 15, 701, 94
RW: 0, 22, 701, 93
LW: 0, 15, 701, 94
RW: 0, 22, 702, 93
LW: 0, 15, 701, 94
RW: 0, 22, 702, 93
LW: 0, 15, 701, 94
RW: 0, 22, 702, 93
LW: 0, 15, 702, 94
RW: 0, 22, 702, 93
LW: 0, 15, 702, 94
RW: 0, 5, 702, 102
LW: 0, 5, 702, 102
RW: 0, 5, 702, 102
LW: 0, 5, 702, 102
RW: 0, 5, 702, 102
LW: 0, 5, 702, 102
RW: 0, 5, 702, 102
LW: 0, 5, 702, 102
RW: 0, 5, 702, 102
LW: 0, 5, 702, 102
RW: 0, 5, 702, 102
LW: 0, 5, 702, 102
RW: 0, 5, 702, 102
LW: 0, 5, 702, 102
RW: 0, 5, 702, 102
LW: 0, 5, 702, 102
RW: 0, 5, 702, 102
LW: 0, 5, 702, 102
RW: 0, 5, 703, 102
LW: 0, 5, 703, 102
RW: 0, 5, 703, 102
LW: 0, 5, 703, 102
RW: 0, 12, 703, 102
LW: 0, 12, 703, 102
RW: 0, 12, 703, 102
LW: 0, 12, 703, 102
RW: 0, 12, 703, 102
LW: 0, 12, 703, 102
RW: 0, 12, 703, 102
LW: 0, 12, 703, 102
RW: 0, 12, 703, 102
LW: 0, 12, 703, 102
RW: 0, 12, 704, 102
LW: 0, 12, 703, 102
RW: 0, 12, 704, 102
LW: 0, 12, 703, 102
RW: 0, 12, 704, 102
LW: 0, 12, 704, 102
RW: 0, 12, 704, 102
LW: 0, 12, 704, 102
RW: 0, 12, 704, 102
LW: 0, 12, 704, 102
RW: 0, 12, 704, 102
LW: 0, 12, 704, 102
RW: 0, 12, 704, 102
LW: 0, 12, 704, 102
RW: 0, 12, 704, 102
LW: 0, 12, 704, 102
RW: 0, 12, 704, 102
LW: 0, 12, 704, 102
RW: 0, 12, 704, 102
LW: 0, 12, 704, 102
RW: 0, 12, 704, 102
LW: 0, 12, 704, 102
RW: 0, 12, 704, 102
LW: 0, 12, 704, 102
RW: 0, 12, 704, 102
LW: 0, 12, 704, 102
RW: 0, 12, 704, 102
LW: 0, 12, 704, 102
RW: 0, 12, 705, 102
LW: 0, 12, 704, 102
RW: 0, 12, 705, 102
LW: 0, 12, 704, 102
RW: 0, 12, 705, 102
LW: 0, 12, 705, 102
RW: 0, 12, 705, 101
LW: 0, 12, 705, 102
RW: 0, 12, 705, 101
LW: 0, 12, 705, 102
RW: 0, 12, 705, 101
LW: 0, 12, 705, 102
RW: 0, 12, 705, 101
LW: 0, 12, 705, 102
RW: 0, 12, 706, 101
LW: 0, 12, 705, 102
RW: 0, 12, 706, 101
LW: 0, 12, 705, 102
RW: 0, 12, 706, 101
LW: 0, 12, 705, 102
RW: 0, 12, 706, 101
LW: 0, 12, 705, 102
RW: 0, 12, 706, 101
LW: 0, 12, 706, 102
RW: 0, 12, 706, 101
LW: 0, 12, 706, 102
RW: 0, 12, 706, 101
LW: 0, 12, 706, 102
RW: 0, 3, 706, 101
LW: 0, 3, 706, 102
RW: 0, 3, 706, 101
LW: 0, 3, 706, 102
RW: 0, 3, 706, 101
LW: 0, 3, 706, 102
RW: 0, 3, 706, 101
LW: 0, 3, 706, 102
RW: 0, 3, 706, 101
LW: 0, 3, 706, 102
RW: 0, 3, 706, 101
LW: 0, 3, 706, 102
RW: 0, 3, 707, 101
LW: 0, 3, 706, 102
RW: 0, 3, 707, 101
LW: 0, 3, 706, 102
RW: 0, 3, 707, 101
LW: 0, 3, 706, 102
RW: 0, 3, 707, 101
LW: 0, 3, 706, 102
RW: 0, 3, 707, 101
LW: 0, 3, 706, 102
RW: 0, 3, 707, 101
LW: 0, 10, 706, 92
RW: 0, 0, 707, 101
LW: 0, 10, 707, 92
RW: 0, 0, 708, 101
LW: 0, 10, 707, 92
RW: 0, 0, 708, 101
LW: 0, 10, 707, 92
RW: 0, 0, 708, 101
LW: 0, 10, 707, 92
RW: 0, 0, 708, 101
LW: 0, 10, 707, 92
RW: 0, 0, 708, 101
LW: 0, 10, 707, 92
RW: 0, 0, 708, 101
LW: 0, 10, 707, 92
RW: 0, 0, 708, 101
LW: 0, 10, 707, 92
RW: 0, 0, 708, 101
LW: 0, 10, 707, 92
RW: 0, 0, 708, 101
LW: 0, 10, 707, 92
RW: 0, 0, 708, 101
LW: 0, 10, 707, 92
RW: 0, -2, 708, 101
LW: 0, 0, 707, 92
RW: 0, -2, 708, 101
LW: 0, 0, 708, 92
RW: 0, -2, 708, 101
LW: 0, 0, 708, 92
RW: 0, -2, 708, 101
LW: 0, 0, 708, 92
RW: 0, -2, 708, 101
LW: 0, 0, 708, 92
RW: 0, -2, 708, 101
LW: 0, 0, 708, 92
RW: 0, -2, 708, 101
LW: 0, 0, 708, 92
RW: 0, -2, 708, 101
LW: 0, 0, 708, 92
RW: 0, -2, 708, 101
LW: 0, 0, 708, 92
RW: 0, -2, 708, 101
LW: 0, 0, 708, 92
RW: 0, -2, 709, 101
LW: 0, 0, 708, 92
RW: 0, -4, 709, 101
LW: 0, -2, 708, 92
RW: 0, -4, 709, 101
LW: 0, -2, 708, 92
RW: 0, -4, 709, 101
LW: 0, -2, 708, 92
RW: 0, -4, 709, 101
LW: 0, -2, 708, 92
RW: 0, -4, 709, 101
LW: 0, -2, 708, 92
RW: 0, -4, 709, 101
LW: 0, -2, 708, 92
RW: 0, -4, 709, 101
LW: 0, -2, 708, 92
RW: 0, -4, 709, 101
LW: 0, -2, 708, 92
RW: 0, -4, 709, 101
LW: 0, -2, 708, 92
RW: 0, -4, 709, 101
LW: 0, -2, 708, 92
RW: 0, -4, 709, 101
LW: 0, -2, 708, 92
RW: 0, 2, 709, 83
LW: 0, 5, 708, 83
RW: 0, 2, 709, 83
LW: 0, 5, 708, 83
RW: 0, 2, 709, 83
LW: 0, 5, 709, 83
RW: 0, 2, 709, 83
LW: 0, 5, 709, 83
RW: 0, 2, 709, 83
LW: 0, 5, 709, 83
RW: 0, 2, 710, 83
LW: 0, 5, 709, 83
RW: 0, 2, 710, 83
LW: 0, 5, 709, 83
RW: 0, 2, 710, 83
LW: 0, 5, 709, 83
RW: 0, 2, 710, 83
LW: 0, 5, 709, 83
RW: 0, 2, 710, 83
LW: 0, 5, 709, 83
RW: 0, 2, 710, 83
LW: 0, 5, 709, 83
RW: 0, 2, 710, 83
LW: 0, -4, 709, 83
RW: 0, -7, 710, 92
LW: 0, -4, 709, 83
RW: 0, -7, 710, 92
LW: 0, -4, 709, 83
RW: 0, -7, 710, 92
LW: 0, -4, 709, 83
RW: 0, -7, 710, 92
LW: 0, -4, 709, 83
RW: 0, -7, 710, 92
LW: 0, -4, 709, 83
RW: 0, -7, 710, 92
LW: 0, -4, 709, 83
RW: 0, -7, 710, 92
LW: 0, -4, 709, 83
RW: 0, -7, 710, 92
LW: 0, -4, 709, 83
RW: 0, -7, 710, 92
LW: 0, -4, 709, 83
RW: 0, -7, 710, 92
LW: 0, -4, 709, 83
RW: 0, -7, 710, 92
LW: 0, -4, 709, 83
RW: 0, 0, 710, 74
LW: 0, 2, 709, 64
RW: 0, 0, 710, 74
LW: 0, 2, 709, 64
RW: 0, 0, 710, 74
LW: 0, 2, 709, 64
RW: 0, 0, 710, 74
LW: 0, 2, 709, 64
RW: 0, 0, 710, 74
LW: 0, 2, 709, 64
RW: 0, 0, 710, 74
LW: 0, 2, 709, 64
RW: 0, 0, 710, 74
LW: 0, 2, 709, 64
RW: 0, 0, 710, 74
LW: 0, 2, 709, 64
RW: 0, 0, 710, 74
LW: 0, 2, 709, 64
RW: 0, 0, 710, 74
LW: 0, 2, 709, 64
RW: 0, 0, 710, 74
LW: 0, 2, 709, 64
RW: 0, 0, 710, 64
LW: 0, 2, 709, 55
RW: 0, 0, 710, 64
LW: 0, 2, 709, 55
RW: 0, 0, 710, 64
LW: 0, 2, 709, 55
RW: 0, 0, 710, 64
LW: 0, 2, 709, 55
RW: 0, 0, 710, 64
LW: 0, 2, 709, 55
RW: 0, 0, 710, 64
LW: 0, 2, 709, 55
RW: 0, 0, 710, 64
LW: 0, 2, 709, 55
RW: 0, 0, 710, 64
LW: 0, 2, 709, 55
RW: 0, 0, 710, 64
LW: 0, 2, 709, 55
RW: 0, 0, 710, 64
LW: 0, 2, 709, 55
RW: 0, 0, 710, 64
LW: 0, 2, 709, 55
RW: 0, 0, 710, 55
LW: 0, 2, 709, 46
RW: 0, 0, 710, 55
LW: 0, 2, 709, 46
RW: 0, 0, 710, 55
LW: 0, 2, 709, 46
RW: 0, 0, 710, 55
LW: 0, 2, 709, 46
RW: 0, 0, 710, 55
LW: 0, 2, 709, 46
RW: 0, 0, 710, 55
LW: 0, 2, 709, 46
RW: 0, 0, 710, 55
LW: 0, 2, 709, 46
RW: 0, 0, 710, 55
LW: 0, 2, 709, 46
RW: 0, 0, 710, 55
LW: 0, 2, 709, 46
RW: 0, 0, 710, 55
LW: 0, 2, 709, 46
RW: 0, 0, 710, 55
LW: 0, 2, 709, 46
RW: 0, 0, 710, 46
LW: 0, 2, 709, 36
RW: 0, 0, 710, 46
LW: 0, 2, 709, 36
RW: 0, 0, 710, 46
LW: 0, 2, 709, 36
RW: 0, 0, 710, 46
LW: 0, 2, 709, 36
RW: 0, 0, 710, 46
LW: 0, 2, 709, 36
RW: 0, 0, 710, 46
LW: 0, 2, 709, 36
RW: 0, 0, 710, 46
LW: 0, 2, 709, 36
RW: 0, 0, 710, 46
LW: 0, 2, 709, 36
RW: 0, 0, 710, 46
LW: 0, 2, 709, 36
RW: 0, 0, 710, 46
LW: 0, 2, 709, 36
RW: 0, 0, 710, 46
LW: 0, 2, 709, 36
RW: 0, 0, 710, 37
LW: 0, 2, 709, 27
RW: 0, 0, 710, 37
LW: 0, 2, 709, 27
RW: 0, 0, 710, 37
LW: 0, 2, 709, 27
RW: 0, 0, 710, 37
LW: 0, 2, 709, 27
RW: 0, 0, 710, 37
LW: 0, 2, 709, 27
RW: 0, 0, 710, 37
LW: 0, 2, 709, 27
RW: 0, 0, 710, 37
LW: 0, 2, 709, 27
RW: 0, 0, 710, 37
LW: 0, 2, 709, 27
RW: 0, 0, 710, 37
LW: 0, 2, 709, 27
RW: 0, 0, 710, 37
LW: 0, 2, 709, 27
RW: 0, 0, 710, 37
LW: 0, 2, 709, 27
RW: 0, 0, 710, 27
LW: 0, 2, 709, 27
RW: 0, 0, 710, 27
LW: 0, 2, 709, 27
RW: 0, 0, 710, 27
LW: 0, 2, 709, 27
RW: 0, 0, 710, 27
LW: 0, 2, 709, 27
RW: 0, 0, 710, 27
LW: 0, 2, 709, 27
RW: 0, 0, 710, 27
LW: 0, 2, 709, 27
RW: 0, 0, 710, 27
LW: 0, 2, 709, 27
RW: 0, 0, 710, 27
LW: 0, 2, 709, 27
RW: 0, 0, 710, 27
LW: 0, 2, 709, 27
RW: 0, 0, 710, 27
LW: 0, 2, 709, 27
RW: 0, 0, 710, 27
LW: 0, 2, 709, 27
RW: 0, 0, 710, 18
LW: 0, 2, 709, 18
RW: 0, 0, 710, 18
LW: 0, 2, 709, 18
RW: 0, 0, 710, 18
LW: 0, 2, 709, 18
RW: 0, 0, 710, 18
LW: 0, 2, 709, 18
RW: 0, 0, 710, 18
LW: 0, 2, 709, 18
RW: 0, 0, 710, 18
LW: 0, 2, 709, 18
RW: 0, 0, 710, 18
LW: 0, 2, 709, 18
RW: 0, 0, 710, 18
LW: 0, 2, 709, 18
RW: 0, 0, 710, 18
LW: 0, 2, 709, 18
RW: 0, 0, 710, 18
LW: 0, 2, 709, 18
RW: 0, 0, 710, 18
LW: 0, 2, 709, 18
RW: 0, 0, 710, 9
LW: 0, 2, 709, 9
RW: 0, 0, 710, 9
LW: 0, 2, 709, 9
RW: 0, 0, 710, 9
LW: 0, 2, 709, 9
RW: 0, 0, 710, 9
LW: 0, 2, 709, 9
RW: 0, 0, 710, 9
LW: 0, 2, 709, 9
RW: 0, 0, 710, 9
LW: 0, 2, 709, 9
RW: 0, 0, 710, 9
LW: 0, 2, 709, 9
RW: 0, 0, 710, 9
LW: 0, 2, 709, 9
RW: 0, 0, 710, 9
LW: 0, 2, 709, 9
RW: 0, 0, 710, 9
LW: 0, 2, 709, 9
RW: 0, 0, 710, 9
LW: 0, 2, 709, 9
RW: 0, 0, 710, 9
LW: 0, 2, 709, 9
RW: 0, 0, 710, 9
LW: 0, 2, 709, 9
RW: 0, 0, 710, 9
LW: 0, 2, 709, 9
RW: 0, 0, 710, 9
LW: 0, 2, 709, 9
RW: 0, 0, 710, 9
LW: 0, 2, 709, 9
RW: 0, 0, 710, 9
LW: 0, 2, 709, 9
RW: 0, 0, 710, 9
LW: 0, 2, 709, 9
RW: 0, 0, 710, 9
LW: 0, 2, 709, 9
RW: 0, 0, 710, 9
LW: 0, 2, 709, 9
RW: 0, 0, 710, 9
LW: 0, 2, 709, 9
RW: 0, 0, 710, 9
LW: 0, 2, 709, 9
RW: 0, 0, 710, 0
LW: 0, 2, 709, 0
RW: 0, 0, 710, 0
LW: 0, 2, 709, 0
RW: 0, 0, 710, 0
LW: 0, 2, 709, 0
RW: 0, 0, 710, 0
LW: 0, 2, 709, 0
RW: 0, 0, 710, 0
LW: 0, 2, 709, 0
RW: 0, 0, 710, 0
LW: 0, 2, 709, 0
RW: 0, 0, 710, 0
LW: 0, 2, 709, 0
RW: 0, 0, 710, 0
LW: 0, 2, 709, 0
RW: 0, 0, 710, 0
LW: 0, 2, 709, 0
RW: 0, 0, 710, 0
LW: 0, 2, 709, 0
RW: 0, 0, 710, 0
LW: 0, 2, 709, 0
RW: 0, 0, 710, 0
LW: 0, 2, 709, 0
RW: 0, 0, 710, 0
LW: 0, 2, 709, 0
RW: 0, 0, 710, 0
LW: 0, 2, 709, 0
RW: 0, 0, 710, 0
LW: 0, 2, 709, 0
RW: 0, 0, 710, 0
LW: 0, 2, 709, 0
RW: 0, 0, 710, 0
LW: 0, 2, 709, 0
RW: 0, 0, 710, 0
LW: 0, 2, 709, 0
RW: 0, 0, 710, 0
LW: 0, 2, 709, 0
RW: 0, 0, 710, 0
LW: 0, 2, 709, 0
RW: 0, 0, 710, 0
LW: 0, 2, 709, 0
RW: 0, 0, 710, 0
LW: 0, 2, 709, 0
RW: 0, 0, 710, 0
LW: 0, 2, 709, 0
RW: 0, 0, 710, 0
LW: 0, 2, 709, 0
RW: 0, 0, 710, 0
LW: 0, 2, 709, 0
RW: 0, 0, 710, 0
LW: 0, 2, 709, 0
RW: 0, 0, 710, 0
LW: 0, 2, 709, 0
RW: 0, 0, 710, 0
LW: 0, 2, 709, 0
RW: 0, 0, 710, 0
LW: 0, 2, 709, 0
RW: 0, 0, 710, 0
LW: 0, 2, 709, 0
RW: 0, 0, 710, 0
LW: 0, 2, 709, 0
RW: 0, 0, 710, 0
LW: 0, 2, 709, 0
RW: 0, 0, 710, 0
LW: 0, 2, 709, 0
RW: 0, 0, 710, 0
LW: 0, 2, 709, 0
RW: 0, 0, 710, 0
LW: 0, 2, 709, 0
RW: 0, 0, 710, 0
LW: 0, 2, 709, 0
RW: 0, 0, 710, 0
LW: 0, 2, 709, 0
RW: 0, 0, 710, 0
LW: 0, 2, 709, 0
RW: 0, 0, 710, 0
LW: 0, 2, 709, 0
RW: 0, 0, 710, 0
LW: 0, 2, 709, 0
RW: 0, 0, 710, 0
LW: 0, 2, 709, 0
RW: 0, 0, 710, 0
LW: 0, 2, 709, 0
RW: 0, 0, 710, 0
LW: 0, 2, 709, 0
RW: 0, 0, 710, 0
LW: 0, 2, 709, 0
RW: 0, 0, 710, 0
LW: 0, 2, 709, 0
RW: 0, 0, 710, 0
LW: 0, 2, 709, 0
RW: 0, 0, 710, 0
LW: 0, 2, 709, 0
RW: 0, 0, 710, 0
LW: 0, 2, 709, 0
RW: 0, 0, 710, 0
LW: 0, 2, 709, 0
RW: 0, 0, 710, 0
LW: 0, 2, 709, 0
RW: 0, 0, 710, 0
LW: 0, 2, 709, 0
RW: 0, 0, 710, 0
LW: 0, 2, 709, 0
RW: 0, 0, 710, 0
LW: 0, 2, 709, 0
RW: 0, 0, 710, 0
LW: 0, 2, 709, 0
RW: 0, 0, 710, 0
LW: 0, 2, 709, 0
RW: 0, 0, 710, 0
LW: 0, 2, 709, 0
RW: 0, 0, 710, 0
LW: 0, 2, 709, 0
RW: 0, 0, 710, 0
LW: 0, 2, 709, 0
RW: 0, 0, 710, 0
LW: 0, 2, 709, 0
RW: 0, 0, 710, 0
LW: 0, 2, 709, 0
RW: 0, 0, 710, 0
LW: 0, 2, 709, 0
RW: 0, 0, 710, 0
LW: 0, 2, 709, 0
RW: 0, 0, 710, 0
LW: 0, 2, 709, 0
RW: 0, 0, 710, 0
LW: 0, 2, 709, 0
RW: 0, 0, 710, 0
LW: 0, 2, 709, 0
RW: 0, 0, 710, 0
LW: 0, 2, 709, 0
RW: 0, 0, 710, 0
LW: 0, 2, 709, 0
RW: 0, 0, 710, 0
LW: 0, 2, 709, 0
RW: 0, 0, 710, 0
LW: 0, 2, 709, 0
RW: 0, 0, 710, 0
LW: 0, 2, 709, 0
RW: 0, 0, 710, 0
LW: 0, 2, 709, 0
RW: 0, 0, 710, 0
LW: 0, 2, 709, 0
RW: 0, 0, 710, 0
LW: 0, 2, 709, 0
RW: 0, 0, 710, 0
LW: 0, 2, 709, 0
RW: 0, 0, 710, 0
LW: 0, 2, 709, 0
RW: 0, 0, 710, 0
LW: 0, 2, 709, 0
RW: 0, 0, 710, 0
LW: 0, 2, 709, 0
RW: 0, 0, 710, 0
LW: 0, 2, 709, 0
RW: 0, 0, 710, 0
LW: 0, 2, 709, 0
RW: 0, 0, 710, 0
LW: 0, 2, 709, 0
RW: 0, 0, 710, 0
LW: 0, 2, 709, 0
RW: 0, 0, 710, 0
LW: 0, 2, 709, 0
RW: 0, 0, 710, 0
LW: 0, 2, 709, 0
RW: 0, 0, 710, 0
LW: 0, 2, 709, 0
RW: 0, 0, 710, 0
LW: 0, 2, 709, 0
RW: 0, 0, 710, 0
LW: 0, 2, 709, 0
RW: 0, 0, 710, 0
LW: 0, 2, 709, 0
RW: 0, 0, 710, 0
LW: 0, 2, 709, 0
RW: 0, 0, 710, 0
LW: 0, 2, 709, 0
RW: 0, 0, 710, 0
LW: 0, 2, 709, 0
RW: 0, 0, 710, 0
LW: 0, 2, 709, 0
RW: 0, 0, 710, 0
LW: 0, 2, 709, 0
RW: 0, 0, 710, 0
LW: 0, 2, 709, 0
RW: 0, 0, 710, 0
LW: 0, 2, 709, 0
RW: 0, 0, 710, 0
LW: 0, 2, 709, 0
RW: 0, 0, 710, 0
LW: 0, 2, 709, 0
RW: 0, 0, 710, 0
LW: 0, 2, 709, 0
RW: 0, 0, 710, 0
LW: 0, 2, 709, 0
RW: 0, 0, 710, 0
LW: 0, 2, 709, 0
RW: 0, 0, 710, 0
LW: 0, 2, 709, 0
RW: 0, 0, 710, 0
LW: 0, 2, 709, 0
RW: 0, 0, 710, 0
LW: 0, 2, 709, 0
RW: 0, 0, 710, 0
LW: 0, 2, 709, 0
RW: 0, 0, 710, 0
LW: 0, 2, 709, 0
RW: 0, 0, 710, 0
LW: 0, 2, 709, 0
RW: 0, 0, 710, 0
LW: 0, 2, 709, 0
RW: 0, 0, 710, 0
LW: 0, 2, 709, 0
RW: 0, 0, 710, 0
LW: 0, 2, 709, 0
RW: 0, 0, 710, 0
LW: 0, 2, 709, 0
RW: 0, 0, 710, 0
LW: 0, 2, 709, 0
RW: 0, 0, 710, 0
LW: 0, 2, 709, 0
RW: 0, 0, 710, 0
LW: 0, 2, 709, 0
RW: 0, 0, 710, 0
LW: 0, 2, 709, 0
RW: 0, 0, 710, 0
LW: 0, 2, 709, 0
RW: 0, 0, 710, 0
LW: 0, 2, 709, 0
RW: 0, 0, 710, 0
LW: 0, 2, 709, 0
RW: 0, 0, 710, 0
LW: 0, 2, 709, 0
RW: 0, 0, 710, 0
LW: 0, 2, 709, 0
RW: 0, 0, 710, 0
LW: 0, 2, 709, 0
RW: 0, 0, 710, 0
LW: 0, 2, 709, 0
RW: 0, 0, 710, 0
LW: 0, 2, 709, 0
RW: 0, 0, 710, 0
LW: 0, 2, 709, 0
RW: 0, 0, 710, 0
LW: 0, 2, 709, 0
RW: 0, 0, 710, 0
LW: 0, 2, 709, 0
RW: 0, 0, 710, 0
LW: 0, 2, 709, 0
RW: 0, 0, 710, 0
LW: 0, 2, 709, 0
RW: 0, 0, 710, 0
LW: 0, 2, 709, 0
RW: 0, 0, 710, 0
LW: 0, 2, 709, 0
RW: 0, 0, 710, 0
LW: 0, 2, 709, 0
RW: 0, 0, 710, 0
LW: 0, 2, 709, 0
RW: 0, 0, 710, 0
LW: 0, 2, 709, 0
RW: 0, 0, 710, 0
LW: 0, 2, 709, 0
RW: 0, 0, 710, 0
LW: 0, 2, 709, 0
RW: 0, 0, 710, 0
LW: 0, 2, 709, 0
RW: 0, 0, 710, 0
LW: 0, 2, 709, 0
RW: 0, 0, 710, 0
LW: 0, 2, 709, 0
RW: 0, 0, 710, 0
LW: 0, 2, 709, 0
RW: 0, 0, 710, 0
LW: 0, 2, 709, 0
RW: 0, 0, 710, 0
LW: 0, 2, 709, 0
RW: 0, 0, 710, 0
LW: 0, 2, 709, 0
RW: 0, 0, 710, 0
LW: 0, 2, 709, 0
RW: 0, 0, 710, 0
LW: 0, 2, 709, 0
RW: 0, 0, 710, 0
LW: 0, 2, 709, 0
RW: 0, 0, 710, 0
LW: 0, 2, 709, 0
RW: 0, 0, 710, 0
LW: 0, 2, 709, 0
RW: 0, 0, 710, 0
LW: 0, 2, 709, 0
RW: 0, 0, 710, 0
LW: 0, 2, 709, 0
RW: 0, 0, 710, 0
LW: 0, 2, 709, 0
RW: 0, 0, 710, 0
LW: 0, 2, 709, 0
RW: 0, 0, 710, 0
LW: 0, 2, 709, 0
RW: 0, 0, 710, 0
LW: 0, 2, 709, 0
RW: 0, 0, 710, 0
LW: 0, 2, 709, 0
RW: 0, 0, 710, 0
LW: 0, 2, 709, 0
RW: 0, 0, 710, 0
LW: 0, 2, 709, 0
RW: 0, 0, 710, 0
LW: 0, 2, 709, 0
RW: 0, 0, 710, 0
LW: 0, 2, 709, 0
RW: 0, 0, 710, 0
LW: 0, 2, 709, 0
RW: 0, 0, 710, 0
LW: 0, 2, 709, 0
RW: 0, 0, 710, 0
LW: 0, 2, 709, 0
RW: 0, 0, 710, 0
LW: 0, 2, 709, 0
RW: 0, 0, 710, 0
LW: 0, 2, 709, 0
RW: 0, 0, 710, 0
LW: 0, 2, 709, 0
RW: 0, 0, 710, 0
LW: 0, 2, 709, 0
RW: 0, 0, 710, 0
LW: 0, 2, 709, 0
RW: 0, 0, 710, 0
LW: 0, 2, 709, 0
RW: 0, 0, 710, 0
LW: 0, 2, 709, 0
RW: 0, 0, 710, 0
LW: 0, 2, 709, 0
RW: 0, 0, 710, 0
LW: 0, 2, 709, 0
RW: 0, 0, 710, 0
LW: 0, 2, 709, 0
RW: 0, 0, 710, 0
LW: 0, 2, 709, 0
RW: 0, 0, 710, 0
LW: 0, 2, 709, 0
RW: 0, 0, 710, 0
LW: 0, 2, 709, 0
RW: 0, 0, 710, 0
LW: 0, 2, 709, 0
RW: 0, 0, 710, 0
LW: 0, 2, 709, 0
RW: 0, 0, 710, 0
LW: 0, 2, 709, 0
RW: 0, 0, 710, 0
LW: 0, 2, 709, 0
RW: 0, 0, 710, 0
LW: 0, 2, 709, 0
RW: 0, 0, 710, 0
LW: 0, 2, 709, 0
RW: 0, 0, 710, 0
LW: 0, 2, 709, 0
RW: 0, 0, 710, 0
LW: 0, 2, 709, 0
RW: 0, 0, 710, 0
LW: 0, 2, 709, 0
RW: 0, 0, 710, 0
LW: 0, 2, 709, 0
RW: 0, 0, 710, 0
LW: 0, 2, 709, 0
RW: 0, 0, 710, 0
LW: 0, 2, 709, 0
RW: 0, 0, 710, 0
LW: 0, 2, 709, 0
RW: 0, 0, 710, 0
LW: 0, 2, 709, 0
RW: 0, 0, 710, 0
LW: 0, 2, 709, 0
RW: 0, 0, 710, 0
LW: 0, 2, 709, 0
RW: 0, 0, 710, 0
LW: 0, 2, 709, 0
RW: 0, 0, 710, 0
LW: 0, 2, 709, 0
RW: 0, 0, 710, 0
LW: 0, 2, 709, 0
RW: 0, 0, 710, 0
LW: 0, 2, 709, 0
RW: 0, 0, 710, 0
LW: 0, 2, 709, 0
RW: 0, 0, 710, 0
LW: 0, 2, 709, 0
RW: 0, 0, 710, 0
LW: 0, 2, 709, 0
RW: 0, 0, 710, 0
LW: 0, 2, 709, 0
RW: 0, 0, 710, 0
LW: 0, 2, 709, 0
RW: 0, 0, 710, 0
LW: 0, 2, 709, 0
RW: 0, 0, 710, 0
LW: 0, 2, 709, 0
RW: 0, 0, 710, 0
LW: 0, 2, 709, 0
RW: 0, 0, 710, 0
LW: 0, 2, 709, 0
RW: 0, 0, 710, 0
LW: 0, 2, 709, 0
RW: 0, 0, 710, 0
LW: 0, 2, 709, 0
RW: 0, 0, 710, 0
LW: 0, 2, 709, 0
RW: 0, 0, 710, 0
LW: 0, 2, 709, 0
RW: 0, 0, 710, 0
LW: 0, 2, 709, 0
RW: 0, 0, 710, 0
LW: 0, 2, 709, 0
RW: 0, 0, 710, 0
LW: 0, 2, 709, 0
RW: 0, 0, 710, 0
LW: 0, 2, 709, 0
RW: 0, 0, 710, 0
LW: 0, 2, 709, 0
RW: 0, 0, 710, 0
LW: 0, 2, 709, 0
RW: 0, 0, 710, 0
LW: 0, 2, 709, 0
RW: 0, 0, 710, 0
LW: 0, 2, 709, 0
RW: 0, 0, 710, 0
LW: 0, 2, 709, 0
RW: 0, 0, 710, 0
LW: 0, 2, 709, 0
RW: 0, 0, 710, 0
LW: 0, 2, 709, 0
RW: 0, 0, 710, 0
LW: 0, 2, 709, 0
RW: 0, 0, 710, 0
LW: 0, 2, 709, 0
RW: 0, 0, 710, 0
LW: 0, 2, 709, 0
RW: 0, 0, 710, 0
LW: 0, 2, 709, 0
RW: 0, 0, 710, 0
LW: 0, 2, 709, 0
RW: 0, 0, 710, 0
LW: 0, 2, 709, 0
RW: 0, 0, 710, 0
LW: 0, 2, 709, 0
RW: 0, 0, 710, 0
LW: 0, 2, 709, 0
RW: 0, 0, 710, 0
LW: 0, 2, 709, 0
RW: 0, 0, 710, 0
LW: 0, 2, 709, 0
RW: 0, 0, 710, 0
LW: 0, 2, 709, 0
RW: 0, 0, 710, 0
LW: 0, 2, 709, 0
RW: 0, 0, 710, 0
LW: 0, 2, 709, 0
RW: 0, 0, 710, 0
LW: 0, 2, 709, 0
RW: 0, 0, 710, 0
LW: 0, 2, 709, 0
RW: 0, 0, 710, 0
LW: 0, 2, 709, 0
RW: 0, 0, 710, 0
LW: 0, 2, 709, 0
RW: 0, 0, 710, 0
LW: 0, 2, 709, 0
RW: 0, 0, 710, 0
LW: 0, 2, 709, 0
RW: 0, 0, 710, 0
LW: 0, 2, 709, 0
RW: 0, 0, 710, 0
LW: 0, 2, 709, 0
RW: 0, 0, 710, 0
LW: 0, 2, 709, 0
RW: 0, 0, 710, 0
LW: 0, 2, 709, 0
RW: 0, 0, 710, 0
LW: 0, 2, 709, 0
RW: 0, 0, 710, 0
LW: 0, 2, 709, 0
RW: 0, 0, 710, 0
LW: 0, 2, 709, 0
RW: 0, 0, 710, 0
LW: 0, 2, 709, 0
RW: 0, 0, 710, 0
LW: 0, 2, 709, 0
RW: 0, 0, 710, 0
LW: 0, 2, 709, 0
RW: 0, 0, 710, 0
LW: 0, 2, 709, 0
RW: 0, 0, 710, 0
LW: 0, 2, 709, 0
RW: 0, 0, 710, 0
LW: 0, 2, 709, 0
RW: 0, 0, 710, 0
LW: 0, 2, 709, 0
RW: 0, 0, 710, 0
LW: 0, 2, 709, 0
RW: 0, 0, 710, 0
LW: 0, 2, 709, 0
RW: 0, 0, 710, 0
LW: 0, 2, 709, 0
RW: 0, 0, 710, 0
LW: 0, 2, 709, 0
RW: 0, 0, 710, 0
LW: 0, 2, 709, 0
RW: 0, 0, 710, 0
LW: 0, 2, 709, 0
RW: 0, 0, 710, 0
LW: 0, 2, 709, 0
RW: 0, 0, 710, 0
LW: 0, 2, 709, 0
RW: 0, 0, 710, 0
LW: 0, 2, 709, 0
RW: 0, 0, 710, 0
LW: 0, 2, 709, 0
RW: 0, 0, 710, 0
LW: 0, 2, 709, 0
RW: 0, 0, 710, 0
LW: 0, 2, 709, 0
RW: 0, 0, 710, 0
LW: 0, 2, 709, 0
RW: 0, 0, 710, 0
LW: 0, 2, 709, 0
RW: 0, 0, 710, 0
LW: 0, 2, 709, 0
RW: 0, 0, 710, 0
LW: 0, 2, 709, 0
RW: 0, 0, 710, 0
LW: 0, 2, 709, 0
RW: 0, 0, 710, 0
LW: 0, 2, 709, 0
RW: 0, 0, 710, 0
LW: 0, 2, 709, 0
RW: 0, 0, 710, 0
LW: 0, 2, 709, 0
RW: 0, 0, 710, 0
LW: 0, 2, 709, 0
RW: 0, 0, 710, 0
LW: 0, 2, 709, 0
RW: 0, 0, 710, 0
LW: 0, 2, 709, 0
RW: 0, 0, 710, 0
LW: 0, 2, 709, 0
RW: 0, 0, 710, 0
LW: 0, 2, 709, 0
RW: 0, 0, 710, 0
LW: 0, 2, 709, 0
RW: 0, 0, 710, 0
LW: 0, 2, 709, 0
RW: 0, 0, 710, 0
LW: 0, 2, 709, 0
RW: 0, 0, 710, 0
LW: 0, 2, 709, 0
RW: 0, 0, 710, 0
LW: 0, 2, 709, 0
RW: 0, 0, 710, 0
LW: 0, 2, 709, 0
RW: 0, 0, 710, 0
LW: 0, 2, 709, 0
RW: 0, 0, 710, 0
LW: 0, 2, 709, 0
RW: 0, 0, 710, 0
LW: 0, 2, 709, 0
RW: 0, 0, 710, 0
LW: 0, 2, 709, 0
RW: 0, 0, 710, 0
LW: 0, 2, 709, 0
RW: 0, 0, 710, 0
LW: 0, 2, 709, 0
RW: 0, 0, 710, 0
LW: 0, 2, 709, 0
RW: 0, 0, 710, 0
LW: 0, 2, 709, 0
RW: 0, 0, 710, 0
LW: 0, 2, 709, 0
RW: 0, 0, 710, 0
LW: 0, 2, 709, 0
RW: 0, 0, 710, 0
LW: 0, 2, 709, 0
RW: 0, 0, 710, 0
LW: 0, 2, 709, 0
RW: 0, 0, 710, 0
LW: 0, 2, 709, 0
RW: 0, 0, 710, 0
LW: 0, 2, 709, 0
RW: 0, 0, 710, 0
LW: 0, 2, 709, 0
RW: 0, 0, 710, 0
LW: 0, 2, 709, 0
RW: 0, 0, 710, 0
LW: 0, 2, 709, 0
RW: 0, 0, 710, 0
LW: 0, 2, 709, 0
RW: 0, 0, 710, 0
LW: 0, 2, 709, 0
RW: 0, 0, 710, 0
LW: 0, 2, 709, 0
RW: 0, 0, 710, 0
LW: 0, 2, 709, 0
RW: 0, 0, 710, 0
LW: 0, 2, 709, 0
RW: 0, 0, 710, 0
LW: 0, 2, 709, 0
RW: 0, 0, 710, 0
LW: 0, 2, 709, 0
RW: 0, 0, 710, 0
LW: 0, 2, 709, 0
RW: 0, 0, 710, 0
LW: 0, 2, 709, 0
RW: 0, 0, 710, 0
LW: 0, 2, 709, 0
RW: 0, 0, 710, 0
LW: 0, 2, 709, 0
RW: 0, 0, 710, 0
LW: 0, 2, 709, 0
RW: 0, 0, 710, 0
LW: 0, 2, 709, 0
RW: 0, 0, 710, 0
LW: 0, 2, 709, 0
RW: 0, 0, 710, 0
LW: 0, 2, 709, 0
RW: 0, 0, 710, 0
LW: 0, 2, 709, 0
RW: 0, 0, 710, 0
LW: 0, 2, 709, 0
RW: 0, 0, 710, 0
LW: 0, 2, 709, 0
RW: 0, 0, 710, 0
LW: 0, 2, 709, 0
RW: 0, 0, 710, 0
LW: 0, 2, 709, 0
RW: 0, 0, 710, 0
LW: 0, 2, 709, 0
RW: 0, 0, 710, 0
LW: 0, 2, 709, 0
RW: 0, 0, 710, 0
LW: 0, 2, 709, 0
RW: 0, 0, 710, 0
LW: 0, 2, 709, 0
RW: 0, 0, 710, 0
LW: 0, 2, 709, 0
RW: 0, 0, 710, 0
LW: 0, 2, 709, 0
RW: 0, 0, 710, 0
LW: 0, 2, 709, 0
RW: 0, 0, 710, 0
LW: 0, 2, 709, 0
RW: 0, 0, 710, 0
LW: 0, 2, 709, 0
RW: 0, 0, 710, 0
LW: 0, 2, 709, 0
RW: 0, 0, 710, 0
LW: 0, 2, 709, 0
RW: 0, 0, 710, 0
LW: 0, 2, 709, 0
RW: 0, 0, 710, 0
LW: 0, 2, 709, 0
RW: 0, 0, 710, 0
LW: 0, 2, 709, 0
RW: 0, 0, 710, 0
LW: 0, 2, 709, 0
RW: 0, 0, 710, 0
LW: 0, 2, 709, 0
RW: 0, 0, 710, 0
LW: 0, 2, 709, 0
RW: 0, 0, 710, 0
LW: 0, 2, 709, 0
RW: 0, 0, 710, 0
LW: 0, 2, 709, 0
RW: 0, 0, 710, 0
LW: 0, 2, 709, 0
RW: 0, 0, 710, 0
LW: 0, 2, 709, 0
RW: 0, 0, 710, 0
LW: 0, 2, 709, 0
RW: 0, 0, 710, 0
LW: 0, 2, 709, 0
RW: 0, 0, 710, 0
LW: 0, 2, 709, 0
RW: 0, 0, 710, 0
LW: 0, 2, 709, 0
RW: 0, 0, 710, 0
LW: 0, 2, 709, 0
RW: 0, 0, 710, 0
LW: 0, 2, 709, 0
RW: 0, 0, 710, 0
LW: 0, 2, 709, 0
RW: 0, 0, 710, 0
LW: 0, 2, 709, 0
RW: 0, 0, 710, 0
LW: 0, 2, 709, 0
RW: 0, 0, 710, 0
LW: 0, 2, 709, 0
RW: 0, 0, 710, 0
LW: 0, 2, 709, 0
RW: 0, 0, 710, 0
LW: 0, 2, 709, 0
RW: 0, 0, 710, 0
LW: 0, 2, 709, 0
RW: 0, 0, 710, 0
LW: 0, 2, 709, 0
RW: 0, 0, 710, 0
LW: 0, 2, 709, 0
RW: 0, 0, 710, 0
LW: 0, 2, 709, 0
RW: 0, 0, 710, 0
LW: 0, 2, 709, 0
RW: 0, 0, 710, 0
LW: 0, 2, 709, 0
RW: 0, 0, 710, 0
LW: 0, 2, 709, 0
RW: 0, 0, 710, 0
LW: 0, 2, 709, 0
RW: 0, 0, 710, 0
LW: 0, 2, 709, 0
RW: 0, 0, 710, 0
LW: 0, 2, 709, 0
RW: 0, 0, 710, 0
LW: 0, 2, 709, 0
RW: 0, 0, 710, 0
LW: 0, 2, 709, 0
RW: 0, 0, 710, 0
LW: 0, 2, 709, 0
RW: 0, 0, 710, 0
LW: 0, 2, 709, 0
RW: 0, 0, 710, 0
LW: 0, 2, 709, 0
RW: 0, 0, 710, 0
LW: 0, 2, 709, 0
RW: 0, 0, 710, 0
LW: 0, 2, 709, 0
RW: 0, 0, 710, 0
LW: 0, 2, 709, 0
RW: 0, 0, 710, 0
LW: 0, 2, 709, 0
RW: 0, 0, 710, 0
LW: 0, 2, 709, 0
RW: 0, 0, 710, 0
LW: 0, 2, 709, 0
RW: 0, 0, 710, 0
LW: 0, 2, 709, 0
RW: 0, 0, 710, 0
LW: 0, 2, 709, 0
RW: 0, 0, 710, 0
LW: 0, 2, 709, 0
RW: 0, 0, 710, 0
LW: 0, 2, 709, 0
RW: 0, 0, 710, 0
LW: 0, 2, 709, 0
RW: 0, 0, 710, 0
LW: 0, 2, 709, 0
RW: 0, 0, 710, 0
LW: 0, 2, 709, 0
RW: 0, 0, 710, 0
LW: 0, 2, 709, 0
RW: 0, 0, 710, 0
LW: 0, 2, 709, 0
RW: 0, 0, 710, 0
LW: 0, 2, 709, 0
RW: 0, 0, 710, 0
LW: 0, 2, 709, 0
RW: 0, 0, 710, 0
LW: 0, 2, 709, 0
RW: 0, 0, 710, 0
LW: 0, 2, 709, 0
RW: 0, 0, 710, 0
LW: 0, 2, 709, 0
RW: 0, 0, 710, 0
LW: 0, 2, 709, 0
RW: 0, 0, 710, 0
LW: 0, 2, 709, 0
RW: 0, 0, 710, 0
LW: 0, 2, 709, 0
RW: 0, 0, 710, 0
LW: 0, 2, 709, 0
RW: 0, 0, 710, 0
LW: 0, 2, 709, 0
RW: 0, 0, 710, 0
LW: 0, 2, 709, 0
RW: 0, 0, 710, 0
LW: 0, 2, 709, 0
RW: 0, 0, 710, 0
LW: 0, 2, 709, 0
RW: 0, 0, 710, 0
LW: 0, 2, 709, 0
RW: 0, 0, 710, 0
LW: 0, 2, 709, 0
RW: 0, 0, 710, 0
LW: 0, 2, 709, 0
RW: 0, 0, 710, 0
LW: 0, 2, 709, 0
RW: 0, 0, 710, 0
LW: 0, 2, 709, 0
RW: 0, 0, 710, 0
LW: 0, 2, 709, 0
RW: 0, 0, 710, 0
LW: 0, 2, 709, 0
RW: 0, 0, 710, 0
LW: 0, 2, 709, 0
RW: 0, 0, 710, 0
LW: 0, 2, 709, 0
RW: 0, 0, 710, 0
LW: 0, 2, 709, 0
RW: 0, 0, 710, 0
LW: 0, 2, 709, 0
RW: 0, 0, 710, 0
LW: 0, 2, 709, 0
RW: 0, 0, 710, 0
LW: 0, 2, 709, 0
RW: 0, 0, 710, 0
LW: 0, 2, 709, 0
RW: 0, 0, 710, 0
LW: 0, 2, 709, 0
RW: 0, 0, 710, 0
LW: 0, 2, 709, 0
RW: 0, 0, 710, 0
LW: 0, 2, 709, 0
RW: 0, 0, 710, 0
LW: 0, 2, 709, 0
RW: 0, 0, 710, 0
LW: 0, 2, 709, 0
RW: 0, 0, 710, 0
LW: 0, 2, 709, 0
RW: 0, 0, 710, 0
LW: 0, 2, 709, 0
RW: 0, 0, 710, 0
LW: 0, 2, 709, 0
RW: 0, 0, 710, 0
LW: 0, 2, 709, 0
RW: 0, 0, 710, 0
LW: 0, 2, 709, 0
RW: 0, 0, 710, 0
LW: 0, 2, 709, 0
RW: 0, 0, 710, 0
LW: 0, 2, 709, 0
RW: 0, 0, 710, 0
LW: 0, 2, 709, 0
RW: 0, 0, 710, 0
LW: 0, 2, 709, 0
RW: 0, 0, 710, 0
LW: 0, 2, 709, 0
RW: 0, 0, 710, 0
LW: 0, 2, 709, 0
RW: 0, 0, 710, 0
LW: 0, 2, 709, 0
RW: 0, 0, 710, 0
LW: 0, 2, 709, 0
RW: 0, 0, 710, 0
LW: 0, 2, 709, 0
RW: 0, 0, 710, 0
LW: 0, 2, 709, 0
RW: 0, 0, 710, 0
LW: 0, 2, 709, 0
RW: 0, 0, 710, 0
LW: 0, 2, 709, 0
RW: 0, 0, 710, 0
LW: 0, 2, 709, 0
RW: 0, 0, 710, 0
LW: 0, 2, 709, 0
RW: 0, 0, 710, 0
LW: 0, 2, 709, 0
RW: 0, 0, 710, 0
LW: 0, 2, 709, 0
RW: 0, 0, 710, 0
LW: 0, 2, 709, 0
RW: 0, 0, 710, 0
LW: 0, 2, 709, 0
RW: 0, 0, 710, 0
LW: 0, 2, 709, 0
RW: 0, 0, 710, 0
LW: 0, 2, 709, 0
RW: 0, 0, 710, 0
LW: 0, 2, 709, 0
RW: 0, 0, 710, 0
LW: 0, 2, 709, 0
RW: 0, 0, 710, 0
LW: 0, 2, 709, 0
RW: 0, 0, 710, 0
LW: 0, 2, 709, 0
RW: 0, 0, 710, 0
LW: 0, 2, 709, 0
RW: 0, 0, 710, 0
LW: 0, 2, 709, 0
RW: 0, 0, 710, 0
LW: 0, 2, 709, 0
RW: 0, 0, 710, 0
LW: 0, 2, 709, 0
RW: 0, 0, 710, 0
LW: 0, 2, 709, 0
RW: 0, 0, 710, 0
LW: 0, 2, 709, 0
RW: 0, 0, 710, 0
LW: 0, 2, 709, 0
RW: 0, 0, 710, 0
LW: 0, 2, 709, 0
RW: 0, 0, 710, 0
LW: 0, 2, 709, 0
RW: 0, 0, 710, 0
LW: 0, 2, 709, 0
RW: 0, 0, 710, 0
LW: 0, 2, 709, 0
RW: 0, 0, 710, 0
LW: 0, 2, 709, 0
RW: 0, 0, 710, 0
LW: 0, 2, 709, 0
RW: 0, 0, 710, 0
LW: 0, 2, 709, 0
RW: 0, 0, 710, 0
LW: 0, 2, 709, 0
RW: 0, 0, 710, 0
LW: 0, 2, 709, 0
RW: 0, 0, 710, 0
LW: 0, 2, 709, 0
RW: 0, 0, 710, 0
LW: 0, 2, 709, 0
RW: 0, 0, 710, 0
LW: 0, 2, 709, 0
RW: 0, 0, 710, 0
LW: 0, 2, 709, 0
RW: 0, 0, 710, 0
LW: 0, 2, 709, 0
RW: 0, 0, 710, 0
LW: 0, 2, 709, 0
RW: 0, 0, 710, 0
LW: 0, 2, 709, 0
RW: 0, 0, 710, 0
LW: 0, 2, 709, 0
RW: 0, 0, 710, 0
LW: 0, 2, 709, 0
RW: 0, 0, 710, 0
LW: 0, 2, 709, 0
RW: 0, 0, 710, 0
LW: 0, 2, 709, 0
RW: 0, 0, 710, 0
LW: 0, 2, 709, 0
RW: 0, 0, 710, 0
LW: 0, 2, 709, 0
RW: 0, 0, 710, 0
LW: 0, 2, 709, 0
RW: 0, 0, 710, 0
LW: 0, 2, 709, 0
RW: 0, 0, 710, 0
LW: 0, 2, 709, 0
RW: 0, 0, 710, 0
LW: 0, 2, 709, 0
RW: 0, 0, 710, 0
LW: 0, 2, 709, 0
RW: 0, 0, 710, 0
LW: 0, 2, 709, 0
RW: 0, 0, 710, 0
LW: 0, 2, 709, 0
RW: 0, 0, 710, 0
LW: 0, 2, 709, 0
RW: 0, 0, 710, 0
LW: 0, 2, 709, 0
RW: 0, 0, 710, 0
LW: 0, 2, 709, 0
RW: 0, 0, 710, 0
LW: 0, 2, 709, 0
RW: 0, 0, 710, 0
LW: 0, 2, 709, 0
RW: 0, 0, 710, 0
LW: 0, 2, 709, 0
RW: 0, 0, 710, 0
LW: 0, 2, 709, 0
RW: 0, 0, 710, 0
LW: 0, 2, 709, 0
RW: 0, 0, 710, 0
LW: 0, 2, 709, 0
RW: 0, 0, 710, 0
LW: 0, 2, 709, 0
RW: 0, 0, 710, 0
LW: 0, 2, 709, 0
RW: 0, 0, 710, 0
LW: 0, 2, 709, 0
RW: 0, 0, 710, 0
LW: 0, 2, 709, 0
RW: 0, 0, 710, 0
LW: 0, 2, 709, 0
RW: 0, 0, 710, 0
LW: 0, 2, 709, 0
RW: 0, 0, 710, 0
LW: 0, 2, 709, 0
RW: 0, 0, 710, 0
LW: 0, 2, 709, 0
RW: 0, 0, 710, 0
LW: 0, 2, 709, 0
RW: 0, 0, 710, 0
LW: 0, 2, 709, 0
RW: 0, 0, 710, 0
LW: 0, 2, 709, 0
RW: 0, 0, 710, 0
LW: 0, 2, 709, 0
RW: 0, 0, 710, 0
LW: 0, 2, 709, 0
RW: 0, 0, 710, 0
LW: 0, 2, 709, 0
RW: 0, 0, 710, 0
LW: 0, 2, 709, 0
RW: 0, 0, 710, 0
LW: 0, 2, 709, 0
RW: 0, 0, 710, 0
LW: 0, 2, 709, 0
RW: 0, 0, 710, 0
LW: 0, 2, 709, 0
RW: 0, 0, 710, 0
LW: 0, 2, 709, 0
RW: 0, 0, 710, 0
LW: 0, 2, 709, 0
RW: 0, 0, 710, 0
LW: 0, 2, 709, 0
RW: 0, 0, 710, 0
LW: 0, 2, 709, 0
RW: 0, 0, 710, 0
LW: 0, 2, 709, 0
RW: 0, 0, 710, 0
LW: 0, 2, 709, 0
RW: 0, 0, 710, 0
LW: 0, 2, 709, 0
RW: 0, 0, 710, 0
LW: 0, 2, 709, 0
RW: 0, 0, 710, 0
LW: 0, 2, 709, 0
RW: 0, 0, 710, 0
LW: 0, 2, 709, 0
RW: 0, 0, 710, 0
LW: 0, 2, 709, 0
RW: 0, 0, 710, 0
LW: 0, 2, 709, 0
RW: 0, 0, 710, 0
LW: 0, 2, 709, 0
RW: 0, 0, 710, 0
LW: 0, 2, 709, 0
RW: 0, 0, 710, 0
LW: 0, 2, 709, 0
RW: 0, 0, 710, 0
LW: 0, 2, 709, 0
RW: 0, 0, 710, 0
LW: 0, 2, 709, 0
RW: 0, 0, 710, 0
LW: 0, 2, 709, 0
RW: 0, 0, 710, 0
LW: 0, 2, 709, 0
RW: 0, 0, 710, 0
LW: 0, 2, 709, 0
RW: 0, 0, 710, 0
LW: 0, 2, 709, 0
RW: 0, 0, 710, 0
LW: 0, 2, 709, 0
RW: 0, 0, 710, 0
LW: 0, 2, 709, 0
RW: 0, 0, 710, 0
LW: 0, 2, 709, 0
RW: 0, 0, 710, 0
LW: 0, 2, 709, 0
RW: 0, 0, 710, 0
LW: 0, 2, 709, 0
RW: 0, 0, 710, 0
LW: 0, 2, 709, 0
RW: 0, 0, 710, 0
LW: 0, 2, 709, 0
RW: 0, 0, 710, 0
LW: 0, 2, 709, 0
RW: 0, 0, 710, 0
LW: 0, 2, 709, 0
RW: 0, 0, 710, 0
LW: 0, 2, 709, 0
RW: 0, 0, 710, 0
LW: 0, 2, 709, 0
RW: 0, 0, 710, 0
LW: 0, 2, 709, 0
RW: 0, 0, 710, 0
LW: 0, 2, 709, 0
RW: 0, 0, 710, 0
LW: 0, 2, 709, 0
RW: 0, 0, 710, 0
LW: 0, 2, 709, 0
RW: 0, 0, 710, 0
LW: 0, 2, 709, 0
RW: 0, 0, 710, 0
LW: 0, 2, 709, 0
RW: 0, 0, 710, 0
LW: 0, 2, 709, 0
RW: 0, 0, 710, 0
LW: 0, 2, 709, 0
RW: 0, 0, 710, 0
LW: 0, 2, 709, 0
RW: 0, 0, 710, 0
LW: 0, 2, 709, 0
RW: 0, 0, 710, 0
LW: 0, 2, 709, 0
RW: 0, 0, 710, 0
LW: 0, 2, 709, 0
RW: 0, 0, 710, 0
LW: 0, 2, 709, 0
RW: 0, 0, 710, 0
LW: 0, 2, 709, 0
RW: 0, 0, 710, 0
LW: 0, 2, 709, 0
RW: 0, 0, 710, 0
LW: 0, 2, 709, 0
RW: 0, 0, 710, 0
LW: 0, 2, 709, 0
RW: 0, 0, 710, 0
LW: 0, 2, 709, 0
RW: 0, 0, 710, 0
LW: 0, 2, 709, 0
RW: 0, 0, 710, 0
LW: 0, 2, 709, 0
RW: 0, 0, 710, 0
LW: 0, 2, 709, 0
RW: 0, 0, 710, 0
LW: 0, 2, 709, 0
RW: 0, 0, 710, 0
LW: 0, 2, 709, 0
RW: 0, 0, 710, 0
LW: 0, 2, 709, 0
RW: 0, 0, 710, 0
LW: 0, 2, 709, 0
RW: 0, 0, 710, 0
LW: 0, 2, 709, 0
RW: 0, 0, 710, 0
LW: 0, 2, 709, 0
RW: 0, 0, 710, 0
LW: 0, 2, 709, 0
RW: 0, 0, 710, 0
LW: 0, 2, 709, 0
RW: 0, 0, 710, 0
LW: 0, 2, 709, 0
RW: 0, 0, 710, 0
LW: 0, 2, 709, 0
RW: 0, 0, 710, 0
LW: 0, 2, 709, 0
RW: 0, 0, 710, 0
LW: 0, 2, 709, 0
RW: 0, 0, 710, 0
LW: 0, 2, 709, 0
RW: 0, 0, 710, 0
LW: 0, 2, 709, 0
RW: 0, 0, 710, 0
LW: 0, 2, 709, 0
RW: 0, 0, 710, 0
LW: 0, 2, 709, 0
RW: 0, 0, 710, 0
LW: 0, 2, 709, 0
RW: 0, 0, 710, 0
LW: 0, 2, 709, 0
RW: 0, 0, 710, 0
LW: 0, 2, 709, 0
RW: 0, 0, 710, 0
LW: 0, 2, 709, 0
RW: 0, 0, 710, 0
LW: 0, 2, 709, 0
RW: 0, 0, 710, 0
LW: 0, 2, 709, 0
RW: 0, 0, 710, 0
LW: 0, 2, 709, 0
RW: 0, 0, 710, 0
LW: 0, 2, 709, 0
RW: 0, 0, 710, 0
LW: 0, 2, 709, 0
RW: 0, 0, 710, 0
LW: 0, 2, 709, 0
RW: 0, 0, 710, 0
LW: 0, 2, 709, 0
RW: 0, 0, 710, 0
LW: 0, 2, 709, 0
RW: 0, 0, 710, 0
LW: 0, 2, 709, 0
RW: 0, 0, 710, 0
LW: 0, 2, 709, 0
RW: 0, 0, 710, 0
LW: 0, 2, 709, 0
RW: 0, 0, 710, 0
LW: 0, 2, 709, 0
RW: 0, 0, 710, 0
LW: 0, 2, 709, 0
RW: 0, 0, 710, 0
LW: 0, 2, 709, 0
RW: 0, 0, 710, 0
LW: 0, 2, 709, 0
RW: 0, 0, 710, 0
LW: 0, 2, 709, 0
RW: 0, 0, 710, 0
LW: 0, 2, 709, 0
RW: 0, 0, 710, 0
LW: 0, 2, 709, 0
RW: 0, 0, 710, 0
LW: 0, 2, 709, 0
RW: 0, 0, 710, 0
LW: 0, 2, 709, 0
RW: 0, 0, 710, 0
LW: 0, 2, 709, 0
RW: 0, 0, 710, 0
LW: 0, 2, 709, 0
RW: 0, 0, 710, 0
LW: 0, 2, 709, 0
RW: 0, 0, 710, 0
LW: 0, 2, 709, 0
RW: 0, 0, 710, 0
LW: 0, 2, 709, 0
RW: 0, 0, 710, 0
LW: 0, 2, 709, 0
RW: 0, 0, 710, 0
LW: 0, 2, 709, 0
RW: 0, 0, 710, 0
LW: 0, 2, 709, 0
RW: 0, 0, 710, 0
LW: 0, 2, 709, 0
RW: 0, 0, 710, 0
LW: 0, 2, 709, 0
RW: 0, 0, 710, 0
LW: 0, 2, 709, 0
RW: 0, 0, 710, 0
LW: 0, 2, 709, 0
RW: 0, 0, 710, 0
LW: 0, 2, 709, 0
RW: 0, 0, 710, 0
LW: 0, 2, 709, 0
RW: 0, 0, 710, 0
LW: 0, 2, 709, 0
RW: 0, 0, 710, 0
LW: 0, 2, 709, 0
RW: 0, 0, 710, 0
LW: 0, 2, 709, 0
RW: 0, 0, 710, 0
LW: 0, 2, 709, 0
RW: 0, 0, 710, 0
LW: 0, 2, 709, 0
RW: 0, 0, 710, 0
LW: 0, 2, 709, 0
RW: 0, 0, 710, 0
LW: 0, 2, 709, 0
RW: 0, 0, 710, 0
LW: 0, 2, 709, 0
RW: 0, 0, 710, 0
LW: 0, 2, 709, 0
RW: 0, 0, 710, 0
LW: 0, 2, 709, 0
RW: 0, 0, 710, 0
LW: 0, 2, 709, 0
RW: 0, 0, 710, 0
LW: 0, 2, 709, 0
RW: 0, 0, 710, 0
LW: 0, 2, 709, 0
RW: 0, 0, 710, 0
LW: 0, 2, 709, 0
RW: 0, 0, 710, 0
LW: 0, 2, 709, 0
RW: 0, 0, 710, 0
LW: 0, 2, 709, 0
RW: 0, 0, 710, 0
LW: 0, 2, 709, 0
RW: 0, 0, 710, 0
LW: 0, 2, 709, 0
RW: 0, 0, 710, 0
LW: 0, 2, 709, 0
RW: 0, 0, 710, 0
LW: 0, 2, 709, 0
RW: 0, 0, 710, 0
LW: 0, 2, 709, 0
RW: 0, 0, 710, 0
LW: 0, 2, 709, 0
RW: 0, 0, 710, 0
LW: 0, 2, 709, 0
RW: 0, 0, 710, 0
LW: 0, 2, 709, 0
RW: 0, 0, 710, 0
LW: 0, 2, 709, 0
RW: 0, 0, 710, 0
LW: 0, 2, 709, 0
RW: 0, 0, 710, 0
LW: 0, 2, 709, 0
RW: 0, 0, 710, 0
LW: 0, 2, 709, 0
RW: 0, 0, 710, 0
LW: 0, 2, 709, 0
RW: 0, 0, 710, 0
LW: 0, 2, 709, 0
RW: 0, 0, 710, 0
LW: 0, 2, 709, 0
RW: 0, 0, 710, 0
LW: 0, 2, 709, 0
RW: 0, 0, 710, 0
LW: 0, 2, 709, 0
RW: 0, 0, 710, 0
LW: 0, 2, 709, 0
RW: 0, 0, 710, 0
LW: 0, 2, 709, 0
RW: 0, 0, 710, 0
LW: 0, 2, 709, 0
RW: 0, 0, 710, 0
LW: 0, 2, 709, 0
RW: 0, 0, 710, 0
LW: 0, 2, 709, 0
RW: 0, 0, 710, 0
LW: 0, 2, 709, 0
RW: 0, 0, 710, 0
LW: 0, 2, 709, 0
RW: 0, 0, 710, 0
LW: 0, 2, 709, 0
RW: 0, 0, 710, 0
LW: 0, 2, 709, 0
RW: 0, 0, 710, 0
LW: 0, 2, 709, 0
RW: 0, 0, 710, 0
LW: 0, 2, 709, 0
RW: 0, 0, 710, 0
LW: 0, 2, 709, 0
RW: 0, 0, 710, 0
LW: 0, 2, 709, 0
RW: 0, 0, 710, 0
LW: 0, 2, 709, 0
RW: 0, 0, 710, 0
LW: 0, 2, 709, 0
RW: 0, 0, 710, 0
LW: 0, 2, 709, 0
RW: 0, 0, 710, 0
LW: 0, 2, 709, 0
RW: 0, 0, 710, 0
LW: 0, 2, 709, 0
RW: 0, 0, 710, 0
LW: 0, 2, 709, 0
RW: 0, 0, 710, 0
LW: 0, 2, 709, 0
RW: 0, 0, 710, 0
LW: 0, 2, 709, 0
RW: 0, 0, 710, 0
LW: 0, 2, 709, 0
RW: 0, 0, 710, 0
LW: 0, 2, 709, 0
RW: 0, 0, 710, 0
LW: 0, 2, 709, 0
RW: 0, 0, 710, 0
LW: 0, 2, 709, 0
RW: 0, 0, 710, 0
LW: 0, 2, 709, 0
RW: 0, 0, 710, 0
LW: 0, 2, 709, 0
RW: 0, 0, 710, 0
LW: 0, 2, 709, 0
RW: 0, 0, 710, 0
LW: 0, 2, 709, 0
RW: 0, 0, 710, 0
LW: 0, 2, 709, 0
RW: 0, 0, 710, 0
LW: 0, 2, 709, 0
RW: 0, 0, 710, 0
LW: 0, 2, 709, 0
RW: 0, 0, 710, 0
LW: 0, 2, 709, 0
RW: 0, 0, 710, 0
LW: 0, 2, 709, 0
RW: 0, 0, 710, 0
LW: 0, 2, 709, 0
RW: 0, 0, 710, 0
LW: 0, 2, 709, 0
RW: 0, 0, 710, 0
LW: 0, 2, 709, 0
RW: 0, 0, 710, 0
LW: 0, 2, 709, 0
RW: 0, 0, 710, 0
LW: 0, 2, 709, 0
RW: 0, 0, 710, 0
LW: 0, 2, 709, 0
RW: 0, 0, 710, 0
LW: 0, 2, 709, 0
RW: 0, 0, 710, 0
LW: 0, 2, 709, 0
RW: 0, 0, 710, 0
LW: 0, 2, 709, 0
RW: 0, 0, 710, 0
LW: 0, 2, 709, 0
RW: 0, 0, 710, 0
LW: 0, 2, 709, 0
RW: 0, 0, 710, 0
LW: 0, 2, 709, 0
RW: 0, 0, 710, 0
LW: 0, 2, 709, 0
RW: 0, 0, 710, 0
LW: 0, 2, 709, 0
RW: 0, 0, 710, 0
LW: 0, 2, 709, 0
RW: 0, 0, 710, 0
LW: 0, 2, 709, 0
RW: 0, 0, 710, 0
LW: 0, 2, 709, 0
RW: 0, 0, 710, 0
LW: 0, 2, 709, 0
RW: 0, 0, 710, 0
LW: 0, 2, 709, 0
RW: 0, 0, 710, 0
LW: 0, 2, 709, 0
RW: 0, 0, 710, 0
LW: 0, 2, 709, 0
RW: 0, 0, 710, 0
LW: 0, 2, 709, 0
RW: 0, 0, 710, 0
LW: 0, 2, 709, 0
RW: 0, 0, 710, 0
LW: 0, 2, 709, 0
RW: 0, 0, 710, 0
LW: 0, 2, 709, 0
RW: 0, 0, 710, 0
LW: 0, 2, 709, 0
RW: 0, 0, 710, 0
LW: 0, 2, 709, 0
RW: 0, 0, 710, 0
LW: 0, 2, 709, 0
RW: 0, 0, 710, 0
LW: 0, 2, 709, 0
RW: 0, 0, 710, 0
LW: 0, 2, 709, 0
RW: 0, 0, 710, 0
LW: 0, 2, 709, 0
RW: 0, 0, 710, 0
LW: 0, 2, 709, 0
RW: 0, 0, 710, 0
LW: 0, 2, 709, 0
RW: 0, 0, 710, 0
LW: 0, 2, 709, 0
RW: 0, 0, 710, 0
LW: 0, 2, 709, 0
RW: 0, 0, 710, 0
LW: 0, 2, 709, 0
RW: 0, 0, 710, 0
LW: 0, 2, 709, 0
RW: 0, 0, 710, 0
LW: 0, 2, 709, 0
RW: 0, 0, 710, 0
LW: 0, 2, 709, 0
RW: 0, 0, 710, 0
LW: 0, 2, 709, 0
RW: 0, 0, 710, 0
LW: 0, 2, 709, 0
RW: 0, 0, 710, 0
LW: 0, 2, 709, 0
RW: 0, 0, 710, 0
LW: 0, 2, 709, 0
RW: 0, 0, 710, 0
LW: 0, 2, 709, 0
RW: 0, 0, 710, 0
LW: 0, 2, 709, 0
RW: 0, 0, 710, 0
LW: 0, 2, 709, 0
RW: 0, 0, 710, 0
LW: 0, 2, 709, 0
RW: 0, 0, 710, 0
LW: 0, 2, 709, 0
RW: 0, 0, 710, 0
LW: 0, 2, 709, 0
RW: 0, 0, 710, 0
LW: 0, 2, 709, 0
RW: 0, 0, 710, 0
LW: 0, 2, 709, 0
RW: 0, 0, 710, 0
LW: 0, 2, 709, 0
RW: 0, 0, 710, 0
LW: 0, 2, 709, 0
RW: 0, 0, 710, 0
LW: 0, 2, 709, 0
RW: 0, 0, 710, 0
LW: 0, 2, 709, 0
RW: 0, 0, 710, 0
LW: 0, 2, 709, 0
RW: 0, 0, 710, 0
LW: 0, 2, 709, 0
RW: 0, 0, 710, 0
LW: 0, 2, 709, 0
RW: 0, 0, 710, 0
LW: 0, 2, 709, 0
RW: 0, 0, 710, 0
LW: 0, 2, 709, 0
RW: 0, 0, 710, 0
LW: 0, 2, 709, 0
RW: 0, 0, 710, 0
LW: 0, 2, 709, 0
RW: 0, 0, 710, 0
LW: 0, 2, 709, 0
RW: 0, 0, 710, 0
LW: 0, 2, 709, 0
RW: 0, 0, 710, 0
LW: 0, 2, 709, 0
RW: 0, 0, 710, 0
LW: 0, 2, 709, 0
RW: 0, 0, 710, 0
LW: 0, 2, 709, 0
RW: 0, 0, 710, 0
LW: 0, 2, 709, 0
RW: 0, 0, 710, 0
LW: 0, 2, 709, 0
RW: 0, 0, 710, 0
LW: 0, 2, 709, 0
RW: 0, 0, 710, 0
LW: 0, 2, 709, 0
RW: 0, 0, 710, 0
LW: 0, 2, 709, 0
RW: 0, 0, 710, 0
LW: 0, 2, 709, 0
RW: 0, 0, 710, 0
LW: 0, 2, 709, 0
RW: 0, 0, 710, 0
LW: 0, 2, 709, 0
RW: 0, 0, 710, 0
LW: 0, 2, 709, 0
RW: 0, 0, 710, 0
LW: 0, 2, 709, 0
RW: 0, 0, 710, 0
LW: 0, 2, 709, 0
RW: 0, 0, 710, 0
LW: 0, 2, 709, 0
RW: 0, 0, 710, 0
LW: 0, 2, 709, 0
RW: 0, 0, 710, 0
LW: 0, 2, 709, 0
RW: 0, 0, 710, 0
LW: 0, 2, 709, 0
RW: 0, 0, 710, 0
LW: 0, 2, 709, 0
RW: 0, 0, 710, 0
LW: 0, 2, 709, 0
RW: 0, 0, 710, 0
LW: 0, 2, 709, 0
RW: 0, 0, 710, 0
LW: 0, 2, 709, 0
RW: 0, 0, 710, 0
LW: 0, 2, 709, 0
RW: 0, 0, 710, 0
LW: 0, 2, 709, 0
RW: 0, 0, 710, 0
LW: 0, 2, 709, 0
RW: 0, 0, 710, 0
LW: 0, 2, 709, 0
RW: 0, 0, 710, 0
LW: 0, 2, 709, 0
RW: 0, 0, 710, 0
LW: 0, 2, 709, 0
RW: 0, 0, 710, 0
LW: 0, 2, 709, 0
RW: 0, 0, 710, 0
LW: 0, 2, 709, 0
RW: 0, 0, 710, 0
LW: 0, 2, 709, 0
RW: 0, 0, 710, 0
LW: 0, 2, 709, 0
RW: 0, 0, 710, 0
LW: 0, 2, 709, 0
RW: 0, 0, 710, 0
LW: 0, 2, 709, 0
RW: 0, 0, 710, 0
LW: 0, 2, 709, 0
RW: 0, 0, 710, 0
LW: 0, 2, 709, 0
RW: 0, 0, 710, 0
LW: 0, 2, 709, 0
RW: 0, 0, 710, 0
LW: 0, 2, 709, 0
RW: 0, 0, 710, 0
LW: 0, 2, 709, 0
RW: 0, 0, 710, 0
LW: 0, 2, 709, 0
RW: 0, 0, 710, 0
LW: 0, 2, 709, 0
RW: 0, 0, 710, 0
LW: 0, 2, 709, 0
RW: 0, 0, 710, 0
LW: 0, 2, 709, 0
RW: 0, 0, 710, 0
LW: 0, 2, 709, 0
RW: 0, 0, 710, 0
LW: 0, 2, 709, 0
RW: 0, 0, 710, 0
LW: 0, 2, 709, 0
RW: 0, 0, 710, 0
LW: 0, 2, 709, 0
RW: 0, 0, 710, 0
LW: 0, 2, 709, 0
RW: 0, 0, 710, 0
LW: 0, 2, 709, 0
RW: 0, 0, 710, 0
LW: 0, 2, 709, 0
RW: 0, 0, 710, 0
LW: 0, 2, 709, 0
RW: 0, 0, 710, 0
LW: 0, 2, 709, 0
RW: 0, 0, 710, 0
LW: 0, 2, 709, 0
RW: 0, 0, 710, 0
LW: 0, 2, 709, 0
RW: 0, 0, 710, 0
LW: 0, 2, 709, 0
RW: 0, 0, 710, 0
LW: 0, 2, 709, 0
RW: 0, 0, 710, 0
LW: 0, 2, 709, 0
RW: 0, 0, 710, 0
LW: 0, 2, 709, 0
RW: 0, 0, 710, 0
LW: 0, 2, 709, 0
RW: 0, 0, 710, 0
LW: 0, 2, 709, 0
RW: 0, 0, 710, 0
LW: 0, 2, 709, 0
RW: 0, 0, 710, 0
LW: 0, 2, 709, 0
RW: 0, 0, 710, 0
LW: 0, 2, 709, 0
RW: 0, 0, 710, 0
LW: 0, 2, 709, 0
RW: 0, 0, 710, 0
LW: 0, 2, 709, 0
RW: 0, 0, 710, 0
LW: 0, 2, 709, 0
RW: 0, 0, 710, 0
LW: 0, 2, 709, 0
RW: 0, 0, 710, 0
LW: 0, 2, 709, 0
RW: 0, 0, 710, 0
LW: 0, 2, 709, 0
RW: 0, 0, 710, 0
LW: 0, 2, 709, 0
RW: 0, 0, 710, 0
LW: 0, 2, 709, 0
RW: 0, 0, 710, 0
LW: 0, 2, 709, 0
RW: 0, 0, 710, 0
LW: 0, 2, 709, 0
RW: 0, 0, 710, 0
LW: 0, 2, 709, 0
RW: 0, 0, 710, 0
LW: 0, 2, 709, 0
RW: 0, 0, 710, 0
LW: 0, 2, 709, 0
RW: 0, 0, 710, 0
LW: 0, 2, 709, 0
RW: 0, 0, 710, 0
LW: 0, 2, 709, 0
RW: 0, 0, 710, 0
LW: 0, 2, 709, 0
RW: 0, 0, 710, 0
LW: 0, 2, 709, 0
RW: 0, 0, 710, 0
LW: 0, 2, 709, 0
RW: 0, 0, 710, 0
LW: 0, 2, 709, 0
RW: 0, 0, 710, 0
LW: 0, 2, 709, 0
RW: 0, 0, 710, 0
LW: 0, 2, 709, 0
RW: 0, 0, 710, 0
LW: 0, 2, 709, 0
RW: 0, 0, 710, 0
LW: 0, 2, 709, 0
RW: 0, 0, 710, 0
LW: 0, 2, 709, 0
RW: 0, 0, 710, 0
LW: 0, 2, 709, 0
RW: 0, 0, 710, 0
LW: 0, 2, 709, 0
RW: 0, 0, 710, 0
LW: 0, 2, 709, 0
RW: 0, 0, 710, 0
LW: 0, 2, 709, 0
RW: 0, 0, 710, 0
LW: 0, 2, 709, 0
RW: 0, 0, 710, 0
LW: 0, 2, 709, 0
RW: 0, 0, 710, 0
LW: 0, 2, 709, 0
RW: 0, 0, 710, 0
LW: 0, 2, 709, 0
RW: 0, 0, 710, 0
LW: 0, 2, 709, 0
RW: 0, 0, 710, 0
LW: 0, 2, 709, 0
RW: 0, 0, 710, 0
LW: 0, 2, 709, 0
RW: 0, 0, 710, 0
LW: 0, 2, 709, 0
RW: 0, 0, 710, 0
LW: 0, 2, 709, 0
RW: 0, 0, 710, 0
LW: 0, 2, 709, 0
RW: 0, 0, 710, 0
LW: 0, 2, 709, 0
RW: 0, 0, 710, 0
LW: 0, 2, 709, 0
RW: 0, 0, 710, 0
LW: 0, 2, 709, 0
RW: 0, 0, 710, 0
LW: 0, 2, 709, 0
RW: 0, 0, 710, 0
LW: 0, 2, 709, 0
RW: 0, 0, 710, 0
LW: 0, 2, 709, 0
RW: 0, 0, 710, 0
LW: 0, 2, 709, 0
RW: 0, 0, 710, 0
LW: 0, 2, 709, 0
RW: 0, 0, 710, 0
LW: 0, 2, 709, 0
RW: 0, 0, 710, 0
LW: 0, 2, 709, 0
RW: 0, 0, 710, 0
LW: 0, 2, 709, 0
RW: 0, 0, 710, 0
LW: 0, 2, 709, 0
RW: 0, 0, 710, 0
LW: 0, 2, 709, 0
RW: 0, 0, 710, 0
LW: 0, 2, 709, 0
RW: 0, 0, 710, 0
LW: 0, 2, 709, 0
RW: 0, 0, 710, 0
LW: 0, 2, 709, 0
RW: 0, 0, 710, 0
LW: 0, 2, 709, 0
RW: 0, 0, 710, 0
LW: 0, 2, 709, 0
RW: 0, 0, 710, 0
LW: 0, 2, 709, 0
RW: 0, 0, 710, 0
LW: 0, 2, 709, 0
RW: 0, 0, 710, 0
LW: 0, 2, 709, 0
RW: 0, 0, 710, 0
LW: 0, 2, 709, 0
RW: 0, 0, 710, 0
LW: 0, 2, 709, 0
RW: 0, 0, 710, 0
LW: 0, 2, 709, 0
RW: 0, 0, 710, 0
LW: 0, 2, 709, 0
RW: 0, 0, 710, 0
LW: 0, 2, 709, 0
RW: 0, 0, 710, 0
LW: 0, 2, 709, 0
RW: 0, 0, 710, 0
LW: 0, 2, 709, 0
RW: 0, 0, 710, 0
LW: 0, 2, 709, 0
RW: 0, 0, 710, 0
LW: 0, 2, 709, 0
RW: 0, 0, 710, 0
LW: 0, 2, 709, 0
RW: 0, 0, 710, 0
LW: 0, 2, 709, 0
RW: 0, 0, 710, 0
LW: 0, 2, 709, 0
RW: 0, 0, 710, 0
LW: 0, 2, 709, 0
RW: 0, 0, 710, 0
LW: 0, 2, 709, 0
RW: 0, 0, 710, 0
LW: 0, 2, 709, 0
RW: 0, 0, 710, 0
LW: 0, 2, 709, 0
RW: 0, 0, 710, 0
LW: 0, 2, 709, 0
RW: 0, 0, 710, 0
LW: 0, 2, 709, 0
RW: 0, 0, 710, 0
LW: 0, 2, 709, 0
RW: 0, 0, 710, 0
LW: 0, 2, 709, 0
RW: 0, 0, 710, 0
LW: 0, 2, 709, 0
RW: 0, 0, 710, 0
LW: 0, 2, 709, 0
RW: 0, 0, 710, 0
LW: 0, 2, 709, 0
RW: 0, 0, 710, 0
LW: 0, 2, 709, 0
RW: 0, 0, 710, 0
LW: 0, 2, 709, 0
RW: 0, 0, 710, 0
LW: 0, 2, 709, 0
RW: 0, 0, 710, 0
LW: 0, 2, 709, 0
RW: 0, 0, 710, 0
LW: 0, 2, 709, 0
RW: 0, 0, 710, 0
LW: 0, 2, 709, 0
RW: 0, 0, 710, 0
LW: 0, 2, 709, 0
RW: 0, 0, 710, 0
LW: 0, 2, 709, 0
RW: 0, 0, 710, 0
LW: 0, 2, 709, 0
RW: 0, 0, 710, 0
LW: 0, 2, 709, 0
RW: 0, 0, 710, 0
LW: 0, 2, 709, 0
RW: 0, 0, 710, 0
LW: 0, 2, 709, 0
RW: 0, 0, 710, 0
LW: 0, 2, 709, 0
RW: 0, 0, 710, 0
LW: 0, 2, 709, 0
RW: 0, 0, 710, 0
LW: 0, 2, 709, 0
RW: 0, 0, 710, 0
LW: 0, 2, 709, 0
RW: 0, 0, 710, 0
LW: 0, 2, 709, 0
RW: 0, 0, 710, 0
LW: 0, 2, 709, 0
RW: 0, 0, 710, 0
LW: 0, 2, 709, 0
RW: 0, 0, 710, 0
LW: 0, 2, 709, 0
RW: 0, 0, 710, 0
LW: 0, 2, 709, 0
RW: 0, 0, 710, 0
LW: 0, 2, 709, 0
RW: 0, 0, 710, 0
LW: 0, 2, 709, 0
RW: 0, 0, 710, 0
LW: 0, 2, 709, 0
RW: 0, 0, 710, 0
LW: 0, 2, 709, 0
RW: 0, 0, 710, 0
LW: 0, 2, 709, 0
RW: 0, 0, 710, 0
LW: 0, 2, 709, 0
RW: 0, 0, 710, 0
LW: 0, 2, 709, 0
RW: 0, 0, 710, 0
LW: 0, 2, 709, 0
RW: 0, 0, 710, 0
LW: 0, 2, 709, 0
RW: 0, 0, 710, 0
LW: 0, 2, 709, 0
RW: 0, 0, 710, 0
LW: 0, 2, 709, 0
RW: 0, 0, 710, 0
LW: 0, 2, 709, 0
RW: 0, 0, 710, 0
LW: 0, 2, 709, 0
RW: 0, 0, 710, 0
LW: 0, 2, 709, 0
RW: 0, 0, 710, 0
LW: 0, 2, 709, 0
RW: 0, 0, 710, 0
LW: 0, 2, 709, 0
RW: 0, 0, 710, 0
LW: 0, 2, 709, 0
RW: 0, 0, 710, 0
LW: 0, 2, 709, 0
RW: 0, 0, 710, 0
LW: 0, 2, 709, 0
RW: 0, 0, 710, 0
LW: 0, 2, 709, 0
RW: 0, 0, 710, 0
LW: 0, 2, 709, 0
RW: 0, 0, 710, 0
LW: 0, 2, 709, 0
RW: 0, 0, 710, 0
LW: 0, 2, 709, 0
RW: 0, 0, 710, 0
LW: 0, 2, 709, 0
RW: 0, 0, 710, 0
LW: 0, 2, 709, 0
RW: 0, 0, 710, 0
LW: 0, 2, 709, 0
RW: 0, 0, 710, 0
LW: 0, 2, 709, 0
RW: 0, 0, 710, 0
LW: 0, 2, 709, 0
RW: 0, 0, 710, 0
LW: 0, 2, 709, 0
RW: 0, 0, 710, 0
LW: 0, 2, 709, 0
RW: 0, 0, 710, 0
LW: 0, 2, 709, 0
RW: 0, 0, 710, 0
LW: 0, 2, 709, 0
RW: 0, 0, 710, 0
LW: 0, 2, 709, 0
RW: 0, 0, 710, 0
LW: 0, 2, 709, 0
RW: 0, 0, 710, 0
LW: 0, 2, 709, 0
RW: 0, 0, 710, 0
LW: 0, 2, 709, 0
RW: 0, 0, 710, 0
LW: 0, 2, 709, 0
RW: 0, 0, 710, 0
LW: 0, 2, 709, 0
RW: 0, 0, 710, 0
LW: 0, 2, 709, 0
RW: 0, 0, 710, 0
LW: 0, 2, 709, 0
RW: 0, 0, 710, 0
LW: 0, 2, 709, 0
RW: 0, 0, 710, 0
LW: 0, 2, 709, 0
RW: 0, 0, 710, 0
LW: 0, 2, 709, 0
RW: 0, 0, 710, 0
LW: 0, 2, 709, 0
RW: 0, 0, 710, 0
LW: 0, 2, 709, 0
RW: 0, 0, 710, 0
LW: 0, 2, 709, 0
RW: 0, 0, 710, 0
LW: 0, 2, 709, 0
RW: 0, 0, 710, 0
LW: 0, 2, 709, 0
RW: 0, 0, 710, 0
LW: 0, 2, 709, 0
RW: 0, 0, 710, 0
LW: 0, 2, 709, 0
RW: 0, 0, 710, 0
LW: 0, 2, 709, 0
RW: 0, 0, 710, 0
LW: 0, 2, 709, 0
RW: 0, 0, 710, 0
LW: 0, 2, 709, 0
RW: 0, 0, 710, 0
LW: 0, 2, 709, 0
RW: 0, 0, 710, 0
LW: 0, 2, 709, 0
RW: 0, 0, 710, 0
LW: 0, 2, 709, 0
RW: 0, 0, 710, 0
LW: 0, 2, 709, 0
RW: 0, 0, 710, 0
LW: 0, 2, 709, 0
RW: 0, 0, 710, 0
LW: 0, 2, 709, 0
RW: 0, 0, 710, 0
LW: 0, 2, 709, 0
RW: 0, 0, 710, 0
LW: 0, 2, 709, 0
RW: 0, 0, 710, 0
LW: 0, 2, 709, 0
RW: 0, 0, 710, 0
LW: 0, 2, 709, 0
RW: 0, 0, 710, 0
LW: 0, 2, 709, 0
RW: 0, 0, 710, 0
LW: 0, 2, 709, 0
RW: 0, 0, 710, 0
LW: 0, 2, 709, 0
RW: 0, 0, 710, 0
LW: 0, 2, 709, 0
RW: 0, 0, 710, 0
LW: 0, 2, 709, 0
RW: 0, 0, 710, 0
LW: 0, 2, 709, 0
RW: 0, 0, 710, 0
LW: 0, 2, 709, 0
RW: 0, 0, 710, 0
LW: 0, 2, 709, 0
RW: 0, 0, 710, 0
LW: 0, 2, 709, 0
RW: 0, 0, 710, 0
LW: 0, 2, 709, 0
RW: 0, 0, 710, 0
LW: 0, 2, 709, 0
RW: 0, 0, 710, 0
LW: 0, 2, 709, 0
RW: 0, 0, 710, 0
LW: 0, 2, 709, 0
RW: 0, 0, 710, 0
LW: 0, 2, 709, 0
RW: 0, 0, 710, 0
LW: 0, 2, 709, 0
RW: 0, 0, 710, 0
LW: 0, 2, 709, 0
RW: 0, 0, 710, 0
LW: 0, 2, 709, 0
RW: 0, 0, 710, 0
LW: 0, 2, 709, 0
RW: 0, 0, 710, 0
LW: 0, 2, 709, 0
RW: 0, 0, 710, 0
LW: 0, 2, 709, 0
RW: 0, 0, 710, 0
LW: 0, 2, 709, 0
RW: 0, 0, 710, 0
LW: 0, 2, 709, 0
RW: 0, 0, 710, 0
LW: 0, 2, 709, 0
RW: 0, 0, 710, 0
LW: 0, 2, 709, 0
RW: 0, 0, 710, 0
LW: 0, 2, 709, 0
RW: 0, 0, 710, 0
LW: 0, 2, 709, 0
RW: 0, 0, 710, 0
LW: 0, 2, 709, 0
RW: 0, 0, 710, 0
LW: 0, 2, 709, 0
RW: 0, 0, 710, 0
LW: 0, 2, 709, 0
RW: 0, 0, 710, 0
LW: 0, 2, 709, 0
RW: 0, 0, 710, 0
LW: 0, 2, 709, 0
RW: 0, 0, 710, 0
LW: 0, 2, 709, 0
RW: 0, 0, 710, 0
LW: 0, 2, 709, 0
RW: 0, 0, 710, 0
LW: 0, 2, 709, 0
RW: 0, 0, 710, 0
LW: 0, 2, 709, 0
RW: 0, 0, 710, 0
LW: 0, 2, 709, 0
RW: 0, 0, 710, 0
LW: 0, 2, 709, 0
RW: 0, 0, 710, 0
LW: 0, 2, 709, 0
RW: 0, 0, 710, 0
LW: 0, 2, 709, 0
RW: 0, 0, 710, 0
LW: 0, 2, 709, 0
RW: 0, 0, 710, 0
LW: 0, 2, 709, 0
RW: 0, 0, 710, 0
LW: 0, 2, 709, 0
RW: 0, 0, 710, 0
LW: 0, 2, 709, 0
RW: 0, 0, 710, 0
LW: 0, 2, 709, 0
RW: 0, 0, 710, 0
LW: 0, 2, 709, 0
RW: 0, 0, 710, 0
LW: 0, 2, 709, 0
RW: 0, 0, 710, 0
LW: 0, 2, 709, 0
RW: 0, 0, 710, 0
LW: 0, 2, 709, 0
RW: 0, 0, 710, 0
LW: 0, 2, 709, 0
RW: 0, 0, 710, 0
LW: 0, 2, 709, 0
RW: 0, 0, 710, 0
LW: 0, 2, 709, 0
RW: 0, 0, 710, 0
LW: 0, 2, 709, 0
RW: 0, 0, 710, 0
LW: 0, 2, 709, 0
RW: 0, 0, 710, 0
LW: 0, 2, 709, 0
RW: 0, 0, 710, 0
LW: 0, 2, 709, 0
RW: 0, 0, 710, 0
LW: 0, 2, 709, 0
RW: 0, 0, 710, 0
LW: 0, 2, 709, 0
RW: 0, 0, 710, 0
LW: 0, 2, 709, 0
RW: 0, 0, 710, 0
LW: 0, 2, 709, 0
RW: 0, 0, 710, 0
LW: 0, 2, 709, 0
RW: 0, 0, 710, 0
LW: 0, 2, 709, 0
RW: 0, 0, 710, 0
LW: 0, 2, 709, 0
RW: 0, 0, 710, 0
LW: 0, 2, 709, 0
RW: 0, 0, 710, 0
LW: 0, 2, 709, 0
RW: 0, 0, 710, 0
LW: 0, 2, 709, 0
RW: 0, 0, 710, 0
LW: 0, 2, 709, 0
RW: 0, 0, 710, 0
LW: 0, 2, 709, 0
RW: 0, 0, 710, 0
LW: 0, 2, 709, 0
RW: 0, 0, 710, 0
LW: 0, 2, 709, 0
RW: 0, 0, 710, 0
LW: 0, 2, 709, 0
RW: 0, 0, 710, 0
LW: 0, 2, 709, 0
RW: 0, 0, 710, 0
LW: 0, 2, 709, 0
RW: 0, 0, 710, 0
LW: 0, 2, 709, 0
RW: 0, 0, 710, 0
LW: 0, 2, 709, 0
RW: 0, 0, 710, 0
LW: 0, 2, 709, 0
RW: 0, 0, 710, 0
LW: 0, 2, 709, 0
RW: 0, 0, 710, 0
LW: 0, 2, 709, 0
RW: 0, 0, 710, 0
LW: 0, 2, 709, 0
RW: 0, 0, 710, 0
LW: 0, 2, 709, 0
RW: 0, 0, 710, 0
LW: 0, 2, 709, 0
RW: 0, 0, 710, 0
LW: 0, 2, 709, 0
RW: 0, 0, 710, 0
LW: 0, 2, 709, 0
RW: 0, 0, 710, 0
LW: 0, 2, 709, 0
RW: 0, 0, 710, 0
LW: 0, 2, 709, 0
RW: 0, 0, 710, 0
LW: 0, 2, 709, 0
RW: 0, 0, 710, 0
LW: 0, 2, 709, 0
RW: 0, 0, 710, 0
LW: 0, 2, 709, 0
RW: 0, 0, 710, 0
LW: 0, 2, 709, 0
RW: 0, 0, 710, 0
LW: 0, 2, 709, 0
RW: 0, 0, 710, 0
LW: 0, 2, 709, 0
RW: 0, 0, 710, 0
LW: 0, 2, 709, 0
RW: 0, 0, 710, 0
LW: 0, 2, 709, 0
RW: 0, 0, 710, 0
LW: 0, 2, 709, 0
RW: 0, 0, 710, 0
LW: 0, 2, 709, 0
RW: 0, 0, 710, 0
LW: 0, 2, 709, 0
RW: 0, 0, 710, 0
LW: 0, 2, 709, 0
RW: 0, 0, 710, 0
LW: 0, 2, 709, 0
RW: 0, 0, 710, 0
LW: 0, 2, 709, 0
RW: 0, 0, 710, 0
LW: 0, 2, 709, 0
RW: 0, 0, 710, 0
LW: 0, 2, 709, 0
RW: 0, 0, 710, 0
LW: 0, 2, 709, 0
RW: 0, 0, 710, 0
LW: 0, 2, 709, 0
RW: 0, 0, 710, 0
LW: 0, 2, 709, 0
RW: 0, 0, 710, 0
LW: 0, 2, 709, 0
RW: 0, 0, 710, 0
LW: 0, 2, 709, 0
RW: 0, 0, 710, 0
LW: 0, 2, 709, 0
RW: 0, 0, 710, 0
LW: 0, 2, 709, 0
RW: 0, 0, 710, 0
LW: 0, 2, 709, 0
RW: 0, 0, 710, 0
LW: 0, 2, 709, 0
RW: 0, 0, 710, 0
LW: 0, 2, 709, 0
RW: 0, 0, 710, 0
LW: 0, 2, 709, 0
RW: 0, 0, 710, 0
LW: 0, 2, 709, 0
RW: 0, 0, 710, 0
LW: 0, 2, 709, 0
RW: 0, 0, 710, 0
LW: 0, 2, 709, 0
RW: 0, 0, 710, 0
LW: 0, 2, 709, 0
RW: 0, 0, 710, 0
LW: 0, 2, 709, 0
RW: 0, 0, 710, 0
LW: 0, 2, 709, 0
RW: 0, 0, 710, 0
LW: 0, 2, 709, 0
RW: 0, 0, 710, 0
LW: 0, 2, 709, 0
RW: 0, 0, 710, 0
LW: 0, 2, 709, 0
RW: 0, 0, 710, 0
LW: 0, 2, 709, 0
RW: 0, 0, 710, 0
LW: 0, 2, 709, 0
RW: 0, 0, 710, 0
LW: 0, 2, 709, 0
RW: 0, 0, 710, 0
LW: 0, 2, 709, 0
RW: 0, 0, 710, 0
LW: 0, 2, 709, 0
RW: 0, 0, 710, 0
LW: 0, 2, 709, 0
RW: 0, 0, 710, 0
LW: 0, 2, 709, 0
RW: 0, 0, 710, 0
LW: 0, 2, 709, 0
RW: 0, 0, 710, 0
LW: 0, 2, 709, 0
RW: 0, 0, 710, 0
LW: 0, 2, 709, 0
RW: 0, 0, 710, 0
LW: 0, 2, 709, 0
RW: 0, 0, 710, 0
LW: 0, 2, 709, 0
RW: 0, 0, 710, 0
LW: 0, 2, 709, 0
RW: 0, 0, 710, 0
LW: 0, 2, 709, 0
RW: 0, 0, 710, 0
LW: 0, 2, 709, 0
RW: 0, 0, 710, 0
LW: 0, 2, 709, 0
RW: 0, 0, 710, 0
LW: 0, 2, 709, 0
RW: 0, 0, 710, 0
LW: 0, 2, 709, 0
RW: 0, 0, 710, 0
LW: 0, 2, 709, 0
RW: 0, 0, 710, 0
LW: 0, 2, 709, 0
RW: 0, 0, 710, 0
LW: 0, 2, 709, 0
RW: 0, 0, 710, 0
LW: 0, 2, 709, 0
RW: 0, 0, 710, 0
LW: 0, 2, 709, 0
RW: 0, 0, 710, 0
LW: 0, 2, 709, 0
RW: 0, 0, 710, 0
LW: 0, 2, 709, 0
RW: 0, 0, 710, 0
LW: 0, 2, 709, 0
RW: 0, 0, 710, 0
LW: 0, 2, 709, 0
RW: 0, 0, 710, 0
LW: 0, 2, 709, 0
RW: 0, 0, 710, 0
LW: 0, 2, 709, 0
RW: 0, 0, 710, 0
LW: 0, 2, 709, 0
RW: 0, 0, 710, 0
LW: 0, 2, 709, 0
RW: 0, 0, 710, 0
LW: 0, 2, 709, 0
RW: 0, 0, 710, 0
LW: 0, 2, 709, 0
RW: 0, 0, 710, 0
LW: 0, 2, 709, 0
RW: 0, 0, 710, 0
LW: 0, 2, 709, 0
RW: 0, 0, 710, 0
LW: 0, 2, 709, 0
RW: 0, 0, 710, 0
LW: 0, 2, 709, 0
RW: 0, 0, 710, 0
LW: 0, 2, 709, 0
RW: 0, 0, 710, 0
LW: 0, 2, 709, 0
RW: 0, 0, 710, 0
LW: 0, 2, 709, 0
RW: 0, 0, 710, 0
LW: 0, 2, 709, 0
RW: 0, 0, 710, 0
LW: 0, 2, 709, 0
RW: 0, 0, 710, 0
LW: 0, 2, 709, 0
RW: 0, 0, 710, 0
LW: 0, 2, 709, 0
RW: 0, 0, 710, 0
LW: 0, 2, 709, 0
RW: 0, 0, 710, 0
LW: 0, 2, 709, 0
RW: 0, 0, 710, 0
LW: 0, 2, 709, 0
RW: 0, 0, 710, 0
LW: 0, 2, 709, 0
RW: 0, 0, 710, 0
LW: 0, 2, 709, 0
RW: 0, 0, 710, 0
LW: 0, 2, 709, 0
RW: 0, 0, 710, 0
LW: 0, 2, 709, 0
RW: 0, 0, 710, 0
LW: 0, 2, 709, 0
RW: 0, 0, 710, 0
LW: 0, 2, 709, 0
RW: 0, 0, 710, 0
LW: 0, 2, 709, 0
RW: 0, 0, 710, 0
LW: 0, 2, 709, 0
RW: 0, 0, 710, 0
LW: 0, 2, 709, 0
RW: 0, 0, 710, 0
LW: 0, 2, 709, 0
RW: 0, 0, 710, 0
LW: 0, 2, 709, 0
RW: 0, 0, 710, 0
LW: 0, 2, 709, 0
RW: 0, 0, 710, 0
LW: 0, 2, 709, 0
RW: 0, 0, 710, 0
LW: 0, 2, 709, 0
RW: 0, 0, 710, 0
LW: 0, 2, 709, 0
RW: 0, 0, 710, 0
LW: 0, 2, 709, 0
RW: 0, 0, 710, 0
LW: 0, 2, 709, 0
RW: 0, 0, 710, 0
LW: 0, 2, 709, 0
RW: 0, 0, 710, 0
LW: 0, 2, 709, 0
RW: 0, 0, 710, 0
LW: 0, 2, 709, 0
RW: 0, 0, 710, 0
LW: 0, 2, 709, 0
RW: 0, 0, 710, 0
LW: 0, 2, 709, 0
RW: 0, 0, 710, 0
LW: 0, 2, 709, 0
RW: 0, 0, 710, 0
LW: 0, 2, 709, 0
RW: 0, 0, 710, 0
LW: 0, 2, 709, 0
RW: 0, 0, 710, 0
LW: 0, 2, 709, 0
RW: 0, 0, 710, 0
LW: 0, 2, 709, 0
RW: 0, 0, 710, 0
LW: 0, 2, 709, 0
RW: 0, 0, 710, 0
LW: 0, 2, 709, 0
RW: 0, 0, 710, 0
LW: 0, 2, 709, 0
RW: 0, 0, 710, 0
LW: 0, 2, 709, 0
RW: 0, 0, 710, 0
LW: 0, 2, 709, 0
RW: 0, 0, 710, 0
LW: 0, 2, 709, 0
RW: 0, 0, 710, 0
LW: 0, 2, 709, 0
RW: 0, 0, 710, 0
LW: 0, 2, 709, 0
RW: 0, 0, 710, 0
LW: 0, 2, 709, 0
RW: 0, 0, 710, 0
LW: 0, 2, 709, 0
RW: 0, 0, 710, 0
LW: 0, 2, 709, 0
RW: 0, 0, 710, 0
LW: 0, 2, 709, 0
RW: 0, 0, 710, 0
LW: 0, 2, 709, 0
RW: 0, 0, 710, 0
LW: 0, 2, 709, 0
RW: 0, 0, 710, 0
LW: 0, 2, 709, 0
RW: 0, 0, 710, 0
LW: 0, 2, 709, 0
RW: 0, 0, 710, 0
LW: 0, 2, 709, 0
RW: 0, 0, 710, 0
LW: 0, 2, 709, 0
RW: 0, 0, 710, 0
LW: 0, 2, 709, 0
RW: 0, 0, 710, 0
LW: 0, 2, 709, 0
RW: 0, 0, 710, 0
LW: 0, 2, 709, 0
RW: 0, 0, 710, 0
LW: 0, 2, 709, 0
RW: 0, 0, 710, 0
LW: 0, 2, 709, 0
RW: 0, 0, 710, 0
LW: 0, 2, 709, 0
RW: 0, 0, 710, 0
LW: 0, 2, 709, 0
RW: 0, 0, 710, 0
LW: 0, 2, 709, 0
RW: 0, 0, 710, 0
LW: 0, 2, 709, 0
RW: 0, 0, 710, 0
LW: 0, 2, 709, 0
RW: 0, 0, 710, 0
LW: 0, 2, 709, 0
RW: 0, 0, 710, 0
LW: 0, 2, 709, 0
RW: 0, 0, 710, 0
LW: 0, 2, 709, 0
RW: 0, 0, 710, 0
LW: 0, 2, 709, 0
RW: 0, 0, 710, 0
LW: 0, 2, 709, 0
RW: 0, 0, 710, 0
LW: 0, 2, 709, 0
RW: 0, 0, 710, 0
LW: 0, 2, 709, 0
RW: 0, 0, 710, 0
LW: 0, 2, 709, 0
RW: 0, 0, 710, 0
LW: 0, 2, 709, 0
RW: 0, 0, 710, 0
LW: 0, 2, 709, 0
RW: 0, 0, 710, 0
LW: 0, 2, 709, 0
RW: 0, 0, 710, 0
LW: 0, 2, 709, 0
RW: 0, 0, 710, 0
LW: 0, 2, 709, 0
RW: 0, 0, 710, 0
LW: 0, 2, 709, 0
RW: 0, 0, 710, 0
LW: 0, 2, 709, 0
RW: 0, 0, 710, 0
LW: 0, 2, 709, 0
RW: 0, 0, 710, 0
LW: 0, 2, 709, 0
RW: 0, 0, 710, 0
LW: 0, 2, 709, 0
RW: 0, 0, 710, 0
LW: 0, 2, 709, 0
RW: 0, 0, 710, 0
LW: 0, 2, 709, 0
RW: 0, 0, 710, 0
LW: 0, 2, 709, 0
RW: 0, 0, 710, 0
LW: 0, 2, 709, 0
RW: 0, 0, 710, 0
LW: 0, 2, 709, 0
RW: 0, 0, 710, 0
LW: 0, 2, 709, 0
RW: 0, 0, 710, 0
LW: 0, 2, 709, 0
RW: 0, 0, 710, 0
LW: 0, 2, 709, 0
RW: 0, 0, 710, 0
LW: 0, 2, 709, 0
RW: 0, 0, 710, 0
LW: 0, 2, 709, 0
RW: 0, 0, 710, 0
LW: 0, 2, 709, 0
RW: 0, 0, 710, 0
LW: 0, 2, 709, 0
RW: 0, 0, 710, 0
LW: 0, 2, 709, 0
RW: 0, 0, 710, 0
LW: 0, 2, 709, 0
RW: 0, 0, 710, 0
LW: 0, 2, 709, 0
RW: 0, 0, 710, 0
LW: 0, 2, 709, 0
RW: 0, 0, 710, 0
LW: 0, 2, 709, 0
RW: 0, 0, 710, 0
LW: 0, 2, 709, 0
RW: 0, 0, 710, 0
LW: 0, 2, 709, 0
RW: 0, 0, 710, 0
LW: 0, 2, 709, 0
RW: 0, 0, 710, 0
LW: 0, 2, 709, 0
RW: 0, 0, 710, 0
LW: 0, 2, 709, 0
RW: 0, 0, 710, 0
LW: 0, 2, 709, 0
RW: 0, 0, 710, 0
LW: 0, 2, 709, 0
RW: 0, 0, 710, 0
LW: 0, 2, 709, 0
RW: 0, 0, 710, 0
LW: 0, 2, 709, 0
RW: 0, 0, 710, 0
LW: 0, 2, 709, 0
RW: 0, 0, 710, 0
LW: 0, 2, 709, 0
RW: 0, 0, 710, 0
LW: 0, 2, 709, 0
RW: 0, 0, 710, 0
LW: 0, 2, 709, 0
RW: 0, 0, 710, 0
LW: 0, 2, 709, 0
RW: 0, 0, 710, 0
LW: 0, 2, 709, 0
RW: 0, 0, 710, 0
LW: 0, 2, 709, 0
RW: 0, 0, 710, 0
LW: 0, 2, 709, 0
RW: 0, 0, 710, 0
LW: 0, 2, 709, 0
RW: 0, 0, 710, 0
LW: 0, 2, 709, 0
RW: 0, 0, 710, 0
LW: 0, 2, 709, 0
RW: 0, 0, 710, 0
LW: 0, 2, 709, 0
RW: 0, 0, 710, 0
LW: 0, 2, 709, 0
RW: 0, 0, 710, 0
LW: 0, 2, 709, 0
RW: 0, 0, 710, 0
LW: 0, 2, 709, 0
RW: 0, 0, 710, 0
LW: 0, 2, 709, 0
RW: 0, 0, 710, 0
LW: 0, 2, 709, 0
RW: 0, 0, 710, 0
LW: 0, 2, 709, 0
RW: 0, 0, 710, 0
LW: 0, 2, 709, 0
RW: 0, 0, 710, 0
LW: 0, 2, 709, 0
RW: 0, 0, 710, 0
LW: 0, 2, 709, 0
RW: 0, 0, 710, 0
LW: 0, 2, 709, 0
RW: 0, 0, 710, 0
LW: 0, 2, 709, 0
RW: 0, 0, 710, 0
LW: 0, 2, 709, 0
RW: 0, 0, 710, 0
LW: 0, 2, 709, 0
RW: 0, 0, 710, 0
LW: 0, 2, 709, 0
RW: 0, 0, 710, 0
LW: 0, 2, 709, 0
RW: 0, 0, 710, 0
LW: 0, 2, 709, 0
RW: 0, 0, 710, 0
LW: 0, 2, 709, 0
RW: 0, 0, 710, 0
LW: 0, 2, 709, 0
RW: 0, 0, 710, 0
LW: 0, 2, 709, 0
RW: 0, 0, 710, 0
LW: 0, 2, 709, 0
RW: 0, 0, 710, 0
LW: 0, 2, 709, 0
RW: 0, 0, 710, 0
LW: 0, 2, 709, 0
RW: 0, 0, 710, 0
LW: 0, 2, 709, 0
RW: 0, 0, 710, 0
LW: 0, 2, 709, 0
RW: 0, 0, 710, 0
LW: 0, 2, 709, 0
RW: 0, 0, 710, 0
LW: 0, 2, 709, 0
RW: 0, 0, 710, 0
LW: 0, 2, 709, 0
RW: 0, 0, 710, 0
LW: 0, 2, 709, 0
RW: 0, 0, 710, 0
LW: 0, 2, 709, 0
RW: 0, 0, 710, 0
LW: 0, 2, 709, 0
RW: 0, 0, 710, 0
LW: 0, 2, 709, 0
RW: 0, 0, 710, 0
LW: 0, 2, 709, 0
RW: 0, 0, 710, 0
LW: 0, 2, 709, 0
RW: 0, 0, 710, 0
LW: 0, 2, 709, 0
RW: 0, 0, 710, 0
LW: 0, 2, 709, 0
RW: 0, 0, 710, 0
LW: 0, 2, 709, 0
RW: 0, 0, 710, 0
LW: 0, 2, 709, 0
RW: 0, 0, 710, 0
LW: 0, 2, 709, 0
RW: 0, 0, 710, 0
LW: 0, 2, 709, 0
RW: 0, 0, 710, 0
LW: 0, 2, 709, 0
RW: 0, 0, 710, 0
LW: 0, 2, 709, 0
RW: 0, 0, 710, 0
LW: 0, 2, 709, 0
RW: 0, 0, 710, 0
LW: 0, 2, 709, 0
RW: 0, 0, 710, 0
LW: 0, 2, 709, 0
RW: 0, 0, 710, 0
LW: 0, 2, 709, 0
RW: 0, 0, 710, 0
LW: 0, 2, 709, 0
RW: 0, 0, 710, 0
LW: 0, 2, 709, 0
RW: 0, 0, 710, 0
LW: 0, 2, 709, 0
RW: 0, 0, 710, 0
LW: 0, 2, 709, 0
RW: 0, 0, 710, 0
LW: 0, 2, 709, 0
RW: 0, 0, 710, 0
LW: 0, 2, 709, 0
RW: 0, 0, 710, 0
LW: 0, 2, 709, 0
RW: 0, 0, 710, 0
LW: 0, 2, 709, 0
RW: 0, 0, 710, 0
LW: 0, 2, 709, 0
RW: 0, 0, 710, 0
LW: 0, 2, 709, 0
RW: 0, 0, 710, 0
LW: 0, 2, 709, 0
RW: 0, 0, 710, 0
LW: 0, 2, 709, 0
RW: 0, 0, 710, 0
LW: 0, 2, 709, 0
RW: 0, 0, 710, 0
LW: 0, 2, 709, 0
RW: 0, 0, 710, 0
LW: 0, 2, 709, 0
RW: 0, 0, 710, 0
LW: 0, 2, 709, 0
RW: 0, 0, 710, 0
LW: 0, 2, 709, 0
RW: 0, 0, 710, 0
LW: 0, 2, 709, 0
RW: 0, 0, 710, 0
LW: 0, 2, 709, 0
RW: 0, 0, 710, 0
LW: 0, 2, 709, 0
RW: 0, 0, 710, 0
LW: 0, 2, 709, 0
RW: 0, 0, 710, 0
LW: 0, 2, 709, 0
RW: 0, 0, 710, 0
LW: 0, 2, 709, 0
RW: 0, 0, 710, 0
LW: 0, 2, 709, 0
RW: 0, 0, 710, 0
LW: 0, 2, 709, 0
RW: 0, 0, 710, 0
LW: 0, 2, 709, 0
RW: 0, 0, 710, 0
LW: 0, 2, 709, 0
RW: 0, 0, 710, 0
LW: 0, 2, 709, 0
RW: 0, 0, 710, 0
LW: 0, 2, 709, 0
RW: 0, 0, 710, 0
LW: 0, 2, 709, 0
RW: 0, 0, 710, 0
LW: 0, 2, 709, 0
RW: 0, 0, 710, 0
LW: 0, 2, 709, 0
RW: 0, 0, 710, 0
LW: 0, 2, 709, 0
RW: 0, 0, 710, 0
LW: 0, 2, 709, 0
RW: 0, 0, 710, 0
LW: 0, 2, 709, 0
RW: 0, 0, 710, 0
LW: 0, 2, 709, 0
RW: 0, 0, 710, 0
LW: 0, 2, 709, 0
RW: 0, 0, 710, 0
LW: 0, 2, 709, 0
RW: 0, 0, 710, 0
LW: 0, 2, 709, 0
RW: 0, 0, 710, 0
LW: 0, 2, 709, 0
RW: 0, 0, 710, 0
LW: 0, 2, 709, 0
RW: 0, 0, 710, 0
LW: 0, 2, 709, 0
RW: 0, 0, 710, 0
LW: 0, 2, 709, 0
RW: 0, 0, 710, 0
LW: 0, 2, 709, 0
RW: 0, 0, 710, 0
LW: 0, 2, 709, 0
RW: 0, 0, 710, 0
LW: 0, 2, 709, 0
RW: 0, 0, 710, 0
LW: 0, 2, 709, 0
RW: 0, 0, 710, 0
LW: 0, 2, 709, 0
RW: 0, 0, 710, 0
LW: 0, 2, 709, 0
RW: 0, 0, 710, 0
LW: 0, 2, 709, 0
RW: 0, 0, 710, 0
LW: 0, 2, 709, 0
RW: 0, 0, 710, 0
LW: 0, 2, 709, 0
RW: 0, 0, 710, 0
LW: 0, 2, 709, 0
RW: 0, 0, 710, 0
LW: 0, 2, 709, 0
RW: 0, 0, 710, 0
LW: 0, 2, 709, 0
RW: 0, 0, 710, 0
LW: 0, 2, 709, 0
RW: 0, 0, 710, 0
LW: 0, 2, 709, 0
RW: 0, 0, 710, 0
LW: 0, 2, 709, 0
RW: 0, 0, 710, 0
LW: 0, 2, 709, 0
RW: 0, 0, 710, 0
LW: 0, 2, 709, 0
RW: 0, 0, 710, 0
LW: 0, 2, 709, 0
RW: 0, 0, 710, 0
LW: 0, 2, 709, 0
RW: 0, 0, 710, 0
LW: 0, 2, 709, 0
RW: 0, 0, 710, 0
LW: 0, 2, 709, 0
RW: 0, 0, 710, 0
LW: 0, 2, 709, 0
RW: 0, 0, 710, 0
LW: 0, 2, 709, 0
RW: 0, 0, 710, 0
LW: 0, 2, 709, 0
RW: 0, 0, 710, 0
LW: 0, 2, 709, 0
RW: 0, 0, 710, 0
LW: 0, 2, 709, 0
RW: 0, 0, 710, 0
LW: 0, 2, 709, 0
RW: 0, 0, 710, 0
LW: 0, 2, 709, 0
RW: 0, 0, 710, 0
LW: 0, 2, 709, 0
RW: 0, 0, 710, 0
LW: 0, 2, 709, 0
RW: 0, 0, 710, 0
LW: 0, 2, 709, 0
RW: 0, 0, 710, 0
LW: 0, 2, 709, 0
RW: 0, 0, 710, 0
LW: 0, 2, 709, 0
RW: 0, 0, 710, 0
LW: 0, 2, 709, 0
RW: 0, 0, 710, 0
LW: 0, 2, 709, 0
RW: 0, 0, 710, 0
LW: 0, 2, 709, 0
RW: 0, 0, 710, 0
LW: 0, 2, 709, 0
RW: 0, 0, 710, 0
LW: 0, 2, 709, 0
RW: 0, 0, 710, 0
LW: 0, 2, 709, 0
RW: 0, 0, 710, 0
LW: 0, 2, 709, 0
RW: 0, 0, 710, 0
LW: 0, 2, 709, 0
RW: 0, 0, 710, 0
LW: 0, 2, 709, 0
RW: 0, 0, 710, 0
LW: 0, 2, 709, 0
RW: 0, 0, 710, 0
LW: 0, 2, 709, 0
RW: 0, 0, 710, 0
LW: 0, 2, 709, 0
RW: 0, 0, 710, 0
LW: 0, 2, 709, 0
RW: 0, 0, 710, 0
LW: 0, 2, 709, 0
RW: 0, 0, 710, 0
LW: 0, 2, 709, 0
RW: 0, 0, 710, 0
LW: 0, 2, 709, 0
RW: 0, 0, 710, 0
LW: 0, 2, 709, 0
RW: 0, 0, 710, 0
LW: 0, 2, 709, 0
RW: 0, 0, 710, 0
LW: 0, 2, 709, 0
RW: 0, 0, 710, 0
LW: 0, 2, 709, 0
RW: 0, 0, 710, 0
LW: 0, 2, 709, 0
RW: 0, 0, 710, 0
LW: 0, 2, 709, 0
RW: 0, 0, 710, 0
LW: 0, 2, 709, 0
RW: 0, 0, 710, 0
LW: 0, 2, 709, 0
RW: 0, 0, 710, 0
LW: 0, 2, 709, 0
RW: 0, 0, 710, 0
LW: 0, 2, 709, 0
RW: 0, 0, 710, 0
LW: 0, 2, 709, 0
RW: 0, 0, 710, 0
LW: 0, 2, 709, 0
RW: 0, 0, 710, 0
LW: 0, 2, 709, 0
RW: 0, 0, 710, 0
LW: 0, 2, 709, 0
RW: 0, 0, 710, 0
LW: 0, 2, 709, 0
RW: 0, 0, 710, 0
LW: 0, 2, 709, 0
RW: 0, 0, 710, 0
LW: 0, 2, 709, 0
RW: 0, 0, 710, 0
LW: 0, 2, 709, 0
RW: 0, 0, 710, 0
LW: 0, 2, 709, 0
RW: 0, 0, 710, 0
LW: 0, 2, 709, 0
RW: 0, 0, 710, 0
LW: 0, 2, 709, 0
RW: 0, 0, 710, 0
LW: 0, 2, 709, 0
RW: 0, 0, 710, 0
LW: 0, 2, 709, 0
RW: 0, 0, 710, 0
LW: 0, 2, 709, 0
RW: 0, 0, 710, 0
LW: 0, 2, 709, 0
RW: 0, 0, 710, 0
LW: 0, 2, 709, 0
RW: 0, 0, 710, 0
LW: 0, 2, 709, 0
RW: 0, 0, 710, 0
LW: 0, 2, 709, 0
RW: 0, 0, 710, 0
LW: 0, 2, 709, 0
RW: 0, 0, 710, 0
LW: 0, 2, 709, 0
RW: 0, 0, 710, 0
LW: 0, 2, 709, 0
RW: 0, 0, 710, 0
LW: 0, 2, 709, 0
RW: 0, 0, 710, 0
LW: 0, 2, 709, 0
RW: 0, 0, 710, 0
LW: 0, 2, 709, 0
RW: 0, 0, 710, 0
LW: 0, 2, 709, 0
RW: 0, 0, 710, 0
LW: 0, 2, 709, 0
RW: 0, 0, 710, 0
LW: 0, 2, 709, 0
RW: 0, 0, 710, 0
LW: 0, 2, 709, 0
RW: 0, 0, 710, 0
LW: 0, 2, 709, 0
RW: 0, 0, 710, 0
LW: 0, 2, 709, 0
RW: 0, 0, 710, 0
LW: 0, 2, 709, 0
RW: 0, 0, 710, 0
LW: 0, 2, 709, 0
RW: 0, 0, 710, 0
LW: 0, 2, 709, 0
RW: 0, 0, 710, 0
LW: 0, 2, 709, 0
RW: 0, 0, 710, 0
LW: 0, 2, 709, 0
RW: 0, 0, 710, 0
LW: 0, 2, 709, 0
RW: 0, 0, 710, 0
LW: 0, 2, 709, 0
RW: 0, 0, 710, 0
LW: 0, 2, 709, 0
RW: 0, 0, 710, 0
LW: 0, 2, 709, 0
RW: 0, 0, 710, 0
LW: 0, 2, 709, 0
RW: 0, 0, 710, 0
LW: 0, 2, 709, 0
RW: 0, 0, 710, 0
LW: 0, 2, 709, 0
RW: 0, 0, 710, 0
LW: 0, 2, 709, 0
RW: 0, 0, 710, 0
LW: 0, 2, 709, 0
RW: 0, 0, 710, 0
LW: 0, 2, 709, 0
RW: 0, 0, 710, 0
LW: 0, 2, 709, 0
RW: 0, 0, 710, 0
LW: 0, 2, 709, 0
RW: 0, 0, 710, 0
LW: 0, 2, 709, 0
RW: 0, 0, 710, 0
LW: 0, 2, 709, 0
RW: 0, 0, 710, 0
LW: 0, 2, 709, 0
RW: 0, 0, 710, 0
LW: 0, 2, 709, 0
RW: 0, 0, 710, 0
LW: 0, 2, 709, 0
RW: 0, 0, 710, 0
LW: 0, 2, 709, 0
RW: 0, 0, 710, 0
LW: 0, 2, 709, 0
RW: 0, 0, 710, 0
LW: 0, 2, 709, 0
RW: 0, 0, 710, 0
LW: 0, 2, 709, 0
RW: 0, 0, 710, 0
LW: 0, 2, 709, 0
RW: 0, 0, 710, 0
LW: 0, 2, 709, 0
RW: 0, 0, 710, 0
LW: 0, 2, 709, 0
RW: 0, 0, 710, 0
LW: 0, 2, 709, 0
RW: 0, 0, 710, 0
LW: 0, 2, 709, 0
RW: 0, 0, 710, 0
LW: 0, 2, 709, 0
RW: 0, 0, 710, 0
LW: 0, 2, 709, 0
RW: 0, 0, 710, 0
LW: 0, 2, 709, 0
RW: 0, 0, 710, 0
LW: 0, 2, 709, 0
RW: 0, 0, 710, 0
LW: 0, 2, 709, 0
RW: 0, 0, 710, 0
LW: 0, 2, 709, 0
RW: 0, 0, 710, 0
LW: 0, 2, 709, 0
RW: 0, 0, 710, 0
LW: 0, 2, 709, 0
RW: 0, 0, 710, 0
LW: 0, 2, 709, 0
RW: 0, 0, 710, 0
LW: 0, 2, 709, 0
RW: 0, 0, 710, 0
LW: 0, 2, 709, 0
RW: 0, 0, 710, 0
LW: 0, 2, 709, 0
RW: 0, 0, 710, 0
LW: 0, 2, 709, 0
RW: 0, 0, 710, 0
LW: 0, 2, 709, 0
RW: 0, 0, 710, 0
LW: 0, 2, 709, 0
RW: 0, 0, 710, 0
LW: 0, 2, 709, 0
RW: 0, 0, 710, 0
LW: 0, 2, 709, 0
RW: 0, 0, 710, 0
LW: 0, 2, 709, 0
RW: 0, 0, 710, 0
LW: 0, 2, 709, 0
RW: 0, 0, 710, 0
LW: 0, 2, 709, 0
RW: 0, 0, 710, 0
LW: 0, 2, 709, 0
RW: 0, 0, 710, 0
LW: 0, 2, 709, 0
RW: 0, 0, 710, 0
LW: 0, 2, 709, 0
RW: 0, 0, 710, 0
LW: 0, 2, 709, 0
RW: 0, 0, 710, 0
LW: 0, 2, 709, 0
RW: 0, 0, 710, 0
LW: 0, 2, 709, 0
RW: 0, 0, 710, 0
LW: 0, 2, 709, 0
RW: 0, 0, 710, 0
LW: 0, 2, 709, 0
RW: 0, 0, 710, 0
LW: 0, 2, 709, 0
RW: 0, 0, 710, 0
LW: 0, 2, 709, 0
RW: 0, 0, 710, 0
LW: 0, 2, 709, 0
RW: 0, 0, 710, 0
LW: 0, 2, 709, 0
RW: 0, 0, 710, 0
LW: 0, 2, 709, 0
RW: 0, 0, 710, 0
LW: 0, 2, 709, 0
RW: 0, 0, 710, 0
LW: 0, 2, 709, 0
RW: 0, 0, 710, 0
LW: 0, 2, 709, 0
RW: 0, 0, 710, 0
LW: 0, 2, 709, 0
RW: 0, 0, 710, 0
LW: 0, 2, 709, 0
RW: 0, 0, 710, 0
LW: 0, 2, 709, 0
RW: 0, 0, 710, 0
LW: 0, 2, 709, 0
RW: 0, 0, 710, 0
LW: 0, 2, 709, 0
RW: 0, 0, 710, 0
LW: 0, 2, 709, 0
RW: 0, 0, 710, 0
LW: 0, 2, 709, 0
RW: 0, 0, 710, 0
LW: 0, 2, 709, 0
RW: 0, 0, 710, 0
LW: 0, 2, 709, 0
RW: 0, 0, 710, 0
LW: 0, 2, 709, 0
RW: 0, 0, 710, 0
LW: 0, 2, 709, 0
RW: 0, 0, 710, 0
LW: 0, 2, 709, 0
RW: 0, 0, 710, 0
LW: 0, 2, 709, 0
RW: 0, 0, 710, 0
LW: 0, 2, 709, 0
RW: 0, 0, 710, 0
LW: 0, 2, 709, 0
RW: 0, 0, 710, 0
LW: 0, 2, 709, 0
RW: 0, 0, 710, 0
LW: 0, 2, 709, 0
RW: 0, 0, 710, 0
LW: 0, 2, 709, 0
RW: 0, 0, 710, 0
LW: 0, 2, 709, 0
RW: 0, 0, 710, 0
LW: 0, 2, 709, 0
RW: 0, 0, 710, 0
LW: 0, 2, 709, 0
RW: 0, 0, 710, 0
LW: 0, 2, 709, 0
RW: 0, 0, 710, 0
LW: 0, 2, 709, 0
RW: 0, 0, 710, 0
LW: 0, 2, 709, 0
RW: 0, 0, 710, 0
LW: 0, 2, 709, 0
RW: 0, 0, 710, 0
LW: 0, 2, 709, 0
RW: 0, 0, 710, 0
LW: 0, 2, 709, 0
RW: 0, 0, 710, 0
LW: 0, 2, 709, 0
RW: 0, 0, 710, 0
LW: 0, 2, 709, 0
RW: 0, 0, 710, 0
LW: 0, 2, 709, 0
RW: 0, 0, 710, 0
LW: 0, 2, 709, 0
RW: 0, 0, 710, 0
LW: 0, 2, 709, 0
RW: 0, 0, 710, 0
LW: 0, 2, 709, 0
RW: 0, 0, 710, 0
LW: 0, 2, 709, 0
RW: 0, 0, 710, 0
LW: 0, 2, 709, 0
RW: 0, 0, 710, 0
LW: 0, 2, 709, 0
RW: 0, 0, 710, 0
LW: 0, 2, 709, 0
RW: 0, 0, 710, 0
LW: 0, 2, 709, 0
RW: 0, 0, 710, 0
LW: 0, 2, 709, 0
RW: 0, 0, 710, 0
LW: 0, 2, 709, 0
RW: 0, 0, 710, 0
LW: 0, 2, 709, 0
RW: 0, 0, 710, 0
LW: 0, 2, 709, 0
RW: 0, 0, 710, 0
LW: 0, 2, 709, 0
RW: 0, 0, 710, 0
LW: 0, 2, 709, 0
RW: 0, 0, 710, 0
LW: 0, 2, 709, 0
RW: 0, 0, 710, 0
LW: 0, 2, 709, 0
RW: 0, 0, 710, 0
LW: 0, 2, 709, 0
RW: 0, 0, 710, 0
LW: 0, 2, 709, 0
RW: 0, 0, 710, 0
LW: 0, 2, 709, 0
RW: 0, 0, 710, 0
LW: 0, 2, 709, 0
RW: 0, 0, 710, 0
LW: 0, 2, 709, 0
RW: 0, 0, 710, 0
LW: 0, 2, 709, 0
RW: 0, 0, 710, 0
LW: 0, 2, 709, 0
RW: 0, 0, 710, 0
LW: 0, 2, 709, 0
RW: 0, 0, 710, 0
LW: 0, 2, 709, 0
RW: 0, 0, 710, 0
LW: 0, 2, 709, 0
RW: 0, 0, 710, 0
LW: 0, 2, 709, 0
RW: 0, 0, 710, 0
LW: 0, 2, 709, 0
RW: 0, 0, 710, 0
LW: 0, 2, 709, 0
RW: 0, 0, 710, 0
LW: 0, 2, 709, 0
RW: 0, 0, 710, 0
LW: 0, 2, 709, 0
RW: 0, 0, 710, 0
LW: 0, 2, 709, 0
RW: 0, 0, 710, 0
LW: 0, 2, 709, 0
RW: 0, 0, 710, 0
LW: 0, 2, 709, 0
RW: 0, 0, 710, 0
LW: 0, 2, 709, 0
RW: 0, 0, 710, 0
LW: 0, 2, 709, 0
RW: 0, 0, 710, 0
LW: 0, 2, 709, 0
RW: 0, 0, 710, 0
LW: 0, 2, 709, 0
RW: 0, 0, 710, 0
LW: 0, 2, 709, 0
RW: 0, 0, 710, 0
LW: 0, 2, 709, 0
RW: 0, 0, 710, 0
LW: 0, 2, 709, 0
RW: 0, 0, 710, 0
LW: 0, 2, 709, 0
RW: 0, 0, 710, 0
LW: 0, 2, 709, 0
RW: 0, 0, 710, 0
LW: 0, 2, 709, 0
RW: 0, 0, 710, 0
LW: 0, 2, 709, 0
RW: 0, 0, 710, 0
LW: 0, 2, 709, 0
RW: 0, 0, 710, 0
LW: 0, 2, 709, 0
RW: 0, 0, 710, 0
LW: 0, 2, 709, 0
RW: 0, 0, 710, 0
LW: 0, 2, 709, 0
RW: 0, 0, 710, 0
LW: 0, 2, 709, 0
RW: 0, 0, 710, 0
LW: 0, 2, 709, 0
RW: 0, 0, 710, 0
LW: 0, 2, 709, 0
RW: 0, 0, 710, 0
LW: 0, 2, 709, 0
RW: 0, 0, 710, 0
LW: 0, 2, 709, 0
RW: 0, 0, 710, 0
LW: 0, 2, 709, 0
RW: 0, 0, 710, 0
LW: 0, 2, 709, 0
RW: 0, 0, 710, 0
LW: 0, 2, 709, 0
RW: 0, 0, 710, 0
LW: 0, 2, 709, 0
RW: 0, 0, 710, 0
LW: 0, 2, 709, 0
RW: 0, 0, 710, 0
LW: 0, 2, 709, 0
RW: 0, 0, 710, 0
LW: 0, 2, 709, 0
RW: 0, 0, 710, 0
LW: 0, 2, 709, 0
RW: 0, 0, 710, 0
LW: 0, 2, 709, 0
RW: 0, 0, 710, 0
LW: 0, 2, 709, 0
RW: 0, 0, 710, 0
LW: 0, 2, 709, 0
RW: 0, 0, 710, 0
LW: 0, 2, 709, 0
RW: 0, 0, 710, 0
LW: 0, 2, 709, 0
RW: 0, 0, 710, 0
LW: 0, 2, 709, 0
RW: 0, 0, 710, 0
LW: 0, 2, 709, 0
RW: 0, 0, 710, 0
LW: 0, 2, 709, 0
RW: 0, 0, 710, 0
LW: 0, 2, 709, 0
RW: 0, 0, 710, 0
LW: 0, 2, 709, 0
RW: 0, 0, 710, 0
LW: 0, 2, 709, 0
RW: 0, 0, 710, 0
LW: 0, 2, 709, 0
RW: 0, 0, 710, 0
LW: 0, 2, 709, 0
RW: 0, 0, 710, 0
LW: 0, 2, 709, 0
RW: 0, 0, 710, 0
LW: 0, 2, 709, 0
RW: 0, 0, 710, 0
LW: 0, 2, 709, 0
RW: 0, 0, 710, 0
LW: 0, 2, 709, 0
RW: 0, 0, 710, 0
LW: 0, 2, 709, 0
RW: 0, 0, 710, 0
LW: 0, 2, 709, 0
RW: 0, 0, 710, 0
LW: 0, 2, 709, 0
RW: 0, 0, 710, 0
LW: 0, 2, 709, 0
RW: 0, 0, 710, 0
LW: 0, 2, 709, 0
RW: 0, 0, 710, 0
LW: 0, 2, 709, 0
RW: 0, 0, 710, 0
LW: 0, 2, 709, 0
RW: 0, 0, 710, 0
LW: 0, 2, 709, 0
RW: 0, 0, 710, 0
LW: 0, 2, 709, 0
RW: 0, 0, 710, 0
LW: 0, 2, 709, 0
RW: 0, 0, 710, 0
LW: 0, 2, 709, 0
RW: 0, 0, 710, 0
LW: 0, 2, 709, 0
RW: 0, 0, 710, 0
LW: 0, 2, 709, 0
RW: 0, 0, 710, 0
LW: 0, 2, 709, 0
RW: 0, 0, 710, 0
LW: 0, 2, 709, 0
RW: 0, 0, 710, 0
LW: 0, 2, 709, 0
RW: 0, 0, 710, 0
LW: 0, 2, 709, 0
RW: 0, 0, 710, 0
LW: 0, 2, 709, 0
RW: 0, 0, 710, 0
LW: 0, 2, 709, 0
RW: 0, 0, 710, 0
LW: 0, 2, 709, 0
RW: 0, 0, 710, 0
LW: 0, 2, 709, 0
RW: 0, 0, 710, 0
LW: 0, 2, 709, 0
RW: 0, 0, 710, 0
LW: 0, 2, 709, 0
RW: 0, 0, 710, 0
LW: 0, 2, 709, 0
RW: 0, 0, 710, 0
LW: 0, 2, 709, 0
RW: 0, 0, 710, 0
LW: 0, 2, 709, 0
RW: 0, 0, 710, 0
LW: 0, 2, 709, 0
RW: 0, 0, 710, 0
LW: 0, 2, 709, 0
RW: 0, 0, 710, 0
LW: 0, 2, 709, 0
RW: 0, 0, 710, 0
LW: 0, 2, 709, 0
RW: 0, 0, 710, 0
LW: 0, 2, 709, 0
RW: 0, 0, 710, 0
LW: 0, 2, 709, 0
RW: 0, 0, 710, 0
LW: 0, 2, 709, 0
RW: 0, 0, 710, 0
LW: 0, 2, 709, 0
RW: 0, 0, 710, 0
LW: 0, 2, 709, 0
RW: 0, 0, 710, 0
LW: 0, 2, 709, 0
RW: 0, 0, 710, 0
LW: 0, 2, 709, 0
RW: 0, 0, 710, 0
LW: 0, 2, 709, 0
RW: 0, 0, 710, 0
LW: 0, 2, 709, 0
RW: 0, 0, 710, 0
LW: 0, 2, 709, 0
RW: 0, 0, 710, 0
LW: 0, 2, 709, 0
RW: 0, 0, 710, 0
LW: 0, 2, 709, 0
RW: 0, 0, 710, 0
LW: 0, 2, 709, 0
RW: 0, 0, 710, 0
LW: 0, 2, 709, 0
RW: 0, 0, 710, 0
LW: 0, 2, 709, 0
RW: 0, 0, 710, 0
LW: 0, 2, 709, 0
RW: 0, 0, 710, 0
LW: 0, 2, 709, 0
RW: 0, 0, 710, 0
LW: 0, 2, 709, 0
RW: 0, 0, 710, 0
LW: 0, 2, 709, 0
RW: 0, 0, 710, 0
LW: 0, 2, 709, 0
RW: 0, 0, 710, 0
LW: 0, 2, 709, 0
RW: 0, 0, 710, 0
LW: 0, 2, 709, 0
RW: 0, 0, 710, 0
LW: 0, 2, 709, 0
RW: 0, 0, 710, 0
LW: 0, 2, 709, 0
RW: 0, 0, 710, 0
LW: 0, 2, 709, 0
RW: 0, 0, 710, 0
LW: 0, 2, 709, 0
RW: 0, 0, 710, 0
LW: 0, 2, 709, 0
RW: 0, 0, 710, 0
LW: 0, 2, 709, 0
RW: 0, 0, 710, 0
LW: 0, 2, 709, 0
RW: 0, 0, 710, 0
LW: 0, 2, 709, 0
RW: 0, 0, 710, 0
LW: 0, 2, 709, 0
RW: 0, 0, 710, 0
LW: 0, 2, 709, 0
RW: 0, 0, 710, 0
LW: 0, 2, 709, 0
RW: 0, 0, 710, 0
LW: 0, 2, 709, 0
RW: 0, 0, 710, 0
LW: 0, 2, 709, 0
RW: 0, 0, 710, 0
LW: 0, 2, 709, 0
RW: 0, 0, 710, 0
LW: 0, 2, 709, 0
RW: 0, 0, 710, 0
LW: 0, 2, 709, 0
RW: 0, 0, 710, 0
LW: 0, 2, 709, 0
RW: 0, 0, 710, 0
LW: 0, 2, 709, 0
RW: 0, 0, 710, 0
LW: 0, 2, 709, 0
RW: 0, 0, 710, 0
LW: 0, 2, 709, 0
RW: 0, 0, 710, 0
LW: 0, 2, 709, 0
RW: 0, 0, 710, 0
LW: 0, 2, 709, 0
RW: 0, 0, 710, 0
LW: 0, 2, 709, 0
RW: 0, 0, 710, 0
LW: 0, 2, 709, 0
RW: 0, 0, 710, 0
LW: 0, 2, 709, 0
RW: 0, 0, 710, 0
LW: 0, 2, 709, 0
RW: 0, 0, 710, 0
LW: 0, 2, 709, 0
RW: 0, 0, 710, 0
LW: 0, 2, 709, 0
RW: 0, 0, 710, 0
LW: 0, 2, 709, 0
RW: 0, 0, 710, 0
LW: 0, 2, 709, 0
RW: 0, 0, 710, 0
LW: 0, 2, 709, 0
RW: 0, 0, 710, 0
LW: 0, 2, 709, 0
RW: 0, 0, 710, 0
LW: 0, 2, 709, 0
RW: 0, 0, 710, 0
LW: 0, 2, 709, 0
RW: 0, 0, 710, 0
LW: 0, 2, 709, 0
RW: 0, 0, 710, 0
LW: 0, 2, 709, 0
RW: 0, 0, 710, 0
LW: 0, 2, 709, 0
RW: 0, 0, 710, 0
LW: 0, 2, 709, 0
RW: 0, 0, 710, 0
LW: 0, 2, 709, 0
RW: 0, 0, 710, 0
LW: 0, 2, 709, 0
RW: 0, 0, 710, 0
LW: 0, 2, 709, 0
RW: 0, 0, 710, 0
LW: 0, 2, 709, 0
RW: 0, 0, 710, 0
LW: 0, 2, 709, 0
RW: 0, 0, 710, 0
LW: 0, 2, 709, 0
RW: 0, 0, 710, 0
LW: 0, 2, 709, 0
RW: 0, 0, 710, 0
LW: 0, 2, 709, 0
RW: 0, 0, 710, 0
LW: 0, 2, 709, 0
RW: 0, 0, 710, 0
LW: 0, 2, 709, 0
RW: 0, 0, 710, 0
LW: 0, 2, 709, 0
RW: 0, 0, 710, 0
LW: 0, 2, 709, 0
RW: 0, 0, 710, 0
LW: 0, 2, 709, 0
RW: 0, 0, 710, 0
LW: 0, 2, 709, 0
RW: 0, 0, 710, 0
LW: 0, 2, 709, 0
RW: 0, 0, 710, 0
LW: 0, 2, 709, 0
RW: 0, 0, 710, 0
LW: 0, 2, 709, 0
RW: 0, 0, 710, 0
LW: 0, 2, 709, 0
RW: 0, 0, 710, 0
LW: 0, 2, 709, 0
RW: 0, 0, 710, 0
LW: 0, 2, 709, 0
RW: 0, 0, 710, 0
LW: 0, 2, 709, 0
RW: 0, 0, 710, 0
LW: 0, 2, 709, 0
RW: 0, 0, 710, 0
LW: 0, 2, 709, 0
RW: 0, 0, 710, 0
LW: 0, 2, 709, 0
RW: 0, 0, 710, 0
LW: 0, 2, 709, 0
RW: 0, 0, 710, 0
LW: 0, 2, 709, 0
RW: 0, 0, 710, 0
LW: 0, 2, 709, 0
RW: 0, 0, 710, 0
LW: 0, 2, 709, 0
RW: 0, 0, 710, 0
LW: 0, 2, 709, 0
RW: 0, 0, 710, 0
LW: 0, 2, 709, 0
RW: 0, 0, 710, 0
LW: 0, 2, 709, 0
RW: 0, 0, 710, 0
LW: 0, 2, 709, 0
RW: 0, 0, 710, 0
LW: 0, 2, 709, 0
RW: 0, 0, 710, 0
LW: 0, 2, 709, 0
